id_cliente,prediccion
2,0.1401731658832395
3,0.06387638438656268
7,0.143891392224663
10,0.059791243553805544
11,0.15061676467729315
12,0.037038310141909565
14,0.1217583307677144
16,0.1323761220158515
25,0.1411190345152511
32,0.12114894761504132
38,0.12249372461116126
42,0.1600170235306497
63,0.12693672337468634
65,0.13606470990229866
70,0.13980054132228825
74,0.15772998591338275
76,0.1354670966348804
83,0.05356408014163364
90,0.07905003036165693
98,0.165943790501086
104,0.12499270529972357
121,0.06120853444364377
124,0.148876569309754
125,0.1682744551479628
137,0.1495232175225011
143,0.05887973684515468
144,0.1544318682539854
157,0.1449350623138534
163,0.12817075826281263
197,0.07431712544470676
203,0.16290280390598877
205,0.13603617209007346
209,0.039581825096239136
228,0.16910303751218467
231,0.1327617327622227
237,0.1523465999541818
243,0.0665330563316399
247,0.14341757463409469
249,0.060275774544446235
253,0.15255284670124492
261,0.12186539189287741
263,0.034182854246876615
275,0.04949048611623674
279,0.16969884036740757
280,0.1416435397923231
292,0.14008901350718975
297,0.13123689804700842
299,0.12864229448509742
302,0.053209534465798757
304,0.14423928371543554
308,0.2508070426573514
318,0.15232615590205853
319,0.16371452674466871
323,0.06392497274131966
325,0.14920144240895336
339,0.13977298266467983
340,0.1337587482977383
355,0.11720792938597789
359,0.1489870770528531
368,0.15362444783022527
371,0.1299818243826444
378,0.1377158801066206
390,0.1394000842716073
392,0.13560030833523887
409,0.12459074307966311
412,0.06476158250775084
420,0.15719942924691688
422,0.0894348947844225
428,0.1476106420215525
429,0.04900896601204833
430,0.1416566295283711
434,0.05769043290348872
437,0.15382721686871206
447,0.06055462342085394
464,0.05118066473943048
466,0.15987452629323404
468,0.21898630596967053
470,0.14707579151004577
473,0.13607718599458507
475,0.0582223214973085
476,0.14880893826824834
480,0.05263970235920573
483,0.1446657112829517
487,0.17436872075655163
495,0.15031625292129194
496,0.15488952991195218
499,0.1303609557286137
502,0.06439266814452183
504,0.1382407021858911
508,0.06319084502708348
514,0.12637971495303305
515,0.16663652573350038
538,0.1248723210558097
548,0.13621932856482077
551,0.1320820503333105
553,0.136504465072841
560,0.05438981669202828
564,0.13214295815764587
572,0.06265070290800666
577,0.039464842604913
578,0.2407238657037858
591,0.054840013404293904
593,0.1190397580614656
604,0.1295060764773178
606,0.14828349499890847
614,0.15616071209287077
616,0.05878909937710563
622,0.13139514890758347
626,0.058695747982033225
632,0.05728215512820825
637,0.053316318257646406
640,0.08424571322150953
647,0.11506537348732575
648,0.05950721901787384
653,0.14350323623777705
654,0.05340324992183457
659,0.15711501651443036
661,0.04160987821055633
670,0.059068617093436714
671,0.05625417357785817
673,0.12972341677644428
674,0.0871124118230379
682,0.1425377833580235
683,0.14876750603278802
687,0.14333270178109855
688,0.060087758571533145
689,0.1435328053307261
701,0.1326656247169219
705,0.14182834681959108
707,0.11549940355876981
710,0.1247508928480231
714,0.13123457845384426
716,0.12345301207526112
717,0.16026082077568926
729,0.0634861462251579
732,0.13157731558489202
734,0.15020010890657176
736,0.15245475984637333
742,0.05366098869003574
750,0.15066487535492606
764,0.1380932137871713
767,0.11371011666399673
768,0.13881149141087132
774,0.16597255197165942
777,0.056891456855741575
784,0.14630201197518136
785,0.14816119165923144
786,0.1329169268962235
787,0.23904082018357198
788,0.13594759623924602
790,0.15751861014118748
794,0.059074782241079954
796,0.13384008189391208
802,0.058471482874675317
812,0.13805607226346606
814,0.0539341848617688
816,0.057426481802717526
817,0.1404848213254026
834,0.13025737812536722
835,0.1441372845990035
836,0.12334143895542667
837,0.1312060249805228
840,0.04228539369122116
841,0.04531561840342387
854,0.04264895794173476
858,0.12943684349674245
859,0.057383799201025744
883,0.13351556134966314
887,0.05851353591799513
902,0.13766222745236864
913,0.13443463905724193
915,0.120769494350406
916,0.14600051466575556
917,0.12931596262552644
924,0.1286906245559742
929,0.1422256349394998
933,0.14849961566951775
936,0.14433830790433602
941,0.055181804261092336
946,0.06305449692361127
948,0.059916376980607054
952,0.13458974535921112
959,0.13018798554779953
963,0.13641005355348307
965,0.09259040366812238
970,0.15422188898833697
975,0.17378161161507577
979,0.13801920819066468
982,0.11845078529501597
986,0.038413231936170335
992,0.1500788367420406
1003,0.042863173323399735
1004,0.13475786242961252
1007,0.13875948556949128
1014,0.09140989221864282
1017,0.053164418414192206
1018,0.12604861058121933
1043,0.06327552602662641
1046,0.1445539844505114
1052,0.131281595025548
1061,0.05327099721832838
1063,0.1358979530415739
1064,0.14398132182933607
1067,0.1426054494382133
1070,0.08112210160201834
1075,0.05599094803485177
1105,0.05268446903045329
1116,0.2499965071615995
1117,0.17615670296892297
1123,0.1335941582176927
1125,0.1419851485459895
1132,0.12650854515316765
1160,0.050670603708906276
1161,0.15946541846782833
1165,0.062248328138297275
1171,0.24957049911180884
1181,0.07803774302147219
1185,0.14964045772410933
1197,0.16039081630107777
1202,0.14633433236041737
1205,0.041662754948853
1206,0.15575541244434551
1213,0.14898150289282147
1216,0.05764777403990582
1228,0.13270636318519125
1232,0.13757210891882027
1238,0.10627990476773536
1241,0.06312719319986741
1246,0.11658058473996526
1258,0.10799293694967864
1263,0.15882250467239672
1289,0.1375284940308306
1301,0.15529085123449798
1302,0.05580754604406237
1303,0.16144324009871744
1312,0.12428849355734979
1314,0.138952559039648
1322,0.0749883074221807
1326,0.061506138785093284
1328,0.06257876620826257
1334,0.13138226043625342
1336,0.13732498339964352
1337,0.056807719465679744
1338,0.12012481196657669
1340,0.14829660173028456
1361,0.1589443177900278
1365,0.17140454129823857
1368,0.28918820857050753
1370,0.07900676600868893
1378,0.14891898346957264
1381,0.1626132682144124
1388,0.14159474118923335
1393,0.13822903227489836
1395,0.11984397311689271
1400,0.12805511268030725
1404,0.061993297974961635
1405,0.06184203398741859
1411,0.14841137269265928
1414,0.14633462796362437
1415,0.039127442185238524
1420,0.11144234935599666
1425,0.07412506645639914
1434,0.18702235204641618
1453,0.16543953404148173
1455,0.2474146590317368
1460,0.16006421709028348
1465,0.2673484016872729
1474,0.15149534872845727
1475,0.03675262175049556
1476,0.0630752430135223
1477,0.1236373967050401
1489,0.08505838444040402
1495,0.13012922814611996
1496,0.06398043816814783
1501,0.13516017645069078
1504,0.05373097977088321
1506,0.14960773729129084
1516,0.14972077652133142
1535,0.07180562453323555
1541,0.05961549619484397
1546,0.054140101894336566
1552,0.05985455906743886
1558,0.14136721078871956
1559,0.12812116166000287
1564,0.11751563395288855
1566,0.1343386863719868
1567,0.18025696924057466
1573,0.17065008734361853
1576,0.06281478184979063
1577,0.060589443738126476
1578,0.10357987499006392
1586,0.13437687740516982
1587,0.07084677245465267
1589,0.14297190191444925
1591,0.12452079868520878
1592,0.0732684561830846
1598,0.05420955648781786
1602,0.16149233498071594
1604,0.06637169924675762
1606,0.05998480727193358
1614,0.04184983706728784
1615,0.21538649531072288
1619,0.13878180147107597
1623,0.14706232413838108
1631,0.14808121910162952
1639,0.05522224969996561
1648,0.035790899167924724
1659,0.13642048370311957
1669,0.14577981317978614
1673,0.1271879651318642
1678,0.13997911758213377
1682,0.24555896915211703
1683,0.13705787764036273
1692,0.13575263708252747
1693,0.16548341539919417
1695,0.14691659190757247
1698,0.15613545803745202
1706,0.2542056690423336
1709,0.1354818837969438
1710,0.16503556409125383
1719,0.12383072793020639
1720,0.04251678209975779
1726,0.13599563653722907
1730,0.12921868434533687
1732,0.1301865816438994
1733,0.13861104061655108
1736,0.07949035936558317
1743,0.14512960079536366
1751,0.13917994120363647
1752,0.1437157224799034
1754,0.1602364641884347
1756,0.044810970913481706
1760,0.11898617937663747
1765,0.06713196577973797
1776,0.13013543354298154
1778,0.04619032811522164
1779,0.14318835489323
1781,0.05620364000589617
1795,0.14474676038481274
1808,0.030615453919653462
1809,0.1534059207751117
1814,0.14219250418141513
1821,0.13726723883503267
1822,0.12209103232332968
1824,0.1453289245009857
1827,0.13291770983044607
1834,0.15362454922795696
1844,0.18791734552321615
1851,0.15079300469397897
1867,0.1514850972129602
1869,0.10881325151172977
1875,0.24335486704305398
1882,0.147357968547445
1897,0.14954210432182632
1910,0.14147052745578206
1917,0.144527400634881
1918,0.09382207254276857
1935,0.13911399804122135
1936,0.14991973120823143
1937,0.05515996877814657
1949,0.14348639825550502
1952,0.05134117732163327
1956,0.1367283610702882
1969,0.05346288254518206
1970,0.12429882140693366
1971,0.13727151941154145
1977,0.16379028037254179
1982,0.13807374668509698
1995,0.13262596811479094
2002,0.15494660871088417
2004,0.1399401973476833
2011,0.15860978893456043
2013,0.15575485600163236
2014,0.14069074172320084
2026,0.14590128961727725
2040,0.13560199263398257
2043,0.1407311589547807
2060,0.12943248320641224
2069,0.09395192879568275
2073,0.08918597337852179
2076,0.048467785354650406
2082,0.12912738547928831
2089,0.05368331924702858
2091,0.16471537962726526
2103,0.0641738383391624
2109,0.05972928306424832
2112,0.1378392382566305
2113,0.15800298465240672
2119,0.05746344887147616
2121,0.14216440380297898
2125,0.15794980512577506
2127,0.24537100906529555
2128,0.14627371033512593
2132,0.14979676401961783
2146,0.14715506393901442
2148,0.047251638486972135
2149,0.16989755496806327
2156,0.05912646737493025
2157,0.14510277121179505
2159,0.13535422988128792
2160,0.12966759448221324
2169,0.16208056257637318
2170,0.06382284767045164
2186,0.06368908892212062
2188,0.05733421112405499
2190,0.121673407265412
2203,0.11126109683607133
2204,0.1478594923689752
2205,0.16622788837232452
2207,0.14296554758352015
2209,0.05909035965866163
2211,0.09456460979115834
2220,0.05709896950852598
2226,0.14741612343801178
2229,0.13179730761032443
2234,0.13086636886136868
2237,0.1553646761984523
2240,0.13370716480226208
2249,0.06025553512404112
2252,0.14941471129671
2264,0.16748714759447045
2269,0.1422887175412383
2272,0.057587509533056795
2283,0.1255165838129154
2284,0.15057472346732348
2287,0.16695977456607825
2290,0.12249782466188162
2298,0.05782546141788405
2328,0.13411916710632296
2329,0.1678589764026239
2330,0.17022133534268183
2336,0.14278328154215306
2338,0.14477527216047847
2341,0.2149886612093326
2353,0.16581672927919153
2356,0.04486797518831761
2366,0.13063006553645085
2401,0.12335733669844258
2404,0.060070139126367765
2408,0.12167745151306934
2409,0.13864999581834167
2410,0.1445291708184462
2421,0.2661051812450004
2425,0.1433086420200444
2427,0.17557746342244393
2429,0.14550363199597827
2432,0.14221377571875435
2435,0.1270567423920813
2436,0.12082823318494366
2447,0.12704782925430272
2449,0.05407225498281132
2454,0.060788612168766944
2460,0.043178226614779595
2472,0.14123107550811034
2479,0.12396919636180481
2483,0.1453733145965659
2484,0.14557920141349823
2492,0.16333653226382572
2493,0.06004182054472789
2495,0.13707339602533683
2498,0.192216856118125
2501,0.13110832370867873
2510,0.13460994382032615
2512,0.04362686054941511
2516,0.04351349518043977
2517,0.13689991443520083
2538,0.038705389564614896
2561,0.14307915020785447
2563,0.12610179203480099
2567,0.13969022627551367
2569,0.0892840047867528
2576,0.13068219791084673
2588,0.1476240801538851
2592,0.04857862523514281
2593,0.145415424916594
2604,0.1248153443519233
2613,0.1221318451244836
2620,0.12920751812206185
2626,0.062672408944616
2629,0.062207779948111074
2634,0.059924454669863965
2637,0.15450150820810207
2649,0.15709493752138448
2653,0.17605011840363405
2661,0.13913280458865343
2662,0.09644297467941393
2668,0.09397710523776968
2684,0.1331445131740533
2686,0.1352693791423022
2706,0.12801462613282144
2709,0.12908407869353009
2710,0.1329011000246695
2712,0.08929770963141803
2717,0.12380008210484049
2718,0.14480285602471235
2720,0.11850174481085458
2726,0.15020042527779418
2732,0.14552570701028844
2735,0.158590939182142
2736,0.12623353851456529
2754,0.12558437122379867
2755,0.05823587530716388
2758,0.14275835205577336
2759,0.06291224368011795
2768,0.15642109932290932
2769,0.16370700527893076
2770,0.1507355183883118
2776,0.05403087172637727
2779,0.21982540353097624
2790,0.05680888318608218
2794,0.12750043283209467
2796,0.04319012358631875
2801,0.13843276662585066
2810,0.08687439707052709
2813,0.15821267550163334
2820,0.14159804769949882
2822,0.159028223775619
2830,0.1542521932866245
2831,0.14413164465000636
2835,0.1468072388317413
2837,0.15364844976872252
2852,0.14877137449894548
2861,0.12650432656045665
2864,0.0532689929456775
2869,0.05300773161791835
2870,0.34599030859338936
2883,0.03837466134295164
2890,0.05731468700312628
2892,0.05612989192825654
2895,0.16857732273982765
2908,0.16143160621689737
2911,0.04679744930180053
2918,0.127220619480944
2931,0.16094172327500833
2936,0.14313410711418684
2938,0.229399007312598
2940,0.15651736433461969
2942,0.12999846331277035
2943,0.03843241849545869
2945,0.16736256535188918
2949,0.06056045993895263
2959,0.1468854777077833
2966,0.15467042135981138
2969,0.14762355426217788
2970,0.1309277759859103
2975,0.1276468567770617
2976,0.14423576337399213
2987,0.1265445545010843
2993,0.06226207187830865
2995,0.06115422477750784
2998,0.05729831660341717
3002,0.14369567634634997
3004,0.12926782583819071
3008,0.15606275830784253
3010,0.1520760586402544
3019,0.06521023849159739
3027,0.05917304904548015
3030,0.1717191277501772
3031,0.1562688698560291
3037,0.14802007869212744
3038,0.1204518361718977
3039,0.060684103678585934
3043,0.13220485067682797
3048,0.05666052428361501
3049,0.13181319943675085
3053,0.055539507129398126
3054,0.06256466545228535
3056,0.11010999564704628
3069,0.2547959229511236
3071,0.1579389451720452
3072,0.15248100873843537
3075,0.14877568231828112
3078,0.13791154707872594
3080,0.1197457747113968
3104,0.15447172764149927
3109,0.15637538439438128
3126,0.07794469272506335
3137,0.056528796065096885
3139,0.11492186246640797
3142,0.14467667188164487
3147,0.06053874664220296
3168,0.11876614153090163
3169,0.14835447060982201
3172,0.12227155173514888
3174,0.14359637800504457
3178,0.1694643423056926
3179,0.06064420649331518
3181,0.11706758462047794
3190,0.14064833835555512
3192,0.14576148958099233
3196,0.15954714909561807
3197,0.16866649411826085
3206,0.16063851282116892
3208,0.037799334785447315
3210,0.11016974918164228
3214,0.23817293383416294
3220,0.07757370164424492
3228,0.05947599336165065
3232,0.12322132154727011
3247,0.13728058478885688
3253,0.06473155238340522
3256,0.057204232951677834
3257,0.12831024770017982
3262,0.09705971084743992
3269,0.050546082750179154
3276,0.06300416906933656
3279,0.2615907006518446
3282,0.08983956714007274
3284,0.06417115381042758
3285,0.14464981709224514
3295,0.13853249828688538
3297,0.08173099811694927
3298,0.11728841522723721
3311,0.05545206078414854
3313,0.149275410669234
3321,0.1199706421343878
3325,0.12471842881909447
3329,0.21503395937099748
3345,0.16764545613705573
3347,0.1163850079375922
3349,0.13860012104570543
3350,0.10361964148561947
3354,0.1441342250454742
3356,0.24311560945534508
3363,0.11828804377649905
3372,0.1126116789171905
3376,0.12762540887167903
3380,0.1223737465681823
3383,0.13787465449940883
3385,0.14099433147322693
3387,0.14373757942972984
3395,0.05862639975114816
3396,0.05497182759578873
3397,0.12043029794339488
3411,0.06820522272053302
3413,0.05542288487570504
3415,0.08916920367389523
3444,0.1442893754404446
3446,0.15088895711494232
3447,0.05989211409568567
3448,0.11321326688609062
3454,0.06164433120961701
3466,0.1350457677710674
3471,0.15365811116257097
3474,0.058154750209027994
3488,0.14091329761338847
3496,0.06615382557118456
3498,0.15429052254510833
3508,0.1327796532337447
3511,0.05914476596362015
3514,0.07164184443266639
3524,0.06540369851612136
3526,0.12854429656737829
3529,0.0393673892731008
3552,0.04176865655818369
3561,0.060212746089446954
3564,0.2123188841741025
3566,0.055575586916151797
3576,0.15136422744069492
3581,0.059341087221152417
3582,0.14424843912450658
3583,0.2521645585576898
3587,0.13677403526102153
3589,0.14889188652147067
3590,0.09665775707158968
3592,0.15356307207529749
3594,0.05701853825754368
3598,0.13382546328209263
3605,0.16060518348363628
3608,0.16912320527952693
3610,0.15459111416521834
3619,0.13993144299612126
3622,0.12383307236295456
3623,0.19120843008967028
3628,0.135564145171237
3629,0.14677862568183367
3647,0.05197045679293496
3653,0.1549713526488357
3657,0.16322061703268434
3658,0.09008210893457769
3661,0.04100716493253239
3665,0.1404201969292086
3668,0.05578684413853783
3670,0.08038178173035591
3672,0.03734904133335684
3675,0.09067458270454037
3680,0.03969835779661244
3697,0.06116007348849739
3698,0.03362306037438637
3699,0.14302074851835625
3703,0.04862320437840867
3711,0.13959486504708582
3712,0.16434047522734585
3716,0.13866902436081782
3717,0.15501628215366783
3721,0.1578714800311962
3726,0.14688375162659514
3735,0.16156559140220794
3736,0.25232061378920156
3740,0.12893391365767246
3748,0.09822463117474585
3751,0.07956381796446317
3753,0.08445463791358156
3754,0.08006211667798802
3755,0.05932812544373759
3764,0.12192222033721982
3768,0.14984491914412512
3781,0.13121570386229942
3782,0.16668772569614068
3787,0.06315066023404788
3800,0.12631250330944863
3804,0.060808797156157925
3820,0.16990505605576647
3821,0.16118402391645326
3824,0.08168445006816882
3825,0.13871388463385276
3826,0.1766856448710478
3831,0.12304033310935551
3834,0.1366029099369269
3835,0.13661365300907477
3836,0.12268470734345134
3840,0.08212459822005351
3841,0.16462136266544494
3848,0.17938258017910566
3863,0.1581243784317318
3869,0.12375167915460865
3875,0.13304884524971478
3877,0.25338267730703845
3878,0.14590310071630905
3879,0.16268195330641885
3881,0.16681318692985173
3882,0.05298072089970299
3887,0.13820448172520766
3890,0.13204094421084325
3904,0.03816317322580415
3905,0.2645586838877763
3908,0.13184056436058497
3917,0.17275027729440282
3927,0.147075919152419
3931,0.16338596478633313
3938,0.1458424112847865
3944,0.15210144110281815
3947,0.12264841668020339
3950,0.15082484258629708
3971,0.12380065728201606
3982,0.06692391942604771
3991,0.040796220924428014
3992,0.13059583118959203
3997,0.09568241907622028
4005,0.05518702640494283
4008,0.12774175971530066
4016,0.058709480561033124
4018,0.14009364587082218
4020,0.17061085005570076
4027,0.06563184539279095
4038,0.1266713651967353
4045,0.1264664220263995
4048,0.14419325158026394
4051,0.11736471517112972
4054,0.1415575293136688
4055,0.12786925809420413
4065,0.12653774390983033
4066,0.1388155452734632
4073,0.09738874433181449
4079,0.05661273391925261
4084,0.11526209816198522
4087,0.18201716110431002
4089,0.05174762260360535
4091,0.23650046781896195
4092,0.12892862065501828
4102,0.24916889580840143
4108,0.16797989867968796
4113,0.159228159261314
4116,0.1475441456401234
4117,0.051956233642487394
4124,0.14312501461454055
4125,0.1389807986995918
4128,0.14262208756241815
4129,0.14869502200436102
4130,0.13705780458991065
4134,0.1438667507766217
4144,0.13510005471503603
4147,0.22213470199398647
4150,0.06068527691966474
4158,0.15278294415874527
4162,0.13327542622469404
4163,0.12489696428359709
4166,0.03904831462910766
4167,0.13205763524165584
4168,0.13461082399919574
4175,0.04045074887956663
4179,0.06858685338052885
4180,0.15499675705701596
4189,0.13467896063499915
4192,0.16874976897487634
4195,0.13945291252377293
4197,0.1551239034208306
4198,0.14811815469028317
4202,0.12322288134192132
4208,0.13355740796523952
4222,0.14741696898192666
4225,0.038800126131538624
4227,0.146209949309884
4229,0.13109212073101095
4230,0.14155776717026816
4244,0.235983322580399
4247,0.13167539872996323
4249,0.14858279343502948
4258,0.14182004236697104
4266,0.1608744011772394
4283,0.09013412162119615
4286,0.11763238836241091
4287,0.13244690840381493
4289,0.09241735309208175
4291,0.15514789101615262
4292,0.14696886263525277
4296,0.05738873536715102
4309,0.039742512774498494
4323,0.14317929300246762
4324,0.1503930129023977
4327,0.10804781897475922
4328,0.14970237866520025
4330,0.061755120486804205
4334,0.047965597656201946
4338,0.058306151187948525
4341,0.1636359106322038
4343,0.22022448638262918
4349,0.05826016700556027
4366,0.11551088791009544
4367,0.05859867521340411
4373,0.09944681709715288
4374,0.17706236204100181
4384,0.15707877395848935
4390,0.13953162911476946
4403,0.13555463959332859
4409,0.09217493912047371
4419,0.15234948818610203
4427,0.11438442127984454
4428,0.15323531139998955
4429,0.14821602342635962
4430,0.04626065830326872
4431,0.13222289292221798
4433,0.060420494374334645
4434,0.13501130082075244
4442,0.04788455131167676
4444,0.12864275399472805
4456,0.06441556228834949
4457,0.13260741612193577
4459,0.12951920869922953
4463,0.1509791170875981
4465,0.1475050700330041
4466,0.06722102401975316
4469,0.07020588072322015
4486,0.12369370552967988
4488,0.14405511507812466
4490,0.13916752216531217
4492,0.14177427731601103
4500,0.061337505496359274
4502,0.14505556127797267
4507,0.13966891147717012
4511,0.1349528393989807
4512,0.1212962857212576
4516,0.12934022252534566
4520,0.13336870061170836
4536,0.09290500779461065
4538,0.05468625775191579
4549,0.05930927722463932
4554,0.13628825982149503
4561,0.16069363780949972
4564,0.11488593222155297
4566,0.1341206810398122
4568,0.15891514254499814
4580,0.14658379923445788
4586,0.05663223636633876
4594,0.1466352564337937
4598,0.12561817610989898
4602,0.14157082835869073
4609,0.1508629163455898
4610,0.11951634659666414
4611,0.12088664191006682
4619,0.14649793404309885
4624,0.15245245255834283
4627,0.13524434656541934
4631,0.12706952809546598
4632,0.1528895806766751
4635,0.06325385137705321
4637,0.14981846305787924
4641,0.14406684875809556
4643,0.062059091810534484
4660,0.036165486568352084
4665,0.15607588329941582
4667,0.044762334221748266
4668,0.1349717392792056
4670,0.13854572844915575
4674,0.05545202318612885
4676,0.14422025168016148
4683,0.17307442629134281
4684,0.060808655580469946
4687,0.12886399516300157
4704,0.13568617682173978
4706,0.15382900176242162
4732,0.15356461267608357
4734,0.16677855189332388
4735,0.12383939931186976
4744,0.060051598093367096
4755,0.11801053238880937
4759,0.05730727773579897
4762,0.057877074743711954
4765,0.16232781011484923
4767,0.13944591671000195
4775,0.14474475978366855
4780,0.15219831406689113
4789,0.13190806421088375
4794,0.1559618570791018
4795,0.1324871607906908
4797,0.13473130877880438
4803,0.0575052399196114
4810,0.15446339690086783
4812,0.16779398594194816
4814,0.13087307309243945
4818,0.12602333383517114
4820,0.05894103430807113
4822,0.13987014767607908
4827,0.08849783973811941
4828,0.06401784553887928
4831,0.041371377469736126
4839,0.16111887755348495
4841,0.13178178833964435
4842,0.04288992078946705
4844,0.1345469910293731
4852,0.05150573894241723
4861,0.06771834240364404
4863,0.22685468109799967
4878,0.13537701249356945
4881,0.12651209299319302
4883,0.1529184154738658
4884,0.13536868505000518
4890,0.13616875125950476
4894,0.039557552967854716
4895,0.1603756845983811
4898,0.13053077899284418
4899,0.04925884365550757
4901,0.06236990089748543
4902,0.044387084877908656
4919,0.12490460204307073
4934,0.06115147366543377
4937,0.1266525551285559
4939,0.05433345127782602
4945,0.04533473225275978
4952,0.11717377284918136
4953,0.15120002500115035
4954,0.1221448653920801
4955,0.12407897948857065
4967,0.05922459291271739
4970,0.15091520058932853
4979,0.13992000851071482
4983,0.13778442630830753
4989,0.10849967923943789
4995,0.1350645960938974
5004,0.16830126326499628
5007,0.15696684814653872
5009,0.057494789527513336
5010,0.12449495403186273
5016,0.13741579070668522
5033,0.05947565645111618
5038,0.03616323795359943
5045,0.08734120615404
5049,0.05763946932268298
5051,0.0526938637455609
5055,0.13708988968941704
5058,0.06369155869096331
5059,0.0591461162602832
5073,0.1460994412308602
5074,0.2385470671311386
5076,0.1422440672981802
5078,0.058349315057395296
5081,0.12636980475770285
5082,0.13511515622918777
5084,0.037488506701395
5105,0.14058450874533904
5107,0.13757079027529476
5111,0.07594400739801532
5120,0.03918685287266179
5121,0.11547135392637242
5123,0.13809738672956973
5141,0.13270051634953647
5144,0.14390212364177304
5147,0.15803182833969606
5149,0.03590210210376541
5152,0.04104907687238566
5160,0.13103316003893492
5170,0.14225753206965144
5171,0.15125401422113047
5176,0.16264471240549758
5178,0.1757864081240593
5192,0.05161808254141239
5195,0.07139382681387643
5204,0.1413874543284774
5208,0.13765919603050314
5211,0.09091485494380151
5216,0.04271946510094907
5217,0.14822235396439795
5225,0.14134334567853057
5228,0.1766153527525808
5239,0.04426826074003153
5241,0.06256546760075067
5243,0.15650221672598874
5246,0.15449089531112523
5247,0.1694191666695791
5249,0.05887440847371681
5251,0.16926829563796378
5255,0.1476679499262774
5257,0.15318937812748876
5259,0.07595086228903704
5260,0.15275017978419528
5269,0.15139637027111236
5281,0.14563417730504244
5284,0.1613378922950462
5286,0.0675598625262973
5292,0.060512494331496726
5293,0.14028125370799396
5299,0.1290673301986162
5301,0.12647470878538972
5303,0.10438046619126255
5305,0.14188015615309424
5319,0.08904003449135138
5325,0.05600401490696701
5331,0.13361433870355818
5333,0.09118656556153253
5335,0.14277746274872952
5339,0.09360028750493182
5340,0.11826858631362641
5341,0.13172813110980922
5343,0.09059944335934167
5347,0.16302275253682014
5353,0.13485845609287114
5355,0.13145296083331878
5363,0.14582953827514708
5365,0.16460009517049135
5373,0.12879461372006584
5377,0.14957636891284784
5379,0.06368021450711474
5385,0.14340083836765774
5386,0.05460210031124275
5387,0.13842816625358484
5389,0.042438761348577124
5390,0.0679471770931142
5396,0.06112016227727801
5397,0.03892087289868545
5404,0.1372320221402889
5407,0.14820028582753061
5410,0.03477987402561055
5411,0.057455107504023106
5412,0.12309816226373387
5413,0.050423716964104214
5418,0.16209761536889375
5424,0.12826402806715656
5427,0.16092173453226882
5428,0.13363596739442182
5433,0.15108849096769458
5441,0.15515943863403553
5448,0.1257427158604392
5456,0.145414656160856
5460,0.04643941353134737
5465,0.1576061001756337
5468,0.06399936833840768
5470,0.15411977291155216
5475,0.12387335899942768
5487,0.15617808149962914
5501,0.058241363216618
5504,0.12693418994656022
5508,0.1311336444701541
5510,0.09435902582613002
5514,0.054574149997064114
5528,0.14910516677970623
5540,0.12191619812607696
5543,0.12460933912542706
5545,0.12752584583593848
5546,0.13653022696859776
5548,0.05883978200662069
5551,0.2579358254722243
5553,0.13283029750004813
5556,0.13690456487380512
5560,0.13604119926073252
5563,0.13614808955159677
5569,0.0433666273052788
5572,0.05879052914084643
5576,0.05816862816727387
5582,0.14089477942115847
5586,0.05915709996847437
5598,0.05508138548656921
5605,0.13861665035321127
5608,0.13881995013386716
5610,0.13396316052080423
5622,0.07399614984074071
5628,0.160278643187322
5632,0.1403175319661201
5640,0.058301885497730445
5641,0.08077693055409842
5647,0.0541862155120838
5654,0.17412515982101406
5665,0.14869259615932315
5667,0.1561792571337042
5674,0.07493437146858846
5691,0.14246552309964597
5694,0.14835680634718929
5706,0.14196528909116518
5716,0.06941977789157334
5722,0.059868256058423136
5738,0.15900591892921298
5745,0.1404461861157181
5746,0.09661238498551032
5755,0.14668392110279285
5756,0.03817609244569419
5760,0.14383586697499698
5761,0.14638604630643062
5762,0.0609156688474089
5763,0.05511452558283564
5765,0.15813877729206763
5773,0.1425298212195017
5781,0.1357788895077324
5786,0.1445733839092065
5789,0.15085584906862923
5802,0.12551624516809115
5808,0.143639428203897
5811,0.12240051400729045
5812,0.2305291714258252
5813,0.12935901449893342
5821,0.15669312187121978
5829,0.1648081712388584
5838,0.14641105346977354
5842,0.17340056793251601
5861,0.1342766119540771
5864,0.13814290803945953
5871,0.1476946262219571
5875,0.14437423454507414
5879,0.14918137751399843
5881,0.14731188258161945
5891,0.05721381709280673
5903,0.04432068631771707
5909,0.1438325595071707
5914,0.17713907698756579
5918,0.1278774955506717
5933,0.05862876507351287
5945,0.05705408847618534
5948,0.06036718351347439
5949,0.03972245057687548
5950,0.14420797047318276
5952,0.1538600116865455
5955,0.1511870482387662
5959,0.16646962708980104
5961,0.14328881174600064
5964,0.05110064905260589
5966,0.17266309520597214
5978,0.14507624550035897
5980,0.13340045166359757
5983,0.15653813627855973
5985,0.12843071399326456
5995,0.14488565401876716
6009,0.15027559442798596
6016,0.08069220853353572
6021,0.1414996446365838
6023,0.1095612578318912
6029,0.14985532045664393
6033,0.14191239196512895
6036,0.0422137204596986
6039,0.1329156151800942
6046,0.20187743487287266
6047,0.11237486671669739
6051,0.12866579536455694
6054,0.05587659257145533
6061,0.15768496993839576
6065,0.11862516892350757
6068,0.11918296145850911
6069,0.22692110982776215
6070,0.15466122428604173
6072,0.10151040621050517
6076,0.13397551815149952
6082,0.06120114495346054
6104,0.14301319307186108
6110,0.1333947504263999
6122,0.13278805771393046
6123,0.15536295194480784
6126,0.05321563986923931
6128,0.13956677989058955
6131,0.06047851867089451
6139,0.11926363167694538
6140,0.15019511252742382
6142,0.23278119898195984
6143,0.08123802961688543
6147,0.14111316154402848
6152,0.17569489540633834
6164,0.13409111619358374
6171,0.17519401923268574
6173,0.1511168740362395
6175,0.1731861320722203
6176,0.04006992043616747
6179,0.14263692920834967
6181,0.12695194216528258
6191,0.0708282105986354
6200,0.12297608037768452
6201,0.14752045730168886
6208,0.15512383323619364
6219,0.14881426290234376
6223,0.0597397008824504
6224,0.1497340417324413
6237,0.0741585472640916
6255,0.12416672486143572
6265,0.1417634768655814
6273,0.12360635800050261
6279,0.12605487146890823
6284,0.14488691893476785
6295,0.13446555417581868
6306,0.042683775967820005
6311,0.22752611231964548
6327,0.1113589782594714
6330,0.13850654723436887
6338,0.14342506718342493
6343,0.16327355635979782
6345,0.2498456081659126
6351,0.12931838730646913
6357,0.04332264844069092
6360,0.12865937295011295
6389,0.0606210104721622
6392,0.1463458819774878
6404,0.13901432682125334
6406,0.057836985432388306
6407,0.1428499016297915
6414,0.06761646615821064
6419,0.14037274712326409
6425,0.13288837987765
6428,0.05632391848587609
6431,0.12932426685500514
6435,0.13576451949880497
6436,0.05769355581543117
6440,0.10754672522117918
6446,0.14003319056940536
6465,0.12832343345116212
6473,0.137051457915389
6476,0.05971734719083438
6477,0.11207020985185412
6478,0.15486729679382585
6494,0.10485384437009289
6501,0.16051890524737802
6502,0.20570095292182097
6503,0.12987498809026216
6514,0.0424381270453435
6516,0.12423055975039277
6534,0.15156902470655434
6541,0.05468703448415727
6553,0.14368084170106954
6557,0.12047275104383426
6559,0.13980517344164234
6560,0.1789573557973165
6562,0.13661400109236718
6575,0.15143289687656106
6583,0.04166088677270436
6588,0.14960846009459747
6590,0.08495837216561221
6594,0.0964183089712984
6602,0.14811820102408849
6603,0.1428552250011457
6606,0.11112748896989298
6614,0.14912557401609708
6618,0.12014933376342367
6628,0.1364917205681974
6633,0.05971636596425139
6639,0.12080496123870049
6648,0.14921350043396378
6654,0.12112845027587933
6656,0.053706274142111786
6657,0.18161887718880868
6663,0.03871940205839097
6664,0.11875814535558837
6666,0.035567223517644034
6670,0.12853068668754497
6671,0.09877161775998951
6683,0.06285261053233238
6694,0.13521713994111503
6695,0.14729817930052433
6699,0.1444297027398518
6701,0.14061961408529983
6706,0.03606577256636732
6707,0.03977221621580083
6720,0.11420052121993103
6721,0.06405890134540566
6726,0.16379340294426106
6735,0.13336186426559898
6745,0.15180882675360405
6746,0.12058592102043025
6751,0.03647738026090063
6759,0.1611044195169599
6760,0.09761430929257713
6765,0.1268830188964569
6774,0.05970663333933703
6776,0.14385883108925637
6779,0.14035516311367646
6789,0.12394522265364694
6792,0.2555989957322873
6797,0.04194174808406239
6807,0.15042872289533962
6808,0.14881476431561177
6811,0.15054606149336525
6813,0.06182238610457894
6814,0.1394990789895667
6817,0.1362250197982424
6826,0.13638040372159047
6830,0.06237630348107126
6832,0.15600538827728908
6838,0.18238518814827578
6840,0.12268500374346279
6850,0.12039283133535676
6851,0.13321667550302288
6854,0.2309582338585214
6856,0.19140601386405787
6858,0.08815831205084618
6866,0.12653598007997804
6871,0.15459912331679615
6872,0.1308717465074072
6879,0.14536872972979695
6881,0.055877390628363575
6882,0.1485661486558135
6883,0.14516606245539973
6894,0.15901726412552808
6899,0.057777495237267294
6903,0.15030523523089956
6908,0.1553604798265553
6914,0.15894853391663485
6915,0.14688583611819364
6917,0.14885657529256371
6922,0.05045342170744028
6933,0.06383819195617438
6944,0.12480920970612203
6948,0.150688532963663
6957,0.12017514220664775
6964,0.13626943728816418
6987,0.12423434300904422
6989,0.045061604668109385
6991,0.13253099591335382
6992,0.09223899138446294
7019,0.11838560664598079
7021,0.06301142110027966
7023,0.13539749070427742
7033,0.06402145715277725
7034,0.12876812504268698
7043,0.13031808503723372
7047,0.12267286878263245
7050,0.12439961451564102
7057,0.08422005661128917
7069,0.06410493889652269
7070,0.0645617269117196
7072,0.15895099071359398
7081,0.12054371450812783
7082,0.05941861463815908
7088,0.1420423122809582
7093,0.1536013938751508
7100,0.14866110388165898
7104,0.08762015660935259
7109,0.05622359041236576
7111,0.1516543520553003
7113,0.0363037536089788
7119,0.12676775633811022
7122,0.05504617414917001
7134,0.2643958955546117
7147,0.06542359051225953
7155,0.14016379550651925
7156,0.14863517128382905
7163,0.26762692956487355
7173,0.07702638760943019
7177,0.13540990015718615
7179,0.16640690190877142
7191,0.15435661732354705
7196,0.1678393535487266
7197,0.038921996415220456
7205,0.05343101409079726
7209,0.06086913931156981
7215,0.06473291716158604
7216,0.10163066042170193
7217,0.14310707437128392
7224,0.13747497661749408
7230,0.14142564215677975
7235,0.17086814313891943
7237,0.16851938090653765
7245,0.14831939488997004
7246,0.12522841738976467
7252,0.0644601667010529
7257,0.12974532047567397
7258,0.13174509900617726
7261,0.09537826643215301
7269,0.14058253363482082
7270,0.13640599493984218
7283,0.1517750579475233
7299,0.13157165091983972
7301,0.05568584350962117
7304,0.13588424883356925
7311,0.15231235006579133
7314,0.1518739779145156
7332,0.1378157792079702
7333,0.15649879617798818
7335,0.1423703625870946
7336,0.06723279173122267
7337,0.1667416551376734
7344,0.13342753091730072
7348,0.14697410927247598
7351,0.12903550427116375
7352,0.06370830151183471
7371,0.1291418423350905
7373,0.13843844804090172
7376,0.08832476727439777
7383,0.23863945828345523
7390,0.04390269629025987
7391,0.06782422803104023
7392,0.13525191603302925
7395,0.05368053701554901
7400,0.1390364737047032
7403,0.13747286319171637
7404,0.12564908726794174
7414,0.12390780350812212
7429,0.1448433809410527
7435,0.14436386725515138
7436,0.13359822359685036
7438,0.12165989626694255
7441,0.03852332409758686
7443,0.268533689929973
7444,0.18855261425375888
7452,0.07973254685138498
7456,0.12134163394575391
7462,0.07892352674705415
7483,0.10319182534121278
7490,0.15654605808483232
7492,0.14130497966959985
7504,0.06697099023154225
7507,0.13500997363002498
7511,0.056008999972984454
7519,0.1397247592054722
7520,0.27895517183518653
7522,0.0560677894239478
7530,0.05379637727119632
7536,0.14778646830584566
7541,0.13754181001907928
7543,0.05828727036647718
7545,0.13652338872798528
7558,0.16481475967581746
7560,0.1426175102173092
7561,0.1334709653455184
7571,0.13387083855395357
7579,0.13146229876700966
7580,0.1017318238838895
7581,0.14409675798392563
7586,0.14029992810628364
7590,0.16300359293008973
7592,0.14281535185568792
7594,0.13626350947285928
7595,0.1619159505438744
7601,0.12859430172694228
7602,0.1434367420298223
7603,0.13902443129699796
7611,0.13590171231818346
7617,0.04453755967729787
7618,0.16490684826885385
7619,0.13660761709007868
7625,0.05660132145915319
7628,0.13140811316815212
7630,0.04813306299618195
7631,0.053473300373922096
7633,0.15562673242076167
7634,0.1262456368521211
7641,0.17499894510691572
7642,0.15716744927152496
7646,0.10414154813962306
7662,0.15389857859520759
7666,0.1387480690106596
7674,0.1149547514696117
7676,0.11268426341931076
7679,0.1538690362446293
7681,0.1409245939259133
7686,0.06021869408914754
7696,0.17773957355297942
7707,0.06020593919862504
7708,0.03856776329096172
7712,0.041227030939078674
7715,0.13328802249293478
7716,0.06903991207873983
7717,0.1735724395030238
7719,0.055789755984060684
7723,0.07075632488289427
7726,0.1479017302647724
7734,0.17500985016499593
7739,0.0792801847189013
7743,0.128314627447806
7751,0.058213607296580226
7752,0.14942603904805687
7755,0.13507988579156097
7758,0.053355920239690525
7761,0.13967735608575674
7767,0.05535105952514885
7773,0.12078870094253087
7779,0.06654721876382495
7785,0.06587427191522664
7792,0.06321932127045858
7800,0.1368265947370176
7801,0.10660642678398224
7802,0.11065454622277633
7808,0.16660385242086706
7811,0.13125482774622085
7816,0.059369312824518385
7822,0.06603410122346627
7823,0.06330197237882536
7832,0.13321751267663587
7833,0.14438115916950997
7838,0.06386165696403419
7840,0.13379535252040312
7857,0.1294372568427342
7877,0.05578598330928094
7885,0.23035282353997574
7900,0.13746651698603352
7907,0.14082905958528316
7910,0.054529250063318345
7918,0.15782502894282194
7919,0.07128560478805314
7928,0.1358407635663379
7933,0.15792535148475736
7941,0.1394778196760216
7947,0.07676283187796192
7955,0.14285709130918153
7956,0.14815444834935737
7957,0.12831580118157432
7964,0.14943034733103988
7968,0.13493075141645886
7980,0.05976955375294465
8004,0.26374281439342234
8016,0.14354722355124025
8017,0.05405683517106763
8024,0.16554526403685108
8031,0.1298636075798887
8032,0.05985113112708377
8035,0.13170147430646176
8036,0.13430746884835146
8037,0.056733102254520364
8052,0.14195651383766414
8055,0.05599037802404519
8059,0.14538396926859046
8063,0.1342104052321917
8064,0.13392304787203244
8068,0.12944085656144735
8070,0.06316446684541836
8072,0.13615143208591576
8085,0.14587146303196993
8089,0.13699125721215225
8097,0.053434328313985695
8100,0.1389306226614396
8102,0.16266691733876004
8105,0.06528665501980542
8114,0.12048513500216755
8117,0.13194320779506116
8120,0.12612585538557744
8126,0.12907439760711703
8128,0.0646051832896038
8135,0.062150707516809546
8137,0.1346382017487536
8148,0.09870170939515699
8169,0.05719375299282196
8173,0.057528422176022886
8178,0.14010113778424024
8179,0.19542088410815137
8182,0.0403628704302
8184,0.11240147204936017
8186,0.13976001897016976
8189,0.13757981653849463
8196,0.1492530037211334
8216,0.1500525086932191
8219,0.13746417499703623
8221,0.12889610431967946
8227,0.06348046127276251
8232,0.13397060287474424
8245,0.1305129158732166
8248,0.1343998998093426
8249,0.14579196648804355
8250,0.14354637335683157
8256,0.055329169460709725
8258,0.14950148860931725
8259,0.0349261398477179
8268,0.13560693989628078
8271,0.12776561588692387
8273,0.1488514812678007
8275,0.13797800954414005
8277,0.14460186535318853
8283,0.13513174852684737
8288,0.057727091809242424
8299,0.05634747903994979
8300,0.13032500857135446
8301,0.056587555006730884
8307,0.15744178791147495
8315,0.14766725427049296
8324,0.10038294030343708
8326,0.13920021374663705
8351,0.0594467783332211
8367,0.0412507679925516
8368,0.1528954401825376
8371,0.17416933377249247
8383,0.12342826638263067
8386,0.15310036713790207
8402,0.05645700078624443
8404,0.14090585267099745
8421,0.15883768587237643
8422,0.06003237304064313
8425,0.15241033166545578
8429,0.12456729896487023
8433,0.15176203658163107
8437,0.12632978254355207
8440,0.053139670613017366
8455,0.16567022508405516
8479,0.17597704251353588
8482,0.056188173242302575
8485,0.1573711780181915
8489,0.06173423037057998
8490,0.037954443820731924
8492,0.05794944233996319
8496,0.1391090280456451
8497,0.15594473054673222
8498,0.14070883479560783
8500,0.14868041348283317
8501,0.15184151737934928
8508,0.15336772631537066
8512,0.17379249342341532
8522,0.16591787892041707
8536,0.04114965654892205
8545,0.13937741014889873
8546,0.12405629023173241
8554,0.14281002462357298
8556,0.12656045313207945
8557,0.14895859876162604
8559,0.13274287559437986
8560,0.1384939559592572
8563,0.13256690022716452
8565,0.14434724418945818
8574,0.11443008496679152
8578,0.059753483458480416
8585,0.052775928470188055
8602,0.1570107608713054
8605,0.09332883547184272
8609,0.13116926554680053
8614,0.07895686244309143
8619,0.13807555763917237
8629,0.14674274062656728
8632,0.14841709305110506
8635,0.05661553646943748
8639,0.05207843657975934
8642,0.05857592242926005
8643,0.11418678023328448
8655,0.1481322119913577
8657,0.13423822603788466
8662,0.14792517010509543
8666,0.1492534462593337
8674,0.05634430000353221
8676,0.14186162860027565
8686,0.1374216689766922
8691,0.11475171953663447
8702,0.14676790250926677
8714,0.058740219979771156
8718,0.13175486558150343
8731,0.14651609555734754
8738,0.1481485742418113
8745,0.0568263461266946
8749,0.1277721589861097
8754,0.13672012593325011
8760,0.13442342119060588
8762,0.058108958592509995
8767,0.03624711331858038
8768,0.13385736470521892
8769,0.03834896081772988
8771,0.1440142553161779
8795,0.1274520528579636
8796,0.05831029546284345
8811,0.13138076367336674
8815,0.15617509332926802
8820,0.1369462467023581
8825,0.15535481311169988
8832,0.11746184387273982
8839,0.06822845199133849
8841,0.15346737077476366
8848,0.12987346269324687
8849,0.06607957959304532
8856,0.14338679734665138
8875,0.1335159230039426
8879,0.06224451381502666
8882,0.12101799083410214
8885,0.13306564601532064
8892,0.1397220778716137
8897,0.1467275639535286
8905,0.043337563097699566
8921,0.06071893766142567
8928,0.12435416728873334
8935,0.13543945380484193
8939,0.0559890286491174
8941,0.14228963628493219
8942,0.03692050394838716
8949,0.1241213714590439
8951,0.06078477858002287
8958,0.1500567254627616
8964,0.05862238429909614
8972,0.03964796341658572
8978,0.1526683986562575
8979,0.07407766187755664
8988,0.1538942033515949
8997,0.12737190099426843
8998,0.03699293022817334
8999,0.15119039657701785
9006,0.06142468021513204
9012,0.16820146962327479
9024,0.1278747621529376
9026,0.1310066303049959
9030,0.146178216787931
9034,0.058661958908679195
9036,0.15365236935335114
9038,0.06171734495085953
9040,0.14794811656286944
9041,0.07787559064637346
9042,0.06018645993734965
9046,0.059983176770923234
9051,0.15221600968785856
9054,0.16682451776169835
9057,0.0567929172963491
9062,0.06394206944087473
9072,0.13252846999398302
9075,0.12268265715294584
9079,0.1406867912804173
9081,0.06201414010415451
9091,0.13240909386046582
9110,0.05647485158707417
9113,0.15075166038860696
9116,0.13473478212502732
9120,0.06047442426842916
9126,0.16506012742980208
9133,0.13002494615945215
9135,0.15226205841983367
9144,0.12177415716543592
9146,0.14718491523598964
9153,0.12230597551037103
9155,0.05842803543742502
9160,0.07452502257435893
9165,0.15014335329716746
9172,0.15070459947068487
9174,0.05633759024257768
9179,0.08311081206309773
9180,0.12663993335513948
9195,0.26065026919688333
9199,0.12439887323383342
9204,0.08730321654662913
9205,0.06019941703280777
9210,0.14357199469314366
9228,0.12493805127583431
9233,0.15061194143168008
9235,0.14348108613030675
9237,0.05678049909952823
9239,0.05400717123502418
9240,0.050829366066466763
9241,0.22526078359192403
9242,0.126975548302859
9246,0.06210342075741459
9248,0.13713770448608262
9253,0.1385070169471562
9254,0.13665517920502743
9260,0.11477491413070855
9261,0.04261327633564754
9262,0.14111158301825874
9263,0.1729717495782054
9268,0.1299420075407145
9275,0.06102795041314977
9278,0.14151082916681187
9287,0.13118263358634144
9292,0.15081243035172906
9308,0.16016346845164758
9309,0.1537532948445364
9310,0.15522573068475368
9312,0.07811067015415246
9314,0.06450810467982766
9316,0.04893780831848254
9318,0.1249277599658661
9322,0.15207690893998016
9325,0.15763006147863978
9327,0.13672614873840191
9336,0.11689775388358281
9340,0.14659747475057447
9342,0.14643912926468347
9346,0.12374746832422846
9351,0.21359434631259866
9357,0.12469205577506177
9372,0.13561279149925845
9374,0.04176770024659276
9378,0.21300028609276755
9385,0.07156829684880217
9413,0.06455695055617142
9418,0.15021831348338124
9420,0.13988916919918737
9422,0.06287962661098963
9423,0.1352253290669765
9425,0.1376311829899962
9426,0.1590980050257122
9434,0.1503778012146632
9436,0.09938785898878928
9439,0.041613544408268886
9446,0.061204375544082944
9460,0.1483339224404543
9461,0.14754126343030952
9467,0.138297859983215
9472,0.1410006656914045
9483,0.11593613953673758
9485,0.143159405766814
9492,0.07001336197051666
9500,0.12851598017460125
9507,0.15156144440933736
9514,0.16842882995795302
9516,0.16098590298479107
9520,0.08216846644792618
9542,0.12618360518482297
9544,0.23034715299289663
9548,0.1682071068761025
9556,0.061161776942247836
9558,0.15971213626402467
9565,0.15898421250056183
9571,0.14241437286341668
9575,0.14011789297822588
9587,0.13623802729475112
9602,0.17121316102398887
9609,0.05699805996735267
9618,0.10177483462557894
9622,0.14738064458125918
9624,0.14396034436301638
9648,0.14374162804767227
9658,0.15012472746287636
9668,0.13317236049835987
9702,0.05484974350758486
9705,0.13988885332585535
9706,0.05856771837794419
9707,0.14097660873804438
9708,0.08415746791354646
9710,0.16010671923877398
9726,0.14145793702113482
9753,0.0426233022560917
9757,0.09999717463984031
9761,0.06152816006531114
9765,0.22897253800748066
9768,0.1627138458388286
9769,0.14800228873306132
9775,0.038555611637818066
9778,0.14486372858883337
9788,0.09796000699768137
9789,0.15602149467871299
9792,0.1343399151506414
9815,0.12164559227651718
9816,0.06057736600617092
9822,0.06330988373350543
9823,0.1502964428475719
9827,0.12778690414150362
9835,0.13625492766813183
9840,0.038616182168359194
9841,0.13556257013944464
9849,0.12651720576153938
9853,0.14601571022932006
9869,0.0584243852799464
9873,0.0593169883556938
9881,0.043590420194291844
9892,0.1527999267750408
9898,0.1414648886541727
9899,0.15086438144925648
9915,0.13505905700488838
9936,0.1564150092131057
9940,0.15183011110503766
9941,0.05467575266103297
9947,0.038649057813939895
9957,0.12905145700280163
9962,0.058647081758868756
9963,0.12873114210732076
9964,0.14166317249077878
9965,0.1487832913482318
9968,0.14932103466317628
9971,0.10406792179807567
9973,0.16008589259961872
9980,0.059967684939658254
10002,0.1924493743424247
10005,0.0646634479535898
10007,0.1141208751291431
10010,0.1551700020122562
10013,0.15306230917636254
10014,0.056834086305490396
10017,0.13018292987565871
10024,0.14151938745398365
10030,0.09672382496306531
10037,0.1624215866997247
10046,0.09340625867435072
10051,0.1268772852506496
10063,0.1426602378679612
10067,0.12602726125935554
10073,0.060381121162715636
10096,0.051980244771637533
10099,0.06562441717424965
10100,0.04456918738852863
10101,0.13225527294815742
10103,0.06154284706648342
10110,0.15911249320695262
10113,0.14621312427238928
10116,0.0613332067415737
10124,0.1623178111628872
10127,0.10800751806369369
10129,0.17749263960166528
10139,0.161245734211092
10140,0.17362775653118767
10145,0.24655231610153497
10149,0.10082015660150971
10151,0.16878884479579867
10165,0.058621040568293474
10166,0.0524812531538577
10168,0.1429095770556644
10174,0.08231838919479066
10186,0.06552365494322059
10189,0.13370176361081282
10193,0.14784674984344534
10197,0.05688420086921189
10201,0.12063323601541427
10206,0.15615945852939586
10211,0.1232303170480387
10216,0.14391716548626887
10224,0.13246425625946254
10234,0.1608831335932033
10236,0.12616320107281076
10239,0.16211698670152483
10247,0.06166479000879984
10250,0.042606717203564765
10253,0.13640531513002074
10254,0.13538160838804383
10263,0.14601057039010476
10264,0.16081360166521555
10265,0.13350846246667267
10275,0.05251911819416699
10280,0.13047773323291686
10286,0.15391558742597944
10287,0.17343480729740957
10293,0.13790962169152088
10294,0.11965345793282704
10303,0.061981728151762526
10308,0.1586356124132627
10311,0.13557502793380619
10318,0.14883706611207137
10323,0.1604248041667504
10324,0.12801931066581274
10327,0.11620736288448297
10330,0.14208175461058575
10331,0.11711491099940652
10333,0.05394998216802688
10334,0.14857003395652932
10335,0.15905429303173166
10338,0.13390478208908815
10339,0.1494964182257076
10348,0.056615816991758904
10354,0.2603024478196104
10356,0.11652869249015972
10367,0.06226842579761228
10375,0.13162117826595435
10384,0.15573872511943054
10386,0.05836489264733095
10389,0.13066420835691828
10393,0.1247810542581456
10404,0.13003587324904575
10408,0.06122247620732993
10416,0.13066046028204914
10434,0.16348386821742722
10448,0.16565546549881355
10449,0.06576070129465666
10452,0.05446160321497991
10453,0.13827979530497156
10454,0.13853100129269302
10461,0.11794039270938117
10462,0.05732020190263872
10472,0.06761068968884243
10474,0.16503680605790344
10476,0.14955138097267304
10478,0.05664039844937213
10483,0.09336298913444196
10492,0.1231646730280981
10493,0.17097500757868378
10499,0.06463397684136483
10501,0.05566061861423368
10509,0.13377881631302502
10512,0.12868462292938007
10513,0.11697171270678412
10516,0.13260080308307112
10517,0.1326190360413193
10525,0.13656846149543728
10529,0.12380958541625471
10532,0.1355125843412646
10537,0.1355511439768873
10541,0.1455622373972677
10545,0.1146132487498311
10548,0.11677700553457304
10552,0.040940689042359105
10554,0.16322075571025257
10557,0.1414171623140578
10564,0.14860586981562673
10574,0.05793524741330597
10591,0.1297673257087922
10596,0.14041868963141027
10600,0.18129642964050585
10606,0.053388094386632036
10611,0.12952252105195716
10622,0.05491190606021479
10626,0.12533678822115202
10629,0.06604611987550968
10630,0.14026142347411508
10631,0.1630049454166048
10633,0.04099873496148054
10638,0.1418656271195177
10639,0.17573261704660015
10640,0.0661891506139125
10657,0.1511317757433984
10663,0.1316820453047403
10664,0.13795582937252218
10667,0.13335238452328568
10671,0.14860039970705186
10672,0.13075649832866834
10675,0.1311845149517355
10679,0.15895864720299216
10681,0.13560556685344843
10683,0.06460602434111122
10688,0.11827098363306425
10701,0.15109695707399895
10704,0.14781573187941685
10709,0.16250733962113612
10715,0.13835598759047993
10718,0.05713300101502871
10724,0.12408493406973979
10731,0.061721016428099656
10733,0.13742693749628135
10737,0.1501826136752539
10744,0.04630856532229035
10750,0.09131930681787477
10770,0.11976293029754718
10776,0.15919370465628077
10780,0.05565502678352982
10782,0.252292734117732
10789,0.15041336137823816
10793,0.15034649509645887
10795,0.1654844903241674
10807,0.12889442592246925
10813,0.1330779813094618
10815,0.13094580280007315
10817,0.135873986334727
10819,0.13431929808584195
10824,0.15386997380538803
10828,0.16175246288236755
10830,0.06120125182359202
10832,0.14359052965436578
10836,0.15511323824445725
10839,0.1561026527985496
10843,0.12259741138008823
10844,0.11859085716830664
10866,0.24998514653446371
10872,0.11781134274535955
10873,0.056533369621079015
10878,0.22273198697673258
10889,0.059856179058279474
10899,0.15938689309429535
10901,0.14872961407816432
10904,0.16219269974161662
10910,0.13691373624189326
10911,0.12604317212408253
10917,0.12807685364367447
10920,0.1459522154183902
10921,0.03746150996155053
10922,0.06196075879155918
10929,0.039131305464795624
10930,0.05319232148997824
10933,0.13911320665250823
10934,0.059257988708279107
10939,0.1489525833531405
10942,0.038268763295158124
10943,0.039824280346359396
10945,0.16792527406941407
10946,0.13773781228077833
10949,0.08204892186192635
10951,0.12395388594525407
10952,0.15110212074719429
10953,0.05666018785062904
10955,0.04065035189141581
10956,0.16076285001425675
10959,0.16282641014999388
10963,0.08850732028378433
10965,0.1394275859181438
10971,0.06647377183997144
10975,0.14398098519920197
10979,0.12393779624941449
10983,0.13952979657125741
10984,0.13385709978776578
10989,0.06089774119633077
10992,0.13139767691008483
11001,0.05777532748833288
11003,0.05868177592246778
11004,0.04303499124036083
11008,0.05479200112545531
11016,0.06188833977591596
11017,0.0351282801777432
11021,0.17858774984403092
11028,0.22127330938798137
11034,0.14620418629548057
11035,0.05772216617861694
11036,0.08139190572656724
11041,0.11572697889851453
11047,0.1959519403948987
11056,0.17147589308380615
11058,0.15232132406792692
11059,0.0764668813165524
11060,0.09068782999441853
11064,0.1408343719199746
11066,0.06234175596422348
11069,0.1419181082599648
11071,0.13510012652826542
11072,0.13772369042971896
11077,0.132509935247246
11080,0.1226342045645507
11092,0.11718381557572737
11097,0.055280206258103405
11098,0.14044421806375315
11114,0.12126363028020394
11121,0.045518768164682887
11124,0.16209493748869186
11131,0.14234132222667076
11143,0.1567600231939553
11146,0.0807530611392598
11154,0.14182310348077468
11164,0.15520525838163104
11172,0.13862956227179837
11173,0.05908201997202919
11174,0.1159336285510687
11175,0.13740044927812187
11180,0.15040606045228186
11184,0.05943892358818333
11188,0.1282954802404113
11189,0.06230999035321796
11190,0.0826951604426595
11197,0.051911419929593174
11201,0.16664714914627607
11204,0.16399130335420675
11211,0.13144752491097547
11212,0.14136087134320666
11218,0.14017851661716432
11219,0.1427782192735665
11227,0.13847338803551387
11241,0.1415684654466713
11251,0.06351083566329535
11254,0.044110833234404685
11260,0.07723776230783279
11264,0.12100654827065443
11273,0.0668157767929138
11276,0.056793763080206665
11278,0.05470586859009926
11282,0.1511526942083534
11283,0.1363699316574374
11291,0.1343638467120856
11293,0.1456708878032997
11302,0.15649292781554475
11304,0.06245381442064136
11305,0.1566825026996392
11315,0.14290975302202316
11321,0.10704281602066301
11325,0.13939461922094834
11335,0.1404718917740613
11341,0.1319908142201973
11343,0.13602251615395342
11344,0.17468418818409823
11361,0.12968495338586486
11375,0.14210515298378687
11377,0.07304754642857135
11379,0.17360479543380972
11380,0.1597873971725365
11391,0.13720679258052226
11393,0.15525581166320346
11394,0.1588842005408471
11398,0.14629812081566154
11399,0.13525086566073594
11408,0.11607628910938327
11412,0.13403602483063914
11420,0.14520944246385636
11421,0.1648412895050661
11430,0.062375084101132704
11437,0.12835413541376853
11446,0.2501115954310896
11471,0.11716172081040145
11472,0.13708105691716746
11475,0.06292620722913736
11483,0.1345342538032446
11492,0.13080241033580842
11497,0.13440836636135312
11498,0.11317056399479136
11502,0.14473615717716312
11504,0.2743900515231074
11511,0.19407129834340253
11512,0.1257485486422427
11514,0.05928969955467875
11522,0.14803312128486076
11524,0.142481599891509
11533,0.1554335627320193
11534,0.0786993800799123
11541,0.12146932718934972
11542,0.12616908287720147
11547,0.12457902440754846
11548,0.07651568921243108
11566,0.1626381638451223
11572,0.14285212255283372
11574,0.08900980177792102
11576,0.13508937261396292
11577,0.054139960905737465
11580,0.1337585991158399
11598,0.05936965113771106
11603,0.11861868362032901
11613,0.15430179017286824
11614,0.14497381381980787
11620,0.12338020928087783
11621,0.1485542099748581
11622,0.054625056160570194
11626,0.046837839428361915
11630,0.15678927561593647
11636,0.14425984852796683
11637,0.0610498992133919
11639,0.08270227718627947
11647,0.14306189854261311
11653,0.11084718298465258
11654,0.04270796539135651
11660,0.13593500195639222
11664,0.1576332461164421
11667,0.14668794076491126
11679,0.12269475069210405
11687,0.16011887553094406
11691,0.061390543758857906
11696,0.1339848309946335
11702,0.16426092861853434
11703,0.0558942528156832
11705,0.15936342849897076
11711,0.14973600982638172
11716,0.08990626034844727
11717,0.15126496802465192
11722,0.06064402856631878
11724,0.12701632864796897
11728,0.1558653444938923
11737,0.11927824158429005
11738,0.13429942411327983
11744,0.12819314459212547
11747,0.03968370777457823
11753,0.05216814786371434
11757,0.14669114929249685
11758,0.06802612467813003
11760,0.080195139170456
11762,0.12991705050069205
11764,0.1385838616584387
11768,0.05889976330411892
11773,0.06471436069645074
11774,0.18108710998785707
11783,0.1259583751566607
11785,0.08854952633061249
11787,0.1462320357550445
11791,0.13200054279571213
11796,0.05558692843684478
11797,0.0736230274367927
11798,0.0483179174479653
11803,0.06128293338655589
11808,0.13567361130767774
11810,0.13345383806043065
11814,0.1371220183225693
11822,0.15447108701983192
11824,0.06432021809109958
11829,0.1524352217657755
11846,0.15108307235628807
11847,0.12557457015006868
11850,0.24102855647466037
11853,0.05769918688499177
11854,0.06758227477035993
11857,0.13464529865826447
11862,0.11611190618669971
11883,0.05903626576422685
11890,0.13055266944013294
11909,0.033794144697840624
11913,0.1464095946727245
11917,0.14771141089273912
11919,0.12664359919043414
11920,0.05851996620261855
11921,0.1222863336014184
11928,0.12067561885234031
11929,0.16434011910076304
11935,0.043787900197609995
11936,0.05289757554187243
11939,0.06154442860787949
11942,0.05521351275959601
11943,0.13506672281557328
11946,0.13393031989345236
11947,0.1270805362337073
11952,0.1584647495633091
11956,0.1379897980249437
11959,0.24990123714772428
11969,0.13131952676119982
11973,0.1564037103133079
11974,0.1380981359268796
11975,0.1526061419243198
11993,0.15988687000209392
11994,0.14335599353607376
11995,0.08197607361888108
12002,0.13974533618214238
12006,0.09929596865918118
12007,0.11885102334604941
12014,0.14410925925542245
12017,0.17650681774318278
12021,0.1411982338628304
12023,0.1650747439417184
12024,0.13087512978967106
12027,0.17033632535347873
12034,0.13344036942684526
12040,0.1291879706150869
12048,0.12596795822563522
12052,0.06284036073205244
12057,0.15900992488489005
12058,0.18716958019886074
12061,0.1261807301643257
12062,0.13278039250610083
12064,0.061929132504846336
12071,0.15529433652417526
12080,0.18114626288218974
12085,0.05672183194168246
12090,0.18025954804998492
12100,0.13981494325382468
12103,0.1541700844857248
12104,0.14649996651381236
12109,0.04124209207618173
12114,0.1432698964366171
12123,0.0648598873423412
12124,0.06116536388933393
12128,0.24951222868475065
12132,0.12758170104179958
12135,0.12913586083409567
12140,0.2694845487755631
12149,0.05620137739015777
12155,0.11961983357219981
12158,0.14876352283013516
12161,0.1589087424921191
12163,0.14607579534780724
12164,0.13305756833173701
12174,0.05799287448658106
12175,0.1375383062594472
12179,0.22229061419859097
12183,0.14886252948526804
12184,0.14751933376166013
12186,0.06127278208088779
12190,0.132591528022546
12193,0.145934736045599
12195,0.06055054786165701
12196,0.05285344292917269
12205,0.14222125892040863
12213,0.14435834557850594
12220,0.1495683059207991
12221,0.14450804874329493
12222,0.06469631576728258
12224,0.1413316324395648
12230,0.1372599412660369
12239,0.1365803517422013
12242,0.12424669363795492
12244,0.1344265854920903
12245,0.15058653733291216
12247,0.14968838335787857
12254,0.15799000244780442
12258,0.1390785387798398
12266,0.05574623100241465
12267,0.16851459662289167
12272,0.17303692910602506
12273,0.141786129973417
12276,0.15426584929722778
12277,0.14285877308004172
12283,0.14161329141808174
12289,0.0552727461653239
12297,0.1301325502792051
12300,0.2744020326082699
12302,0.06511522931567162
12310,0.0635741934306024
12312,0.13720655072442742
12314,0.057325615687658406
12315,0.0365182349457032
12327,0.12596321537279717
12329,0.1362682818467715
12332,0.13437569215714518
12342,0.06557721445455589
12346,0.12735195316534423
12347,0.24851389626404244
12349,0.06062485170085865
12350,0.11921745798400178
12354,0.13442009536099994
12356,0.04681094991886236
12359,0.14554964415719718
12360,0.15759603611717857
12369,0.1367211865612233
12372,0.06004872380722446
12373,0.035663012497355595
12375,0.14834041539173554
12376,0.15152062979521455
12379,0.06453288515710617
12382,0.12505188074082707
12387,0.06716770427866674
12389,0.147570606314491
12394,0.1647024525233266
12395,0.1386418256683297
12396,0.1503844077953577
12404,0.17538668369912677
12405,0.13405199590958625
12412,0.2721995266071377
12419,0.08618270899170626
12431,0.1182287719813979
12440,0.15625072003495785
12444,0.1706378695699393
12447,0.05726908551425785
12452,0.12955432348219872
12454,0.1436545300882008
12456,0.14497527996168272
12461,0.06179577047574545
12469,0.13245566120814264
12472,0.07197859946478806
12473,0.05542964402835992
12474,0.13663098897198264
12476,0.1527018239807473
12479,0.2013416281167526
12481,0.1373630122246771
12487,0.06344245414511762
12493,0.13798546587298052
12501,0.13908497322973043
12504,0.1281530486232166
12507,0.1297723685697946
12510,0.13130864373708578
12512,0.2735065864716328
12520,0.1502285275632348
12526,0.13741885003124815
12529,0.15560984195868943
12532,0.1223050051441577
12533,0.1470051270586792
12544,0.22805218673189753
12546,0.13428384544454774
12551,0.1557529128092812
12555,0.24265802105382447
12576,0.13285309643859886
12581,0.15153612827074348
12588,0.14177361363918548
12593,0.0860910786303214
12594,0.11444822135242143
12598,0.13787010943479042
12599,0.15903586285937263
12601,0.1316392201832534
12610,0.1641913960770347
12622,0.059064963603134034
12624,0.12331507499812315
12625,0.1355047021118925
12629,0.3376605347829515
12632,0.039601177196519614
12634,0.05455575627146716
12635,0.1354744080386965
12638,0.15479200660089906
12640,0.0506241494095394
12641,0.1512248076356958
12643,0.12579244667094347
12644,0.04780916292875268
12647,0.13578902661016937
12651,0.17480405015421555
12657,0.1379474715622669
12658,0.1475243102425863
12660,0.1447832404217493
12661,0.12139859258392842
12666,0.12321628394560609
12673,0.11161203852104695
12678,0.13307776216900977
12681,0.15795998957709687
12682,0.2419117084819625
12684,0.04428803258423101
12689,0.14592271350837718
12699,0.1460191996660488
12701,0.13823665241223326
12710,0.08744578666530405
12712,0.13772350869276653
12713,0.14667025623299076
12715,0.12709468299704504
12716,0.1309754033718306
12717,0.14570955254922033
12718,0.14281294527060212
12720,0.12156636684675542
12724,0.13929240799420448
12725,0.14860366050410023
12726,0.12414035107611988
12741,0.15917214434039997
12742,0.1820890450650142
12743,0.1514976623992679
12748,0.1260624612557254
12749,0.045588618652906504
12751,0.14801036854269295
12752,0.15201747320630424
12756,0.13457222462922905
12760,0.12362141151534327
12761,0.14266802395079134
12764,0.14642993329257653
12767,0.059895868693386055
12774,0.150726612537493
12782,0.0657039730658349
12783,0.2422807262997256
12784,0.1376378332734421
12785,0.13838920792695567
12787,0.1749725799224484
12798,0.1234607096766946
12805,0.12015890812535963
12806,0.13308930793201015
12809,0.10440802607547617
12815,0.13954672595394646
12820,0.058832281588687994
12824,0.11221631992901111
12829,0.137452388985355
12833,0.13455955420499463
12841,0.1387631408488614
12843,0.10066753273309613
12847,0.13475549005549617
12848,0.13983732247061162
12849,0.14549852857461076
12852,0.138640542702448
12855,0.14400670470369137
12864,0.16184971255684857
12872,0.06610640518774591
12873,0.16444251738439777
12874,0.15922306190423982
12877,0.2579086145143294
12879,0.13718816853541135
12885,0.14078760231478735
12893,0.1378292793795809
12894,0.1566406297910362
12895,0.22143667700990097
12901,0.05382696917118445
12912,0.12410525145216585
12919,0.1430596427069861
12924,0.12878300947535015
12929,0.13415372515638582
12931,0.1483766454441894
12945,0.12714789318266442
12958,0.04486880335428268
12962,0.14263354138142806
12964,0.1526371202697204
12974,0.1526024494057214
12976,0.043169466337250356
12980,0.13539135918173484
12984,0.14519160641482032
12987,0.07695477629210463
12991,0.14959387216323372
12995,0.13486464142656648
13001,0.22489596456096353
13005,0.15214189360362176
13006,0.1493098003376537
13015,0.13778446255804921
13017,0.13678916023156082
13033,0.15540297284393734
13034,0.14488504236804592
13035,0.13119303759900738
13038,0.19187539650766075
13044,0.054958027992695856
13045,0.1334849273583887
13052,0.05004573437535705
13059,0.13853250074414944
13060,0.05354868476394409
13061,0.14186039466866068
13066,0.24196471510825276
13080,0.2344396368903099
13082,0.16474227439133268
13105,0.1495012763707647
13106,0.2335077129140161
13121,0.1660507399212699
13123,0.15236646423169084
13125,0.06064146688342534
13129,0.13647928875077342
13130,0.10493081876476747
13132,0.17180102418340956
13133,0.13463328240691028
13135,0.14831810801013104
13141,0.12926012646736837
13145,0.26938591910762627
13149,0.06416532665479642
13153,0.1523748920768584
13158,0.13624907098458772
13159,0.14622753458586035
13169,0.3527654054451668
13170,0.14153564640802355
13178,0.13724529494546572
13179,0.06267137311507061
13180,0.13996444289345294
13181,0.13833302098073674
13183,0.05986144683761119
13196,0.13665686186436235
13200,0.1581328699804143
13202,0.08918561849175088
13204,0.05550266154694286
13208,0.1317302264882176
13212,0.12782352386723847
13213,0.1420260741814732
13218,0.13328210202579288
13225,0.11557307077898522
13229,0.1278365580142393
13232,0.13569854573193788
13233,0.145890882188509
13234,0.05729572366190817
13249,0.05947599084104432
13253,0.14145979556995422
13255,0.14858797212820962
13257,0.22001453669545848
13266,0.05538630514691064
13269,0.05685827302423807
13270,0.15990051667008576
13274,0.14712199739171605
13281,0.1432432397373265
13287,0.09842898803762469
13305,0.1421052708819792
13308,0.05461859457200491
13309,0.06626883890932357
13310,0.17236288156251825
13314,0.1447918461994487
13315,0.042577504821859284
13324,0.10360025393603761
13326,0.14794836628558483
13333,0.15817674282566738
13336,0.11167092481287956
13345,0.1503903540183301
13348,0.15270524318907908
13350,0.2211746730459978
13354,0.15379184520091946
13360,0.15076644518862817
13364,0.1401323728973479
13366,0.1531868911908569
13368,0.13860041517244834
13375,0.08523656548393073
13376,0.12651201701923234
13380,0.11513184456492757
13382,0.03768607473699138
13384,0.15862780363072598
13387,0.1432602261913807
13390,0.073515378841221
13398,0.1418795932788057
13403,0.12161278459848363
13404,0.10388837821491338
13405,0.1353000648305016
13409,0.16066029636217738
13411,0.13070249313957846
13414,0.14682927237845997
13416,0.122958508279348
13417,0.05820781041579607
13418,0.14480481389177324
13422,0.05985393269601561
13430,0.2513563115057224
13435,0.03774418245747386
13439,0.1440707975658441
13446,0.12840634083097702
13448,0.055320308070297725
13449,0.1185571250309672
13451,0.13373596803250898
13455,0.14986523429729695
13468,0.15465016334303974
13470,0.06303620832958888
13474,0.05817870627084252
13478,0.15316827643143807
13485,0.1472542671846213
13488,0.16829484442082276
13489,0.12683795021579378
13500,0.13711377620494833
13505,0.05758853020529814
13506,0.13601426688137264
13517,0.0631414314739362
13518,0.08557910888067055
13523,0.13226989669288924
13529,0.1438691829694854
13532,0.06508484627982848
13534,0.13870749440812755
13539,0.1373955355171734
13547,0.14485592468370914
13548,0.1511679815149991
13550,0.33759589073593094
13554,0.15389859355501848
13555,0.18326851659969878
13556,0.15347406800418514
13558,0.06539145203646841
13562,0.13782807227982238
13566,0.14313745297955693
13574,0.0647235754324281
13576,0.1448345394814223
13577,0.16630956321397117
13580,0.04605734049086437
13586,0.21219399709962863
13598,0.25558307596646057
13600,0.12404561645507024
13602,0.12010283591475233
13604,0.13243001444791003
13616,0.14967029092017184
13623,0.13858842928039206
13627,0.1668572342133683
13630,0.0617140280568749
13633,0.16280835806670999
13635,0.14034456484059066
13636,0.1548715818998281
13640,0.13369885743260904
13642,0.23056000685885894
13647,0.15819977720835748
13648,0.27072956983888047
13652,0.1311740050784434
13659,0.04401188112569449
13660,0.11893741769082838
13666,0.15806727477018273
13667,0.06448271254723321
13672,0.12225145403031973
13673,0.15280984444980672
13675,0.1274866445008545
13678,0.1456368801888299
13682,0.1035738043870726
13684,0.14721837128381074
13689,0.1337797851618332
13690,0.13079413967800946
13696,0.13975174699063178
13706,0.13809815665211667
13710,0.36773815309436614
13711,0.13496534686582703
13712,0.1458309715133811
13717,0.0554524808250536
13718,0.1352034196452139
13719,0.1352798359762136
13720,0.0874445078262651
13722,0.127796707515481
13723,0.15291110577081746
13726,0.12337788869627513
13733,0.03871734924233875
13739,0.1503760264601288
13743,0.14777645795256014
13750,0.1512340539865767
13751,0.11616783075143694
13754,0.18410492772734025
13756,0.06599485539278785
13760,0.05980759007478672
13762,0.1486298315765018
13763,0.13275622296691578
13766,0.06251336800278406
13767,0.058947544012043336
13769,0.08971723481086243
13770,0.12408521876957124
13774,0.15255236949618353
13776,0.1322626301211273
13780,0.0642610497364461
13784,0.06228804203840441
13789,0.13696721296433656
13790,0.14835869341410204
13792,0.07134378359059707
13795,0.14852745839926926
13797,0.12553607142487522
13800,0.1250288291012185
13804,0.1313891127225566
13815,0.13341501000661665
13816,0.14659402239815314
13817,0.1623365964856319
13820,0.21639269000782987
13824,0.15581916178706198
13830,0.171472765945937
13838,0.13670898618748198
13840,0.0626599880161809
13841,0.05673631400210918
13842,0.15331863137048915
13843,0.06370082393059795
13849,0.15135771035708837
13852,0.15423965853551438
13855,0.03823652160032126
13858,0.1311274245346775
13863,0.05772121945303351
13871,0.2512884123275248
13872,0.14351832455308802
13873,0.12120970411170162
13874,0.14399419476016395
13877,0.15992339651544063
13879,0.14257436752891536
13885,0.15257277677596415
13886,0.16025520875150692
13892,0.12644940821233094
13895,0.06166175252393898
13906,0.15405594518013152
13907,0.14980403067870293
13908,0.06153906769958178
13909,0.12649701291545978
13911,0.112648232376184
13918,0.16605514252487172
13919,0.14416098441963401
13927,0.174526669800803
13930,0.061173609861330386
13931,0.1466495433504056
13933,0.15751755478307017
13938,0.15131284288219718
13943,0.05787797606960857
13944,0.06350113173623578
13946,0.14095262570485423
13949,0.08603344447424865
13952,0.18488834756557973
13957,0.15378660640877115
13958,0.07336577454847476
13965,0.12224923864381004
13970,0.05242304529933067
13972,0.15982478746367948
13981,0.14417285793421677
13983,0.07933149245305487
13985,0.1242112511700491
13986,0.10338776714334752
13993,0.14893723913534834
13995,0.13325179163044287
13998,0.11365981688762776
14000,0.055166061093533926
14002,0.04077533502282384
14003,0.07045174055364863
14019,0.14487464159989286
14021,0.36239991621796613
14026,0.1429847091921529
14031,0.06347263839972068
14032,0.15251456162631083
14034,0.12985261009846863
14035,0.13918707172253791
14043,0.07063556321864854
14046,0.15884316552365474
14048,0.15508036670828695
14057,0.14568792425883045
14065,0.1272531380375651
14067,0.06475650984321926
14082,0.041400631131452516
14086,0.15227759918210795
14103,0.23522245364182406
14104,0.17257100848860038
14106,0.16048594927403217
14107,0.1535773301700162
14111,0.05770160653283641
14116,0.05233573723794238
14118,0.06334196938938015
14119,0.13713350671090183
14122,0.11787754978412797
14123,0.12517030823382144
14124,0.061019033217983826
14125,0.1457997326620078
14126,0.15181573823328798
14127,0.126703588928439
14133,0.154594132088176
14137,0.13904460418906303
14139,0.12766328260885354
14143,0.1214730449162116
14148,0.12558672229263387
14149,0.1295359904838978
14150,0.06161401316001669
14162,0.057905352680280325
14163,0.1340691859696743
14164,0.13225552045046943
14173,0.13868611673218215
14174,0.1621686597208897
14178,0.14083963450995748
14181,0.06429422505990649
14186,0.12155849716454918
14187,0.14941567996333924
14188,0.11864776228943545
14192,0.14574203400555116
14193,0.1280267498622034
14198,0.23940207525235616
14200,0.144560037345741
14201,0.12856470205643344
14208,0.22768642712391665
14214,0.1380260205830089
14220,0.11450200758521005
14224,0.13581945698941153
14229,0.11906467381270631
14233,0.12096677684209516
14241,0.059524097795122737
14242,0.13945508602683354
14246,0.11658052886102888
14247,0.11767574613070358
14250,0.06648619655636018
14251,0.2121424790556996
14254,0.16886102625754826
14257,0.04750320670843785
14259,0.14499767255931578
14261,0.13799936525082465
14281,0.12287856642471678
14282,0.15295177284100617
14285,0.05577265725426351
14286,0.14675157314362824
14293,0.14725141398864947
14297,0.05660478432681738
14298,0.11894234616981707
14301,0.057230703006811316
14308,0.12232385826512902
14311,0.1377682935730901
14313,0.26789191683451186
14314,0.05609011918695898
14315,0.050552957818467394
14320,0.13165374954917708
14325,0.03675447411763982
14333,0.13222175031877736
14336,0.15067693011730138
14338,0.14942908371397545
14354,0.14649553017062136
14359,0.14577790751054187
14361,0.13748838032755747
14362,0.1476484958104496
14363,0.16284671854341315
14369,0.06186196993644973
14370,0.23317902007380967
14376,0.13080717709467946
14382,0.24062880674146211
14387,0.12340729014743262
14389,0.17247242636420415
14390,0.1433180227975821
14392,0.13807232174014902
14393,0.09317696129588911
14396,0.14389557872927847
14407,0.12535887357591693
14412,0.09530147449986544
14413,0.16545369006236912
14414,0.05153787690014964
14416,0.1429490951769997
14417,0.1368084068558126
14423,0.16657860283551268
14427,0.1453493454145065
14430,0.15902770373733835
14433,0.1319550435352492
14434,0.12778487783111467
14435,0.18210335708934244
14436,0.12578654209949602
14438,0.054874241496160804
14439,0.13310567076349525
14442,0.11211586308352943
14444,0.11217963401333604
14446,0.12868782681092886
14449,0.24474991013728067
14451,0.12109009851688053
14459,0.14209792626753096
14464,0.13948102299091877
14467,0.14864489191218688
14469,0.16388701364301594
14470,0.05928488322010302
14471,0.15473941834398605
14476,0.05428896760222542
14477,0.1450100665674667
14479,0.0586391073414397
14480,0.1578231084332163
14481,0.03747630987040281
14485,0.13145218646401063
14486,0.13679072182838567
14493,0.13557002957314995
14504,0.15423555548918777
14508,0.14439886543279212
14509,0.152824863689524
14516,0.15414754959050503
14520,0.13990917468704497
14522,0.153102307242932
14523,0.11975488572861481
14529,0.14662835662078136
14532,0.05813470871424322
14537,0.052930300020821
14540,0.13501063088050572
14541,0.11925333278316874
14544,0.141531518757645
14548,0.11693174439414182
14550,0.16407846291671987
14554,0.06324664625576319
14555,0.06302884158168284
14564,0.13403973812202952
14571,0.07036090811399713
14572,0.14430151436237998
14576,0.1346742691662429
14580,0.05956449841613123
14581,0.13236434862716323
14582,0.16671592328313842
14583,0.14883080479196376
14586,0.12734071244259484
14591,0.13139528244576273
14593,0.1431003000959053
14594,0.12721947607854708
14601,0.13507701172488296
14602,0.12169502263610177
14604,0.15793911084803763
14610,0.1744905949282172
14620,0.12911347867126866
14622,0.17482442930477463
14628,0.05677330134218115
14629,0.2343090237559564
14630,0.12306432573210241
14632,0.3488581942166888
14634,0.13491686317282034
14646,0.059579388580250046
14648,0.15837733009860697
14651,0.13670797825787975
14658,0.26467689009121964
14661,0.1395476667724331
14666,0.05488413023166793
14672,0.1627447906822589
14673,0.12076900643264032
14680,0.1313429153960658
14685,0.1871456031246066
14688,0.1499615224604177
14694,0.13483652675507
14695,0.17147299225906373
14702,0.14705460128169298
14705,0.05114301749572588
14706,0.14655380266511997
14707,0.147312680904075
14711,0.1483629005462004
14713,0.06338695846853361
14714,0.13431837368552
14717,0.145190521431221
14722,0.238797320870624
14726,0.13457316395359017
14735,0.12184721492423366
14736,0.1458297916611817
14742,0.1668053303895178
14744,0.39827680499541857
14746,0.1303708374491044
14748,0.14224842590057443
14751,0.15876363717719197
14753,0.16190771570687298
14754,0.1428195358935921
14759,0.1723444291247148
14764,0.15254954216240324
14766,0.15388490617758552
14767,0.16406047082538724
14768,0.1574207307907711
14770,0.12719444957824597
14773,0.16686872183362844
14777,0.12790625243704132
14778,0.12887305700777915
14779,0.11441006216678351
14782,0.13578169383806973
14783,0.16064681982958184
14784,0.12793913887823674
14793,0.04406746521951438
14795,0.13110669023074403
14797,0.14234738265768895
14800,0.054441017228802825
14802,0.13947526194764256
14803,0.05667583005729015
14805,0.16197108867159396
14808,0.2346854495627347
14809,0.06664045127764527
14812,0.3609719005959405
14813,0.15834869091877282
14814,0.14509299255506755
14818,0.15835004942262929
14819,0.07787320269512764
14820,0.054856617048866185
14821,0.25089826335217125
14822,0.14490433853643694
14826,0.13981380016927492
14827,0.13255196622086515
14831,0.1474466827930484
14832,0.13480099065356896
14839,0.14633078068885777
14842,0.15690939213411265
14848,0.11965894649930553
14849,0.054375437504275044
14855,0.1368963155088583
14856,0.1616751417669846
14865,0.0672235178129733
14866,0.06839258974160273
14869,0.13489711179985897
14873,0.16026529847425044
14877,0.13181912911464974
14881,0.05769658244807949
14882,0.23493228925168794
14883,0.14995209414964072
14885,0.1544583168289295
14889,0.17353334589167368
14890,0.17409134791006134
14892,0.1421978284447936
14893,0.0577762442349394
14894,0.06075508143686128
14897,0.15477502288781808
14901,0.09184098243644968
14904,0.05324771045270627
14908,0.15548898287094504
14914,0.14074138374366146
14916,0.09845306351581988
14917,0.05943234490975758
14918,0.126155971663244
14923,0.14282629786297182
14927,0.1368442446828965
14929,0.15430985009642995
14931,0.13915687841420088
14935,0.2617272749574369
14948,0.22348597972471
14950,0.13932538765376415
14951,0.14609284743973824
14952,0.05668326009826922
14954,0.23507756229578006
14960,0.06210087631447362
14962,0.053125731344436315
14970,0.1297868530297775
14973,0.13739266436022257
14976,0.15778739894429405
14978,0.13492975259392048
14982,0.14046916923813568
14985,0.057273888999131696
14986,0.12685593691636773
14987,0.10677959696470228
14988,0.17941040463275318
14991,0.13232948313498652
14997,0.143508138781728
14998,0.1443765094171372
14999,0.14854294621642314
15000,0.13212795219592208
15005,0.15212222652395735
15006,0.1302164278905447
15009,0.1603513897879529
15015,0.14685088334465315
15018,0.14346579067183346
15029,0.14980117158581932
15037,0.2267097421951161
15041,0.14300073233010804
15042,0.13237782877260632
15047,0.12598095156924108
15050,0.14255088651410888
15053,0.16367172026721377
15056,0.17168711149383697
15057,0.14973354320906096
15058,0.13246012790045428
15060,0.1219529498762323
15062,0.155544887605057
15066,0.06525344259509318
15067,0.14952268299315782
15068,0.05916627025699326
15069,0.060358330205274015
15072,0.14297123048998414
15077,0.1480988826170844
15089,0.15630057292236677
15093,0.1345401722928662
15099,0.12295913600256893
15101,0.16426447013677703
15103,0.1448258067766104
15104,0.14100988879820864
15105,0.12551712099143844
15108,0.12384531858081561
15109,0.1501573403978931
15112,0.14436876426430165
15114,0.16649019605396057
15117,0.05561908723891459
15122,0.1306129180271146
15130,0.05786071228358985
15132,0.05926880053647878
15133,0.13708240743823574
15134,0.05814819268193525
15136,0.1420572392549928
15137,0.22984045328387614
15142,0.06219583140272484
15145,0.12558284620348079
15146,0.042950086769728446
15147,0.13263641419812386
15150,0.22804161742418064
15163,0.1621925117059486
15165,0.05893192053919477
15167,0.1266979214194542
15168,0.05341035285483811
15173,0.12292247421265594
15181,0.13611329421725957
15183,0.17567485233671407
15185,0.16034265566524755
15186,0.1561463800231132
15189,0.09305530112853787
15190,0.06047799405629168
15191,0.12084856397445325
15193,0.15280425699512
15196,0.12782232755213732
15199,0.15608907583855594
15200,0.15997124602732077
15201,0.15798237140823396
15204,0.17110880406243711
15207,0.0599358031558743
15209,0.15882752626182645
15212,0.1437917439446483
15213,0.13477837924712552
15214,0.14312174416883514
15215,0.1594852943779137
15216,0.1616389719670148
15222,0.13830956605090317
15223,0.11503695226095147
15231,0.12968532455283271
15236,0.1564893791905187
15240,0.17490713815634407
15241,0.16183125171715132
15242,0.1728342495648605
15243,0.1545243985014985
15247,0.15609372725181628
15250,0.1314454738261428
15253,0.14266313948105833
15254,0.1480139521259971
15255,0.16601757045962226
15260,0.11197457996379521
15265,0.05735408827597522
15275,0.1131095418797975
15280,0.1480151308937477
15281,0.153378107389294
15282,0.16941588003111077
15283,0.1590016758022507
15284,0.18276721560526032
15292,0.15578667588151598
15293,0.11297005872183148
15300,0.16815779409307555
15301,0.12053161821801715
15302,0.35515550927615785
15303,0.1306651232383055
15306,0.12812064279718505
15311,0.14013045016036138
15313,0.1497722758405974
15320,0.13872677009254364
15322,0.05504570115477228
15324,0.1432865391294552
15327,0.1676385141132957
15329,0.13704086612830305
15340,0.2503178545360915
15349,0.1378486135552386
15355,0.12319751265932372
15356,0.15056545830842047
15359,0.3585859041921819
15360,0.144293158915461
15361,0.07037992903294467
15364,0.1452374827662032
15367,0.06453608991392203
15368,0.2331133928472631
15372,0.23540676707990194
15374,0.06150715082803579
15377,0.15777227310474856
15383,0.1647879559048635
15386,0.03800841392432926
15391,0.14335135218171816
15394,0.04915984504482066
15395,0.15708498450848193
15396,0.0644172967186746
15397,0.1386778529767357
15400,0.09096329834643675
15404,0.13897409092506266
15408,0.11327533709162252
15409,0.061848929595827516
15411,0.2502801099967444
15414,0.15658654301839622
15416,0.12341800974694367
15421,0.08177575960181503
15423,0.121729761036376
15425,0.054474360611649536
15426,0.14318318207394298
15428,0.16693473072727075
15429,0.12602415326187252
15437,0.15937912466601814
15438,0.057616044335750606
15449,0.12211622987917743
15456,0.1542852185649148
15459,0.18360471959645328
15460,0.15235564408785643
15465,0.16192925213688442
15466,0.1581779175197303
15468,0.17412547335401285
15469,0.05700433813546383
15470,0.12763998984663805
15473,0.21678216067512354
15474,0.16215575690770404
15484,0.11419145720756003
15486,0.14509592089474907
15488,0.12624742755145224
15489,0.04038715053617667
15493,0.14213887915569526
15494,0.1299306719663478
15511,0.05318901554329533
15512,0.15859000671828613
15517,0.1613193733771382
15518,0.1422958904741969
15522,0.04964948494356105
15524,0.16183027712623657
15526,0.1246866069874533
15527,0.13317245784909862
15528,0.12880638911956901
15534,0.13739055222113364
15537,0.16701019463455233
15538,0.15582619522946628
15541,0.04106644803341578
15544,0.1541291399534074
15545,0.13384985692658394
15546,0.055502773630002895
15547,0.061986405070544114
15548,0.16483554908194664
15549,0.17549115944791036
15550,0.13024915410075166
15551,0.06713905774465619
15552,0.05661452149648877
15553,0.1396521909970162
15562,0.124381808233834
15563,0.22844927305052062
15564,0.1528049007077886
15567,0.14418602937500316
15568,0.1349205235780134
15569,0.05943341159894013
15573,0.05969643801420374
15574,0.10801306964516916
15579,0.14590134082113784
15581,0.05728536598171139
15582,0.13983117037354342
15586,0.14964585086297771
15589,0.1353668374731791
15591,0.12660111686141892
15594,0.11140468225218397
15596,0.1317268637658788
15598,0.14344651328536331
15600,0.13291091526990717
15603,0.16747589375631586
15617,0.056867469790606646
15619,0.15078142518162496
15625,0.11366357569744256
15633,0.0621432627621348
15636,0.15518667000449962
15637,0.15718572780373155
15640,0.13011173055391081
15641,0.1349854230299624
15642,0.13826430053984332
15643,0.08567539703145786
15650,0.12035603411882774
15653,0.0674325234415587
15655,0.1874346245973675
15661,0.16547068868111894
15663,0.1374735857262235
15665,0.05960665089364322
15667,0.1452048466841844
15671,0.05690865638349587
15673,0.23207393313070943
15676,0.05497242237636604
15679,0.14468425070042037
15684,0.23165712043221368
15685,0.060448668509537035
15690,0.12035031188061457
15695,0.1192843057061191
15699,0.19355111495178043
15701,0.06622203800891636
15705,0.23629893847166394
15709,0.057123444138682054
15717,0.14968630104304123
15718,0.2738315708901799
15724,0.15262627366157844
15725,0.1314903413323491
15728,0.13892273406694958
15729,0.13763941855957884
15731,0.13803760559496633
15732,0.1340021561978096
15733,0.14087120741061637
15739,0.2362737986527712
15742,0.05429707339901885
15743,0.05856603715144048
15744,0.11925526953707129
15745,0.046398525724416745
15748,0.0554950634691482
15751,0.17520222427655527
15752,0.1439271851286416
15760,0.05970656085331749
15761,0.06136127816261112
15764,0.14542962577114452
15766,0.18468088141354863
15770,0.05617830653260137
15773,0.06368779541210494
15777,0.14833731112831225
15778,0.1793622557875488
15780,0.06698223935800228
15782,0.34746298321382757
15783,0.15634991288324582
15785,0.13848990679715503
15787,0.1512010660337826
15788,0.17682473896254355
15793,0.23666390008029192
15795,0.14655323390327465
15798,0.17482539968316532
15801,0.16714449680705923
15809,0.1335138488044962
15810,0.13566663706689439
15814,0.14281020515959084
15833,0.24755431277890985
15835,0.1742594334181675
15837,0.049511186824034194
15841,0.1284285638100764
15842,0.04833593916190285
15845,0.123005807900538
15849,0.06056052564368857
15850,0.059855714849900286
15851,0.05405683607902457
15853,0.12749880779727443
15854,0.14303744788450115
15857,0.06236705599373179
15861,0.25516620482526614
15868,0.23123428779593425
15871,0.13963939106605897
15873,0.11462971028236267
15876,0.13184886654165415
15883,0.12987698984015175
15884,0.11908886854014526
15887,0.08519164269855523
15888,0.12377080056257132
15890,0.1383884998828602
15891,0.15870691623141184
15892,0.13302254905957564
15893,0.12493961746993487
15897,0.12962669659728715
15898,0.2525922757998916
15902,0.17170016892347262
15903,0.06362738587115728
15905,0.15626604999146712
15910,0.14507244194789162
15911,0.1490953095341089
15912,0.1361889437146049
15916,0.06106230826767073
15917,0.05333842161874066
15924,0.16976039643699817
15930,0.18028761331453425
15932,0.16019501636886094
15937,0.1329332541132923
15940,0.1436945459389052
15942,0.14199194725360534
15943,0.2437268766776788
15946,0.1330803318562945
15948,0.05392167604894055
15949,0.05802752273907424
15952,0.129833841598418
15954,0.05891205106676484
15956,0.14046493446884348
15957,0.08175542761322242
15960,0.0614505997832426
15962,0.12654310643973007
15965,0.13070194752604758
15968,0.15028390627565028
15969,0.13754560328379647
15975,0.12584465031359146
15977,0.22861156281764602
15982,0.1526424052570534
15988,0.1450515070032321
15990,0.0598464144527065
15991,0.05674872048202186
15992,0.05090351789274309
15993,0.19352038949807293
15997,0.146343430345204
16003,0.12310835720765245
16009,0.1500195886123356
16014,0.16378263992428077
16015,0.1510995812729096
16016,0.06211674650215201
16019,0.14039422524950831
16026,0.12289380536528131
16029,0.1555489979771049
16030,0.16179441141214845
16031,0.055785022643168786
16032,0.13934794740479683
16037,0.059493206254192264
16045,0.16798157952039872
16049,0.16163059045643982
16051,0.13643197867244497
16055,0.17879902430335637
16061,0.14992206960261648
16064,0.15740091443180396
16065,0.04172099905314389
16076,0.2519668019880598
16078,0.2474839389142229
16085,0.14248345505842577
16087,0.06037950390109914
16088,0.17047273986689018
16091,0.13983356757441143
16092,0.13805742745171576
16093,0.14397189370816266
16095,0.14763851764014171
16101,0.1263162185989634
16102,0.15020090323291682
16110,0.1601823138704418
16111,0.14444634385656605
16113,0.1645351171491326
16118,0.16394554247214602
16121,0.04428518235728618
16123,0.20966198015000384
16127,0.1442452958545526
16129,0.03719835236893709
16130,0.13219342161353148
16133,0.13233612850625956
16135,0.12744707309026918
16136,0.12485558706815199
16137,0.16993529957680664
16138,0.058256738452897805
16140,0.16421559812928652
16141,0.15556310344269073
16142,0.1272958968562405
16145,0.15085276726927613
16147,0.16890519139303753
16148,0.1846207999485029
16149,0.1491917995783034
16163,0.22481850446569115
16166,0.05291357251671414
16169,0.12070503609548382
16172,0.1545242861313065
16173,0.17696887586753682
16176,0.14867067019711114
16177,0.1508732910358557
16179,0.1523567153059672
16181,0.03730873916037383
16182,0.2847238456216558
16197,0.15314302676566985
16198,0.1421443387953799
16199,0.13349156927264424
16203,0.09810872470547642
16204,0.06961211287371664
16218,0.08912643587724939
16219,0.17833906095447097
16226,0.15959886803483583
16227,0.11790566392487285
16228,0.15053408935435944
16229,0.1598163153096468
16230,0.1467624326637935
16235,0.12167927912232028
16237,0.05814466871660906
16240,0.12282457783365257
16242,0.13311552907994154
16246,0.1714954189888126
16247,0.15695200454812364
16248,0.1376452744766752
16254,0.3871665649267865
16256,0.15981431636624552
16258,0.12417606687434775
16260,0.05845609762435449
16266,0.1508446195840448
16270,0.14659021224288057
16271,0.15052261409685838
16272,0.13235559722876114
16274,0.13541713479831283
16275,0.14767406446407652
16276,0.05605242753696291
16277,0.15001250422948265
16278,0.04031668861470212
16279,0.14557407079440135
16280,0.16344134011580638
16284,0.1358336393834759
16286,0.11742400627314609
16288,0.1701640499139222
16293,0.1252053574007043
16299,0.2435600786010043
16300,0.14138646519710055
16307,0.12876640978775392
16314,0.1553514822070264
16315,0.13518324127771383
16319,0.14281838254930987
16320,0.17594551116862397
16321,0.13485929277581613
16325,0.055647657181026905
16329,0.058053493088842424
16333,0.04452812172937759
16335,0.15113846199483494
16336,0.1532290280182934
16342,0.14221117822764662
16343,0.2353171945207051
16346,0.16246193255795857
16347,0.13073707596197046
16348,0.1617983329218419
16350,0.06259272359538369
16352,0.12268208123328635
16354,0.1509553190298551
16356,0.14823029735260973
16357,0.16555767902628307
16358,0.12450239532409485
16362,0.128160964992142
16364,0.05796067916157709
16367,0.14174575531765699
16371,0.12541242537188477
16374,0.14470605340310091
16376,0.15448267505442567
16377,0.18511778139780277
16378,0.16108249528993737
16381,0.0848951456293427
16384,0.14147877182600546
16386,0.14289013247530546
16388,0.12099186664810378
16391,0.15532798787254157
16394,0.14819814352163355
16397,0.05852054211112279
16398,0.16855626831233736
16400,0.14463096904659709
16404,0.1709872691518857
16409,0.12605021496665167
16411,0.11430702103117434
16418,0.2507303382452266
16420,0.13337337916330916
16421,0.15696071478781884
16425,0.12385475122115348
16426,0.13930755208657244
16429,0.1576638874103136
16430,0.16164713363808358
16431,0.055053521941725525
16437,0.06292663332627685
16438,0.04477208696813329
16439,0.12664132239717374
16440,0.05836415198688527
16441,0.14454386160926339
16451,0.1273275469890348
16461,0.14363913837027276
16464,0.22952463225980368
16466,0.22288681122365128
16467,0.12704986317671238
16468,0.15917205199027643
16469,0.14481614268741477
16470,0.16489140192481935
16483,0.17418505154172595
16488,0.058120444719321894
16490,0.059701095457540786
16496,0.17122312497501238
16502,0.06425861337292664
16511,0.057273109795248134
16512,0.14791808684081045
16513,0.1462709356375801
16514,0.03262824237371412
16515,0.05397269774842709
16517,0.1535851693603791
16520,0.05834743031412141
16525,0.1495205559818335
16529,0.13507336409623152
16532,0.14507009892602382
16536,0.25406759352083547
16540,0.061556865662227955
16542,0.143993554932765
16548,0.13167296825189403
16549,0.11571535924581207
16551,0.2908797616705127
16552,0.1250084651122377
16557,0.14260552118161682
16558,0.12170335228065678
16559,0.16053844765097894
16561,0.14274988132931887
16562,0.13959446297460418
16564,0.11409310782006542
16566,0.12911636652008676
16572,0.1538510247106102
16573,0.15869093051190342
16574,0.17688341499819613
16575,0.05973849025288313
16579,0.16955846049922219
16582,0.1158293539146986
16584,0.16514940126179545
16586,0.13357457790929586
16588,0.14606445689848263
16595,0.14814203046111554
16597,0.12665034381010123
16600,0.15296599238613742
16601,0.14887971959947913
16606,0.34679553582571615
16608,0.04410783274105903
16611,0.1375568247802714
16613,0.16690568416342036
16619,0.1493500155563361
16622,0.14915606481316118
16624,0.1395791827019428
16626,0.14564547141082773
16628,0.13864878016251037
16630,0.1384667925947439
16631,0.06592885708588435
16634,0.13956248752609057
16638,0.16287608645197849
16643,0.09998801668444496
16645,0.20555934621211192
16649,0.15303440991788045
16651,0.1484694527406957
16652,0.12373806460281563
16653,0.09314576622459898
16669,0.1633740128173405
16672,0.1493607698697742
16677,0.1446806039750394
16679,0.1404685751057961
16680,0.15019303331242898
16681,0.05692500972556297
16684,0.04257149724346342
16685,0.12307480700562197
16686,0.1661462856360015
16689,0.11746879665287996
16690,0.04239096851158027
16692,0.13117471666038594
16693,0.05432165983645491
16696,0.05981809711338149
16703,0.2213506002216589
16704,0.04466727194593717
16707,0.12497539125849084
16711,0.1135842477347906
16713,0.1253992493923298
16714,0.3697380879263135
16716,0.12032571504435825
16717,0.15394248007018604
16718,0.1282386758287345
16720,0.05366409974864583
16723,0.11965711830568748
16724,0.23087940852707942
16728,0.28699480290870943
16730,0.13235464664678886
16743,0.10749563609481072
16744,0.04276711374936729
16748,0.14214284807597627
16750,0.13725086333854927
16752,0.14501862301240329
16753,0.12900322864088046
16755,0.16858552743927083
16756,0.05575562504435804
16760,0.1468517917659159
16764,0.0569176980417049
16771,0.1385443313575649
16772,0.17732798502497774
16776,0.14292017044014538
16777,0.06888858926042808
16780,0.15737993267912662
16781,0.14776401631292127
16788,0.13645709227440034
16792,0.13259112400396958
16794,0.1629992278692516
16795,0.057920211847746574
16796,0.048431162683261635
16798,0.12485832581604568
16801,0.15420466598978003
16802,0.1333056376174434
16803,0.16072372657658882
16815,0.1385436415346115
16816,0.11655941764088999
16818,0.16415503490581462
16819,0.1820958368638356
16824,0.1198950226295911
16829,0.1359923108289208
16833,0.14657316328485434
16834,0.1327029881508194
16846,0.15659707848734855
16847,0.1491257592820302
16848,0.14359599795871195
16852,0.13256461944865222
16853,0.1520508890632095
16857,0.13715639376674513
16858,0.15851361837367203
16861,0.14029370691721707
16862,0.16043733921919806
16867,0.13722770451897992
16869,0.13625439791349994
16870,0.14642764723464122
16872,0.13977219859675719
16877,0.10157479716890754
16883,0.11961629847161115
16890,0.06657340126267469
16893,0.1324900802830329
16894,0.06442830645369753
16897,0.12992274468559836
16901,0.12968401405723218
16902,0.10110818491318842
16906,0.050811026184404286
16910,0.0428054880530227
16911,0.27658481872543494
16921,0.12367206889425221
16926,0.1536765090714083
16928,0.15423540290700363
16932,0.1741575035760705
16933,0.13024161770365486
16935,0.14643556345020023
16943,0.155997162435624
16947,0.04203689788036307
16948,0.14266677620471155
16949,0.05693634643429449
16953,0.14547016145752856
16954,0.1346115775906384
16956,0.13724821837114984
16958,0.042917977118013116
16962,0.13389175170081793
16969,0.06177630167143891
16970,0.04022106710696172
16979,0.13520729095612555
16981,0.14745341337291276
16983,0.14919240045141272
16984,0.11915806816813972
16985,0.12545049173546235
16987,0.14852169193518416
16989,0.27369186290164943
16990,0.16831722801963864
16992,0.14762859584639176
16995,0.13357411487070006
16997,0.35496318132040044
17000,0.15552910506353057
17002,0.16138484054724725
17003,0.15552384260178323
17006,0.2263948740508319
17007,0.16306142626322082
17008,0.05171960833360381
17014,0.12942451310313044
17015,0.1453712846541644
17018,0.16938248289434996
17020,0.07961618697447408
17024,0.24708755461628398
17026,0.21297119319856014
17028,0.1411883914770071
17035,0.13278046844598865
17038,0.14169068923302072
17041,0.2517437372567242
17046,0.16192867866305596
17052,0.04697501727219542
17053,0.07783694534544347
17056,0.11644465584924445
17063,0.14549006390600086
17068,0.126734997618972
17073,0.06000698982559627
17077,0.14612145585505434
17078,0.12701575647513663
17081,0.14085787689848042
17083,0.1468202186063411
17085,0.13657178619477817
17086,0.14315387492927575
17087,0.13613188652871566
17088,0.13825481577256055
17090,0.14732485867813758
17093,0.053245500490773236
17094,0.06253285546056236
17095,0.1314306063051642
17096,0.067719738478798
17099,0.15399133880215907
17101,0.15473711732619602
17102,0.14843360105728853
17104,0.14534254689338846
17105,0.14177176666455635
17115,0.12974651583189836
17116,0.14810005961659709
17122,0.0598841015542279
17123,0.05710033645067555
17127,0.14216880851384112
17128,0.15853939809511458
17131,0.1517399100476316
17136,0.149145630262667
17140,0.05316102649873769
17141,0.1422500490309753
17146,0.10034204664250847
17147,0.05385135849182813
17149,0.1786464680610046
17155,0.1498084430385215
17158,0.19922560127268166
17159,0.1259015561957648
17163,0.14686994836925865
17164,0.12430985079575708
17165,0.15668616999060478
17169,0.21715598613182707
17170,0.12147084022002243
17171,0.16697469094562564
17172,0.09591941680744293
17175,0.3679976458230166
17177,0.1305028241061158
17181,0.12699124788159616
17183,0.05471912832779577
17188,0.12153458079669639
17189,0.13735982137793804
17191,0.1248597603116453
17192,0.12844891075001463
17194,0.12401462988350985
17210,0.12156548703603925
17212,0.18286198112654317
17219,0.2661347368597766
17220,0.14230438660725517
17225,0.15269578123473504
17227,0.15427489127812877
17228,0.05281481025739021
17229,0.05660743650939195
17231,0.1482667789216814
17232,0.1562682526369913
17233,0.05131654564906809
17237,0.13028900209989225
17240,0.1519400513058394
17241,0.13875492510702103
17243,0.1102860932483322
17246,0.1822238110332879
17247,0.1153870731632158
17251,0.26237036606095887
17253,0.13570167602548067
17254,0.05476561390428052
17256,0.05330198040772799
17257,0.13130150269815424
17262,0.11861865214162536
17267,0.07365691786378385
17268,0.13341178106128634
17269,0.13133483042429253
17270,0.1494036724174273
17275,0.16913304178334718
17276,0.1673181443779149
17277,0.2595137264009269
17279,0.14637326629784694
17283,0.05963275391795486
17287,0.1285122777698163
17288,0.060652042951098974
17294,0.13297655003542716
17295,0.03998984172332906
17298,0.13867343102890747
17300,0.04733385423022069
17302,0.1776682155063288
17303,0.13200388186566472
17305,0.14255783280655634
17307,0.17310174167364792
17310,0.12128960708291364
17312,0.06335767816802089
17316,0.14294019067145944
17317,0.12667174511277637
17318,0.054979293402069356
17320,0.05657081889810401
17323,0.1379151651688411
17324,0.1226253596089054
17328,0.2333076169690749
17332,0.1397909395985843
17333,0.12371460048951631
17335,0.04418666734602963
17338,0.13788256862537293
17340,0.16536769587904823
17344,0.15428457175364432
17345,0.17147315401736976
17349,0.153735100713944
17351,0.14532407410543072
17352,0.1347517562273923
17354,0.06468576036733258
17356,0.22629990720387003
17357,0.1504643364780915
17361,0.0638689850661153
17362,0.17935026337964896
17363,0.15226155767875718
17366,0.1473896048358391
17367,0.1437507846616057
17369,0.06727881864531869
17371,0.175946791189444
17373,0.14321890109642377
17378,0.165368573387959
17380,0.15287508599050104
17382,0.15134793555549916
17383,0.15958557536364767
17387,0.1347426876893099
17389,0.15031017785880965
17391,0.08348790107321676
17398,0.14532282995894405
17402,0.13238954187839758
17405,0.23949077346694678
17407,0.057126739002051986
17409,0.13711900255667583
17411,0.15171384902092133
17412,0.05355336659376945
17413,0.13508680072248522
17415,0.15087412628007382
17420,0.1324944851103876
17421,0.13712777326858347
17422,0.15335335163562633
17428,0.1526524650448061
17430,0.10634678365592849
17433,0.1282527717017707
17435,0.1577674384790653
17438,0.12009169751754316
17440,0.05938836470356842
17442,0.13557833875484115
17444,0.14083590969147805
17448,0.14744392199847195
17449,0.21929096788428018
17462,0.16205870271958742
17464,0.14307109858958125
17466,0.06350474712025152
17468,0.1661972134704038
17469,0.13552617131229416
17472,0.10981001366546995
17473,0.1312929548765451
17475,0.1469865977033677
17479,0.052459011912046445
17481,0.12760577395934491
17482,0.1406709450316135
17485,0.05426256322208898
17486,0.24915167612302289
17488,0.15603702871439973
17489,0.0431119141893595
17490,0.12271641023110817
17491,0.06583433350575564
17492,0.1430189364695227
17494,0.0843222832278081
17497,0.2228381882764935
17500,0.1398411579441549
17506,0.15312585223656996
17507,0.14454801993330266
17508,0.27475806209910786
17510,0.127509657315229
17512,0.2440238208523892
17513,0.1585397295876582
17515,0.15292784639182508
17520,0.15722863635989537
17521,0.1403937622926248
17522,0.1521002669058148
17523,0.13572846530476343
17524,0.12102112219670431
17530,0.2730576292329981
17535,0.14947032163025264
17536,0.14022471591129337
17545,0.14970871905462046
17548,0.1657440592054567
17549,0.13390000626923595
17553,0.14983686901958657
17555,0.1622841645498043
17557,0.14430424902291486
17558,0.14878896122773522
17559,0.15495076102082625
17562,0.16875562910980413
17564,0.04449014425783788
17565,0.2137897372886006
17566,0.17051657355641783
17567,0.16021840392055878
17568,0.06349335097601844
17569,0.14405398348750242
17572,0.13084477670009342
17573,0.16733947025241777
17575,0.14142224209309118
17577,0.14782961271966613
17578,0.1404561767801713
17580,0.12583241369511775
17581,0.17010711262855457
17585,0.13274763758653965
17586,0.16798427040530248
17591,0.14266309321859358
17594,0.1696319468663032
17596,0.11679024433887736
17599,0.24429801955896616
17602,0.16070183250522907
17603,0.16169009465082906
17606,0.05537794283680164
17614,0.1652065319963937
17621,0.16673088218981114
17624,0.17785145296348778
17626,0.2360266717753483
17628,0.042947100642828105
17629,0.1409299914493388
17630,0.16840059835726093
17631,0.1487934617741091
17633,0.07282587541885217
17636,0.1694909308136798
17641,0.14890792631263083
17642,0.25876377361358144
17645,0.1759202980900252
17646,0.17970180160196556
17650,0.1353950282571433
17655,0.14185541825348538
17659,0.13341105388493676
17660,0.1349496769338044
17662,0.1485639829366335
17664,0.06530436882381935
17671,0.03969717960585147
17673,0.14489763081037135
17676,0.15337284513017677
17679,0.1720412373565603
17685,0.16112485153590267
17705,0.17494300966109377
17708,0.1499519904541145
17711,0.15191034253018765
17714,0.1626915321972745
17715,0.05779708613338486
17721,0.1368926615446738
17724,0.24562316404790205
17726,0.1515489031231363
17728,0.14912766474316938
17730,0.12243256107916291
17732,0.12824737288281013
17735,0.26762432247947276
17737,0.11881927970376953
17738,0.15892758153645845
17739,0.14820894308452823
17747,0.13902932146088123
17749,0.14001090485620477
17752,0.13869263991081052
17753,0.15455607441669825
17756,0.14185844650652835
17758,0.07809490747257326
17760,0.1514998972163916
17762,0.14198445570129706
17763,0.22703053034303677
17769,0.060416328600129354
17775,0.1414068370374034
17776,0.0604023556123055
17781,0.16749197893248677
17782,0.12734740148443627
17783,0.05361351750569907
17784,0.17370621560140168
17785,0.13063964550646867
17798,0.11993116182116041
17799,0.15655234337355126
17800,0.26352628129885436
17803,0.13156790809618632
17804,0.0468714481387734
17805,0.12026772014348242
17808,0.1662563056054617
17817,0.13762357083966847
17823,0.30867231907845394
17824,0.13941089788808853
17825,0.14973505566800646
17827,0.05533067427678933
17828,0.1510194851826672
17831,0.1340486906298068
17834,0.1323164316107571
17835,0.2680420545192442
17837,0.12508228730219076
17838,0.16515113340436527
17839,0.14482499032535234
17843,0.17429579875947562
17846,0.3482850864587745
17847,0.14862105876134277
17848,0.15346552033734404
17853,0.0693400939741961
17856,0.14187338176640493
17859,0.13316377315063907
17863,0.06375715735360608
17868,0.0619754339343686
17869,0.1283219852369248
17870,0.1989738895079003
17875,0.06296407073980226
17876,0.14701387111184946
17877,0.1425133064670285
17879,0.1628789872140012
17884,0.15005620065754796
17885,0.0687638517001824
17886,0.04275643731215032
17890,0.15023951296245291
17897,0.08233007679359854
17900,0.0768603528643131
17902,0.1421370897178005
17903,0.14728441187720487
17908,0.14311104245563422
17914,0.15712325464888685
17915,0.14910877602603811
17916,0.05941571923625997
17920,0.14557841415101275
17921,0.17991504440239892
17924,0.1527234175470332
17925,0.09538416211507166
17926,0.08219202765148198
17928,0.21407257591007603
17930,0.1347121950653903
17932,0.11453873540804084
17933,0.15888797084191345
17939,0.1515407374330348
17941,0.2495437154123984
17943,0.22677033556481482
17947,0.057339587933194124
17948,0.12991718860373772
17950,0.14229579362149503
17956,0.1288501493274485
17959,0.13362969534442207
17970,0.18291265060708337
17973,0.14685442318273415
17974,0.15606385211052967
17975,0.1266857046214592
17976,0.15230507182925446
17980,0.09579243968161681
17986,0.17134974201358233
17987,0.06550468124613117
17990,0.2241071556884844
17994,0.1325537231517403
17999,0.1395885459821623
18002,0.05915214912396669
18003,0.05162536092641167
18005,0.2123621678726053
18007,0.23106218289367586
18013,0.12104960516332212
18015,0.05496380993514239
18016,0.12830498866915727
18018,0.1322161752148955
18019,0.14568463381011018
18026,0.14148449605413793
18030,0.15839907609679285
18032,0.16072312191310098
18035,0.13869395736551418
18039,0.15019000246555012
18042,0.12740518607383475
18044,0.15163029005961878
18045,0.12303402023513799
18046,0.16080483211959767
18052,0.13255008896044368
18054,0.06069498185150544
18055,0.16611749287857386
18059,0.11496530256007272
18066,0.139142101297326
18072,0.17168133426061835
18073,0.039709472955992524
18077,0.16219205503797776
18081,0.058712391212764614
18083,0.11879676076465163
18084,0.1478414731340568
18085,0.12696431565013935
18086,0.12816282984765806
18087,0.1515567328772384
18092,0.1535512592491777
18093,0.09333263349433944
18095,0.060460559864894035
18097,0.12996764285337478
18100,0.14253075551469796
18101,0.11046714903400072
18103,0.1528551060107649
18104,0.15194483668433365
18105,0.12784479404087457
18109,0.12145990413176062
18110,0.1787300782735192
18113,0.1777296775563911
18117,0.07038494617505432
18119,0.1395183195578519
18126,0.17051626720477972
18127,0.05785551913404854
18128,0.04894462528955829
18129,0.14993044883249454
18130,0.13288026647503579
18137,0.372928058207776
18142,0.1454586474424485
18144,0.051471333580758394
18145,0.11670284639952185
18146,0.13047386460123422
18149,0.17676617794978444
18152,0.053813963118993204
18153,0.21219465624168496
18154,0.14356258515335696
18155,0.1435764660449165
18156,0.17338670932794276
18161,0.15668627372846133
18163,0.06909292390251343
18165,0.06300378750074814
18166,0.13991271912116543
18168,0.15157180581279117
18172,0.0535375399996203
18174,0.1530906068993094
18176,0.06288061193507392
18177,0.07010476716377091
18179,0.16530128738661218
18181,0.15992427083533614
18182,0.05603333262869372
18183,0.1570715522052661
18187,0.13681500602687904
18188,0.25092210398656123
18189,0.1637571239253159
18194,0.14470024936560025
18196,0.14736581587949202
18197,0.15227077059355895
18198,0.08550330769103791
18199,0.16059449342174867
18201,0.1545980799805384
18205,0.13307215890184088
18206,0.13967770475927183
18207,0.15668964311599365
18210,0.1295769166930341
18212,0.13833720310316874
18214,0.12413573880741909
18215,0.1293809680409901
18216,0.14632485049764773
18220,0.0620027948105095
18221,0.23730390729999043
18222,0.05485372709725752
18223,0.18633379661427826
18227,0.14942732340379206
18228,0.16847994613742756
18229,0.06343372381751865
18232,0.17364624753195793
18234,0.15536780160736632
18239,0.1500856128650586
18243,0.15692431996367553
18244,0.058821414224512536
18245,0.16510747292655997
18246,0.08932820023039041
18248,0.1468300591371338
18250,0.24687220790320108
18253,0.2530067359661432
18254,0.1329811796205127
18256,0.13976749228355442
18257,0.1426775540714097
18263,0.06086096403078619
18264,0.039129084700602806
18266,0.1393753976496141
18267,0.03885522989669747
18268,0.12536965533093555
18269,0.1611129994401099
18270,0.14287525834558903
18271,0.2682641721212519
18272,0.12422533964651365
18276,0.1579794971317766
18277,0.05844027374759762
18280,0.1357876158860923
18282,0.05548826950032069
18285,0.16218261388298294
18288,0.3691715851238461
18295,0.0574893765196598
18298,0.10386919287164102
18300,0.12117781854081028
18301,0.13508103274742012
18302,0.11719728105360964
18304,0.06104836620191043
18305,0.1346524280403034
18306,0.22973640702778605
18307,0.06142947551725044
18308,0.06277304355618336
18309,0.1310222817904787
18311,0.15766494622740387
18313,0.15757714860911246
18314,0.15796321253596857
18318,0.16154895358174118
18320,0.22301564261534232
18321,0.12388945674169612
18330,0.14882932950546715
18334,0.13112155760175928
18336,0.05390773489273864
18337,0.13813745798791346
18338,0.12076848856764062
18339,0.1438523098891122
18341,0.2506835810499191
18347,0.0652242143759093
18354,0.06083608487522448
18355,0.054933203296317006
18356,0.14127830921760343
18358,0.12534138031568942
18360,0.16930632224243466
18361,0.135009942226194
18363,0.15857145043399748
18364,0.22988391099501912
18367,0.1392629275331717
18380,0.05625106603507363
18383,0.13436258251597463
18384,0.1345309221956251
18385,0.1448410491623705
18387,0.37262365840389994
18390,0.14328258923944395
18391,0.18412959915510307
18392,0.13956115172116426
18395,0.3573359361689013
18396,0.17150541343516057
18397,0.12902605085270863
18399,0.14944510763004915
18400,0.22762727881222458
18403,0.15801705506029967
18404,0.13119169923776594
18406,0.12450798030141876
18407,0.2552071964521962
18413,0.13535980475371526
18415,0.1530144274477365
18417,0.17217695024232116
18420,0.05815835393314287
18422,0.1142297738030865
18425,0.05736402461016401
18426,0.37776283460298227
18427,0.04659655198179911
18428,0.14278685157648605
18429,0.15635244137256427
18430,0.1251237350646314
18431,0.13807504551288372
18432,0.16569876568712472
18433,0.3661618109165364
18435,0.1434721044468508
18436,0.1024827159978229
18437,0.052864264975299634
18439,0.12246293379034179
18444,0.13581033313075744
18446,0.14630672007350373
18448,0.14722924341429744
18455,0.08530781953360937
18457,0.14236864422377396
18459,0.17206794998065864
18463,0.18772490587073198
18464,0.12975170771945885
18467,0.13280432595184213
18469,0.1533696399243917
18471,0.06229448548479577
18475,0.1362685408565524
18476,0.05567014513026144
18477,0.11867957857116833
18483,0.15007807380067037
18488,0.16322331908449716
18489,0.0684835127547933
18490,0.130944685617854
18492,0.24854348292266218
18493,0.12888579953726054
18494,0.14318519384725029
18498,0.0895468990176428
18502,0.13125072395634155
18503,0.04526176405494239
18504,0.1488074021056396
18506,0.12769866229652016
18507,0.15401438176697843
18508,0.13053396444093235
18512,0.1348641692136703
18515,0.05049409086191608
18517,0.16548709838194348
18518,0.14046336237502763
18520,0.13828623066056547
18521,0.12279951227649322
18522,0.14677209085798973
18523,0.12855717649599963
18524,0.061135853092651904
18530,0.1282342553466288
18531,0.14217814102199058
18532,0.05417632861288046
18533,0.13962456330934153
18534,0.1687739487057852
18540,0.13307810323652436
18542,0.13249836326700512
18543,0.1329552741689999
18544,0.14702253299297233
18547,0.1405152505330379
18549,0.04237454764621292
18552,0.1588855243761607
18553,0.17200896187715417
18555,0.14599101524947014
18558,0.17381935323913278
18565,0.06130059659687989
18568,0.2488932502235083
18572,0.13612179876092256
18575,0.15883801338985257
18576,0.16023851929640395
18579,0.13795437206827707
18581,0.15608661916469735
18583,0.08596651184911423
18584,0.038860762615248096
18585,0.05771863538325795
18590,0.055020129858830286
18594,0.14521524870136943
18595,0.12952440039739552
18598,0.12845115663158915
18600,0.21365990591504713
18601,0.3667877716314438
18602,0.12421111694444598
18603,0.23737085702345953
18604,0.03963068655840126
18610,0.13506522805711269
18611,0.14858051438840322
18615,0.15322051496647543
18617,0.12921134333535872
18619,0.16922074322535538
18623,0.05666549397024223
18630,0.13769812241526636
18631,0.1813299997750777
18632,0.058587286362546294
18633,0.13884308657888542
18638,0.14654005052022945
18639,0.1196129284688537
18640,0.13296030500300618
18641,0.05721578676796139
18645,0.17161143457469438
18648,0.0929530848949614
18649,0.13256292151694
18651,0.1341895021553342
18653,0.07944097722629362
18656,0.16434613572730475
18657,0.13553212855409322
18658,0.15801312914049526
18659,0.1366405581455721
18661,0.15267012060914079
18663,0.24644077696525082
18668,0.1632060013413256
18669,0.13227762734528467
18671,0.13755910823390502
18672,0.0791804877503005
18673,0.14958744177850264
18679,0.13858449002369788
18689,0.1458578458011408
18690,0.14642776608526706
18692,0.13491573288498626
18694,0.13444179797925263
18695,0.1805350855253374
18698,0.15361163257595997
18699,0.1415915940881173
18704,0.1487869727168523
18706,0.35713974016387434
18709,0.15646970856211437
18712,0.17226335817558788
18713,0.16889079127636267
18717,0.15398180940823808
18719,0.396031995548132
18724,0.12498363649921851
18725,0.06020946314061487
18728,0.1581182249926452
18729,0.1289468295804509
18732,0.04913742124241597
18733,0.13592747467230712
18734,0.06331460470596965
18735,0.16705674752403668
18736,0.15960758871367098
18739,0.13407002467207554
18740,0.1642744217240737
18742,0.15445163638055878
18743,0.25384294825835335
18749,0.05579701404384992
18750,0.15219561837207943
18751,0.1225129740162189
18755,0.13348963727321975
18756,0.04578975508603231
18759,0.14644372678753825
18760,0.06813980897158259
18762,0.15828196970325184
18765,0.14409610802860937
18766,0.14581773475621745
18769,0.11991876349492303
18772,0.13449729266475427
18773,0.04468082635958806
18774,0.1531171151415046
18778,0.1433787870166923
18780,0.06453289165785916
18782,0.13832282459031428
18784,0.1365758160808165
18785,0.1614402933497777
18786,0.1573206376368768
18801,0.08561715582508361
18804,0.14558538759209094
18807,0.15877209551496577
18810,0.22745177246131623
18811,0.13145238790199795
18815,0.133083006882298
18816,0.15857272015771362
18818,0.15718188026412575
18819,0.16120822869302967
18820,0.16878455917288138
18821,0.2568582799042664
18822,0.17659247599624214
18825,0.14820796091607527
18827,0.24283788508372386
18831,0.13550703861419086
18832,0.15392857922463252
18834,0.21465343761175504
18836,0.13887983842831533
18837,0.13123803520437707
18840,0.06180734826488082
18842,0.10767114232704127
18847,0.13252451550584943
18849,0.13851507710455413
18852,0.12734197984257498
18854,0.1513220595561267
18855,0.13464931917490944
18857,0.12356631735202232
18859,0.1696611918192408
18860,0.16057856840990503
18861,0.15050402324703308
18862,0.05351990714801408
18864,0.14435370087674496
18868,0.1347697298798271
18870,0.14882819947473958
18871,0.05919566392680175
18874,0.14626012034712724
18880,0.19975770508266502
18882,0.13966169119699445
18884,0.12572222023429283
18889,0.16648938053036302
18892,0.17006030608970477
18894,0.24616397638468754
18895,0.15708688532868664
18897,0.19130386484491613
18898,0.05692138307811143
18900,0.19397382164876897
18902,0.15055134797816297
18907,0.17273162718791568
18909,0.16637998861938955
18910,0.3439209620157409
18914,0.141785340290562
18917,0.13564211931927614
18918,0.12962543802505813
18921,0.2625205416912392
18924,0.14259576973392507
18925,0.12268664172906123
18927,0.15674245268758477
18928,0.0574543895541866
18929,0.1213200982411164
18930,0.14357402329537902
18932,0.15215952646866215
18935,0.0547015614371314
18938,0.049293870970086855
18940,0.12771865487519687
18941,0.14323625043028482
18942,0.15572310743293813
18944,0.06348931144138513
18946,0.14968790902383053
18949,0.12656800515647187
18954,0.058953414183536036
18956,0.1475086020168259
18957,0.06211282264481188
18959,0.15511754605581998
18960,0.09093782259654169
18962,0.15925032943809309
18963,0.17092814895674638
18964,0.28066016444111114
18965,0.14431703276660038
18967,0.11989428887537434
18969,0.14472762270775416
18971,0.22092970230696052
18973,0.14290519799938553
18977,0.14003362157977853
18978,0.15315061776980346
18981,0.16202988781302854
18982,0.06065475871413206
18983,0.1592820281243112
18984,0.12750033367014332
18985,0.13617050756069451
18986,0.1613943136543118
18987,0.1299492708701289
18988,0.1236105783864047
18991,0.06608731660709105
18992,0.1352548115556733
18993,0.14657567357744014
18994,0.2617473199421663
18995,0.14081113942364734
18997,0.13804313732206613
18999,0.13126703315149732
19002,0.12244626542557636
19004,0.12730535968040077
19005,0.1090923354842226
19007,0.13112500312902367
19010,0.15022502500406318
19012,0.13328127803600787
19014,0.13067583972283073
19016,0.16295235269775388
19017,0.1775656146415353
19018,0.1417329175691174
19019,0.15039251824896335
19022,0.205011321764525
19023,0.27318433550675764
19024,0.23857240101901914
19028,0.13926154532375926
19029,0.05308065035860119
19030,0.06373966069730529
19031,0.18915894110526366
19034,0.14466814256764482
19035,0.052444258218801776
19036,0.16797956349954557
19037,0.13634491658414497
19038,0.1584226826744972
19040,0.04250305652898897
19042,0.23423425485801166
19043,0.12417605236386736
19044,0.11742277003301006
19047,0.21965387089548238
19048,0.17021129571634674
19049,0.1441190706914556
19051,0.15120653242399704
19053,0.13667491073361127
19054,0.25296635450511534
19056,0.1257442579684123
19057,0.1642438553012754
19058,0.1401003206906476
19059,0.12510179919214762
19060,0.13457400525811525
19062,0.1501448147229343
19064,0.15981149784202367
19071,0.2545870517500341
19078,0.10432405625140051
19079,0.13965034204025706
19080,0.12028441303215369
19081,0.06459826987187783
19085,0.14928868411364807
19088,0.15461920403745807
19089,0.1534926553494891
19090,0.15308703387830688
19091,0.2577966055737991
19092,0.11708344123326718
19094,0.13920463402156016
19099,0.16534009307868405
19100,0.14593094504424267
19101,0.06103857410633546
19103,0.14767518629294954
19104,0.16004424732676184
19106,0.14317796270932118
19107,0.2426195359789527
19108,0.14748580442414286
19109,0.036552779378251056
19111,0.14504733251312202
19112,0.15077590544279007
19113,0.13984667444180351
19114,0.1484173843267098
19116,0.15817322555742483
19117,0.16477400920455562
19121,0.14387003814164587
19125,0.23190500608815692
19127,0.20176118575418442
19128,0.1340634304566437
19136,0.13249632873487752
19137,0.12761601370072853
19142,0.15280981317255668
19143,0.12755457301733383
19144,0.13816721096372445
19146,0.1475181928027727
19147,0.12241814233019384
19152,0.06793047398042178
19154,0.05789542772088387
19157,0.14138499045566438
19160,0.15194594546651852
19161,0.06393876462830936
19162,0.23391501156675074
19165,0.05710621592588591
19167,0.056074766445204934
19168,0.1611373663039156
19171,0.06374281480434175
19172,0.04163938010009621
19173,0.16240797470638454
19174,0.14291865407434778
19176,0.13271452457075067
19177,0.1564721781198011
19178,0.044935448183259175
19179,0.22776772519921015
19180,0.20130335289514897
19182,0.14910330920058518
19184,0.1551517454682277
19185,0.041810477350558095
19187,0.0630837452575533
19189,0.24379025119312062
19191,0.11705459236087955
19193,0.14095880813464431
19194,0.16217223299883163
19197,0.19198392943745857
19198,0.13722054777094594
19200,0.1576996262747788
19202,0.04588022942401429
19204,0.07992305342378997
19205,0.13668565068663632
19206,0.1250209033511767
19212,0.0576104017695682
19213,0.13183366340320693
19214,0.3844399035265622
19222,0.14897089074593298
19223,0.16159575828899841
19225,0.23188676318725168
19228,0.15779651944515438
19230,0.3827393359258338
19236,0.15318446516830123
19240,0.16280683041335317
19241,0.15791165550499509
19242,0.14001450879014873
19243,0.33143672998087853
19244,0.13312215382955184
19248,0.13992132647672248
19249,0.16246202054560024
19250,0.1480369999634982
19251,0.16111274630847797
19254,0.15443230156440857
19255,0.14393886642530399
19258,0.15153583859195094
19259,0.14249505141633373
19260,0.24430715947281845
19261,0.12748192499505653
19262,0.06101252398152945
19264,0.13327320723038932
19265,0.17579690281016394
19266,0.1489314016028409
19270,0.13247143065485834
19271,0.13022896510229767
19274,0.15322656302982998
19275,0.14656037289334078
19276,0.09553945583377976
19278,0.055900855349942546
19280,0.12760234855673258
19282,0.14621523551535875
19287,0.17950608792936126
19288,0.14507882744642894
19290,0.1529672647119413
19293,0.17109869426484803
19295,0.21919134803417487
19298,0.20127501606218431
19299,0.19122106536862662
19300,0.06264282015370826
19301,0.1244457670182848
19304,0.1366521489096745
19305,0.16220475589823188
19306,0.12261117483766061
19309,0.159710569506078
19310,0.13065154360823308
19311,0.2220964328691636
19313,0.16885767904475055
19317,0.17194303112527473
19320,0.1610838464331391
19322,0.053588608792373434
19324,0.16831724564049147
19325,0.14378158860882548
19326,0.09950902705790689
19328,0.14304727020732558
19330,0.15102085294766965
19331,0.39950042032768823
19332,0.13976112877974486
19334,0.15225144126110293
19337,0.13989108013913018
19338,0.14383484973883517
19340,0.12584249562967284
19341,0.13734314582060891
19342,0.1445158224254523
19343,0.16982107027135762
19347,0.3545686237420731
19348,0.18115805611540906
19349,0.2314344493673478
19354,0.1553735502840402
19356,0.14639718727960477
19357,0.13209658301409136
19358,0.21216020650831893
19361,0.13087498724152968
19362,0.1387618814434748
19365,0.14191136630638734
19366,0.13070350685604615
19367,0.1705010401517227
19369,0.13472902451970092
19372,0.14708942294712674
19376,0.050837209505473435
19377,0.1516688104747264
19382,0.06031485683981033
19383,0.253394738822613
19384,0.16252682822329365
19385,0.1394305363070524
19386,0.16769574005171575
19388,0.14863857107380932
19392,0.14351790050411584
19393,0.16129244423014108
19394,0.12589545508006053
19395,0.2189130701544566
19396,0.14447624610398832
19397,0.12698943781422278
19399,0.16961565710773682
19400,0.17279832603266632
19402,0.15032259445075402
19403,0.16598438447765518
19404,0.1184764520755421
19405,0.13447162249152397
19406,0.14152424303425107
19408,0.12057206787306296
19412,0.1819467209145704
19414,0.1446398950836058
19419,0.2314738690501025
19421,0.1664519522380796
19424,0.12421788787906235
19429,0.3695674772882467
19431,0.15268193675406913
19432,0.1409192050297704
19434,0.06024230985113583
19435,0.1376408918968222
19436,0.1348736430706915
19438,0.13809499822857338
19439,0.25474819171729446
19441,0.05970971840305069
19442,0.05719092032453538
19443,0.14247862848291307
19447,0.10867070512611827
19448,0.12507347210187142
19449,0.13554002062902784
19450,0.1619503456396901
19452,0.14661241467788103
19455,0.2517377456750752
19458,0.13869808663402475
19459,0.15752567980838386
19460,0.14499051876667482
19461,0.03831415859343799
19462,0.13560588123079162
19463,0.1487745126682182
19468,0.15648663567637408
19469,0.05356145702593893
19470,0.3556876714317175
19471,0.23063939356102506
19472,0.1420983707182775
19474,0.14432938956363656
19475,0.13420575461610165
19477,0.14834297470126687
19478,0.14609920965664594
19479,0.2590970378740051
19482,0.14715448588181088
19484,0.2576523489278523
19487,0.1389490569348387
19492,0.13378842705319427
19495,0.1384369257037348
19502,0.14155598219117238
19505,0.1280388737556214
19506,0.12948422414554506
19507,0.12378748239439215
19510,0.1246422174793651
19511,0.37447667848757465
19512,0.04007601741046916
19515,0.15208990764232985
19520,0.16560654211909037
19521,0.13911737251170483
19526,0.16265811373652533
19527,0.14462954610693357
19531,0.2634245912324948
19532,0.13330057850207674
19534,0.14769810730539287
19538,0.16284012293860936
19539,0.05472761962295274
19542,0.11311975565730137
19543,0.11755756308325001
19545,0.1502762726638787
19546,0.15926763613216374
19548,0.1773179375130407
19550,0.1599734541948181
19552,0.1296924165998663
19553,0.028174709789462835
19554,0.13714712860940645
19555,0.135253836386245
19556,0.1559236719652186
19557,0.1444420676598621
19561,0.15830702944419817
19563,0.14632487787680246
19570,0.1283086793873279
19572,0.14806696122244753
19574,0.2367914610554196
19578,0.13144525821203565
19579,0.15652060705988222
19582,0.17656942570692014
19586,0.04722561039864176
19587,0.08935909660670949
19589,0.12156393949301142
19590,0.06095714068464886
19592,0.14267167367801903
19594,0.0683981048698505
19596,0.23558995146375675
19599,0.12321249415680606
19600,0.12477748691092562
19603,0.11767601064332651
19604,0.14013181075651335
19605,0.17222316926966577
19607,0.11896664351474025
19616,0.05590848260935346
19618,0.06395623151161832
19619,0.05701045306309466
19620,0.13503854030377618
19623,0.12903950915524623
19624,0.1830599344477385
19625,0.13862785176658496
19626,0.1685236031318833
19628,0.13743385151596016
19629,0.1661890127639881
19631,0.12345017617036826
19633,0.13744913583335935
19634,0.13736204723841128
19635,0.26115615686215715
19636,0.16331500785463626
19637,0.1323670124656469
19639,0.17307376358826446
19643,0.1463005278141021
19644,0.1555810304450538
19645,0.17884888125186216
19647,0.16347854589818153
19649,0.14728702464136345
19650,0.1581348650341697
19652,0.1597806552985428
19653,0.16932728339563305
19656,0.12791097493657552
19660,0.15180046732628039
19663,0.1477491115504673
19664,0.15960378440378148
19666,0.16098508614408122
19668,0.138637566869931
19671,0.14301290389669874
19672,0.14634900645981327
19674,0.21083798762617323
19675,0.1394228531228622
19676,0.14587531671433204
19678,0.1577707505082488
19679,0.14771112413432327
19680,0.1849341513893706
19681,0.15728082188089476
19682,0.12713875113705075
19683,0.15183442669237135
19684,0.12241247913525129
19686,0.1312385169819353
19687,0.1476397065131517
19691,0.14992610854882787
19692,0.13479766272384838
19698,0.2216405046795867
19699,0.13662115780505443
19700,0.14003136607139466
19702,0.13920793143585627
19706,0.16208361827155546
19707,0.3631898579513669
19708,0.1306874703803899
19709,0.16756466110158427
19710,0.1333649306223799
19711,0.14707759294997563
19713,0.08180319116203334
19714,0.13436235448903325
19716,0.16736306954479915
19718,0.117274174947421
19719,0.16264708035451778
19720,0.11618151051996813
19724,0.053832469527982145
19726,0.25068350818705964
19727,0.14783185392069975
19728,0.05517663545236947
19729,0.14491164822753955
19731,0.22719356186935136
19733,0.15973505493140439
19735,0.13108787319777293
19736,0.1575223004071087
19743,0.146892774727168
19744,0.1443681987890404
19746,0.13011108430143006
19748,0.15315878634582467
19750,0.15096756426384908
19751,0.21575677781082245
19753,0.13510822178873794
19754,0.14852155062673508
19758,0.12347375884558738
19760,0.158265595982062
19766,0.06308149069473541
19769,0.04599190577473855
19770,0.15237282039703168
19775,0.1540244277100856
19778,0.12382602243172651
19779,0.05299394518313
19781,0.1314569562847334
19782,0.37443659740066354
19783,0.133354912151989
19784,0.056005939189544746
19785,0.2570501587415385
19788,0.2357402583502817
19790,0.1438896118584875
19791,0.06062778439211811
19792,0.05706362350510418
19793,0.1393505509270885
19795,0.13308636944242305
19797,0.2552846112080793
19802,0.06767160917420313
19803,0.15994875970304703
19805,0.1492407981977675
19806,0.1455718297420305
19810,0.16615602924578146
19813,0.042843646372735654
19818,0.09990140088344755
19819,0.14898696040882894
19820,0.16606152850765968
19824,0.17966146548667514
19828,0.12835472899884956
19830,0.14560410679908328
19831,0.24824395907302652
19832,0.04459165289659558
19833,0.17452563569106982
19834,0.1472694162537482
19835,0.12779264821702685
19836,0.13368127564964424
19838,0.15063585745286875
19839,0.15722141254174585
19841,0.1581141392968983
19843,0.14105138820358473
19844,0.13543563535237688
19845,0.1391294354105726
19847,0.23298780171866593
19848,0.17399740712167053
19851,0.20999098111491496
19853,0.17384421835870398
19855,0.13954429518234537
19857,0.16534408322008365
19858,0.14782364246414414
19861,0.06333313726319609
19867,0.14804211465482303
19868,0.14296912889687144
19871,0.1244994052240087
19875,0.15069882019877212
19878,0.14367701114513698
19879,0.063421274095184
19881,0.16752599857489145
19882,0.13553736143567438
19883,0.13475654889347463
19884,0.2358355191603129
19887,0.3817601290970076
19889,0.14094475065610532
19890,0.15197237573239003
19893,0.21857916838581207
19894,0.24001020005477539
19896,0.13422645150576576
19898,0.35214012398698163
19900,0.25019608006504823
19901,0.1483786298202137
19904,0.16187151659383306
19906,0.37403575329198063
19914,0.04033939224487094
19916,0.06295878595845371
19920,0.23879719442254702
19921,0.05899715896611113
19922,0.1370084806530879
19924,0.2719603112040625
19925,0.14418601419031596
19926,0.15815466969328318
19935,0.053412615157024834
19937,0.10205971035495104
19938,0.12293466050945688
19941,0.1510898363148602
19943,0.12157029658912506
19946,0.15833150231204127
19949,0.06110103635434255
19953,0.1509795745038519
19955,0.14934990742164625
19957,0.155146334569817
19958,0.14924683699089966
19959,0.16703066779047107
19960,0.15328917440760503
19963,0.13527289894059955
19964,0.35554391501816823
19965,0.17103551013491447
19966,0.16598544252415912
19967,0.13097656899831567
19968,0.16273561034649955
19969,0.0520674314909394
19970,0.04307642212111656
19972,0.11553424198778954
19973,0.1388900658421595
19974,0.09592181466207643
19975,0.14524842361484303
19977,0.26896991259714825
19983,0.057942010796974024
19984,0.07526792421565932
19986,0.2501472365069159
19987,0.1527793962738902
19988,0.15364794664129414
19989,0.12011758192842743
19993,0.11510897366413858
19995,0.12283749089701183
19996,0.1728823970767125
20001,0.14285355139502684
20003,0.12726245392845595
20004,0.16452623049559176
20011,0.2638348193559899
20016,0.20381915520300464
20019,0.1624951185919887
20020,0.12466752432767753
20024,0.15549462831439523
20025,0.27543857161678836
20027,0.15087351820915185
20030,0.15868864233755195
20031,0.05338095708877444
20032,0.13311682347992496
20034,0.16377854067014685
20035,0.13685023955186995
20037,0.07155076519342755
20039,0.145541046490383
20040,0.14156870039510946
20041,0.1435076941578262
20042,0.15180374299683855
20043,0.1583263976858612
20045,0.13151843892278592
20047,0.17767268495574298
20048,0.2557503001323229
20049,0.1429694177001756
20051,0.28632569357210885
20053,0.15307917681066507
20055,0.15327759164105723
20057,0.23987298073728755
20058,0.1502374715626571
20061,0.14470540513480615
20065,0.15820794785221426
20066,0.1338949842493082
20067,0.1405863427718884
20068,0.05380186758298097
20070,0.1743935808433876
20072,0.1339559425142928
20073,0.1748932267107665
20075,0.1765590319744198
20077,0.2352595933669405
20078,0.14066808666353917
20079,0.1513591066275344
20083,0.13169616540184478
20084,0.09078216886414688
20085,0.14089577475884682
20086,0.06313848026185433
20088,0.13047007887047277
20089,0.159777161756259
20090,0.04641807007745622
20091,0.2997629143245126
20094,0.17023416250253265
20096,0.15765525784710913
20098,0.11912428498051053
20100,0.14579873938964963
20102,0.18339312499836502
20103,0.16346172181805874
20104,0.17431074135630345
20106,0.13158186692172005
20108,0.3994876114335703
20110,0.16267093384123862
20117,0.17041698622178061
20118,0.3540092589047223
20119,0.14323696930730026
20120,0.2726894043251528
20126,0.1137547187808791
20127,0.13180636260806192
20133,0.1355779410872825
20138,0.1308949607705737
20141,0.1428106551949835
20145,0.1767284236532646
20146,0.06560217533771633
20148,0.146008254049289
20150,0.1586190629156681
20151,0.14697243673534144
20152,0.1605586454051897
20156,0.13020099005192792
20158,0.15427166829609007
20160,0.1454860245749271
20161,0.06399297390743666
20162,0.14826286301923913
20164,0.16734417497225182
20167,0.12206671569936561
20169,0.1559632394201645
20170,0.15542159547327528
20171,0.1432657359242219
20172,0.05941017473831933
20174,0.1187323707161053
20175,0.14893423963782804
20178,0.14304188332592518
20181,0.1364111142087279
20184,0.058975649082654576
20187,0.26068074659846174
20189,0.13799028690143533
20190,0.14948944534401595
20191,0.13181010016626368
20192,0.15298495371859763
20193,0.15891793233114374
20197,0.23933933431497922
20198,0.12429207479254757
20199,0.13299946459283682
20201,0.14529881822621374
20202,0.1100662496673569
20203,0.15413402804362453
20204,0.14757875785569005
20205,0.14457049493633586
20208,0.05869614260068148
20210,0.1517045262918829
20211,0.13778772892588242
20212,0.14688491066488119
20213,0.14959478795119982
20214,0.15577200158244192
20217,0.12979286543928548
20218,0.14516577043308118
20220,0.14574306202029533
20221,0.12369412250853362
20225,0.13461759102703186
20226,0.15274170186436298
20229,0.13850727872807234
20234,0.16350834157534178
20238,0.13863612254036617
20241,0.06746658951973743
20242,0.1641491525226166
20243,0.16597277362946025
20245,0.1449344121809922
20248,0.16606382444964826
20250,0.1495893836408071
20251,0.21160911420390063
20252,0.14148626815168153
20255,0.0643382595984657
20256,0.13646035755285077
20259,0.05562373651008829
20260,0.06284103337822204
20261,0.1349606653075113
20262,0.13683641717565279
20263,0.1323617360386942
20265,0.03900575680685373
20266,0.25199096047462705
20269,0.05617457007154186
20270,0.13900840847256465
20274,0.11604644443075962
20276,0.21711070238503893
20277,0.2607337128819665
20278,0.12316917983520992
20282,0.13513158496999675
20285,0.1421880764732313
20286,0.18444214455035102
20287,0.06235152099346882
20288,0.23296212878651454
20291,0.22790762645079318
20292,0.05924419945067936
20293,0.1486353058474104
20296,0.14935464399072915
20300,0.1433460327273398
20302,0.14408775276800964
20303,0.15533538170463015
20305,0.16231914043672976
20306,0.17203123988602353
20309,0.13082005885201778
20314,0.2567666073659423
20315,0.1259386314741188
20316,0.1406564130366681
20317,0.12639932755506528
20318,0.14504773841475793
20319,0.1105654925415539
20320,0.17777848072435143
20323,0.15662944002520607
20324,0.05903649843575922
20325,0.05875143112765305
20326,0.059147605651224365
20327,0.12520173322010283
20330,0.12094270302600456
20331,0.14588131075269006
20342,0.1572991424897253
20343,0.13714896757336628
20345,0.16689473599971202
20347,0.06432951674907557
20348,0.13947737731050214
20352,0.11075390973483856
20354,0.058036358819185195
20355,0.14087025818688373
20356,0.2586314096978883
20357,0.15737093760314655
20359,0.1284770517335681
20361,0.1469469841123807
20363,0.06144683543922302
20365,0.15550346182914498
20367,0.3376033800004962
20370,0.05718086191617649
20372,0.11754888948551129
20373,0.1542476921629777
20375,0.36261821765155694
20376,0.13707154848240757
20379,0.06170813766957059
20380,0.14549138461153324
20383,0.12921483136680736
20384,0.1702883170974013
20385,0.11563060134851004
20386,0.13194864562250483
20387,0.1769912564782914
20389,0.13777418450594428
20391,0.17726186369633604
20392,0.07205339224372538
20395,0.15024981633134218
20396,0.23015722237525513
20398,0.30467166924266403
20401,0.1426828556441566
20403,0.14931321471987447
20404,0.14203933601754862
20406,0.2539161519524024
20407,0.1468647313566479
20409,0.15056291629429475
20411,0.1335972323213592
20412,0.1485084761492603
20418,0.15740874141102754
20419,0.15218432939272067
20420,0.05750283716653418
20423,0.1366373697872811
20430,0.17851865657789287
20432,0.13103416036488033
20433,0.38343848035349665
20434,0.2506076991949636
20437,0.1363648645264586
20438,0.1569776401149482
20439,0.13591906301317117
20440,0.13110024337362122
20442,0.12582343433974108
20444,0.2511240318214166
20446,0.13224142885324683
20449,0.16846397944453284
20452,0.1366535372368008
20454,0.13882033288723802
20455,0.14352745348158488
20456,0.13356306179496658
20458,0.15102568460767687
20462,0.14692035238441326
20464,0.15404773857769397
20465,0.1254067764208623
20467,0.1516838224951499
20468,0.053628487473510726
20472,0.1775029163220445
20473,0.06130542374037059
20475,0.13117692117837776
20477,0.15489626914378626
20482,0.1372400034580715
20483,0.2557049500019541
20486,0.24358351558211058
20487,0.16762102578306193
20490,0.14772811300972932
20491,0.13583034730871021
20494,0.06530614582206103
20495,0.13932720284864816
20496,0.12661255140933408
20497,0.13141502365743404
20498,0.22770800874524963
20499,0.14372413318605523
20507,0.11459959718437868
20508,0.14676736651803882
20509,0.06732179740097706
20510,0.13966630945079406
20511,0.14701574445548735
20512,0.05647815200643471
20513,0.166844159823492
20517,0.14160330496752313
20518,0.2535355177829808
20522,0.1655038112074632
20525,0.15991704218948655
20526,0.13055581098824484
20531,0.23041012415690496
20534,0.16000256789161274
20536,0.1351661012220605
20540,0.1353661458091553
20544,0.15189821911104537
20546,0.16028245866279953
20548,0.05744524023015268
20549,0.14056848173995273
20550,0.06097364022186046
20551,0.12265956957762081
20552,0.13531935361900183
20553,0.13185099674706371
20555,0.23115954041965914
20559,0.1627129713182726
20560,0.13820772683791116
20561,0.25443411944452227
20562,0.14156147173929676
20563,0.13909590433130914
20565,0.16132716289572613
20567,0.14190413230092955
20568,0.180684639719639
20569,0.15134929328128832
20572,0.13325414132680158
20580,0.16952139761944407
20582,0.1449562231529876
20584,0.2784237128405426
20585,0.1591111034055322
20588,0.04940843421443769
20591,0.15639327733020597
20596,0.14232493121390524
20597,0.059510417717470905
20600,0.14663987052762906
20602,0.2136313136691137
20606,0.06039971784684534
20609,0.13879852447434157
20610,0.15630782481632255
20611,0.15836697032763689
20613,0.14492962207219282
20616,0.2220980372064895
20619,0.03945027921906195
20622,0.15606063169510787
20627,0.1354966673598527
20630,0.13841816921806344
20631,0.05424970006738452
20637,0.12469956698536182
20641,0.26151394404028655
20643,0.26679939436167793
20645,0.15077429209385826
20647,0.11631748225832438
20650,0.14937531264603676
20651,0.12594100478438766
20653,0.16887429192803693
20654,0.16124824812566488
20655,0.05883267330648636
20656,0.1684479592220183
20657,0.13510223968242066
20659,0.04347299742588822
20661,0.0655494621827405
20662,0.06241823517676794
20663,0.12981150217370743
20666,0.15284615447279634
20667,0.12478459041340169
20668,0.14607161202657618
20669,0.25056416945210963
20673,0.060987796573231286
20675,0.1485153652882039
20676,0.17552889295767127
20677,0.13771140820250435
20681,0.13194100125120123
20684,0.12683668645219992
20686,0.14204295972941083
20687,0.13893237484777587
20689,0.14068534322222195
20690,0.14511383913444306
20691,0.14447064059697085
20692,0.1387462892122277
20694,0.12537472152896664
20695,0.16039972126285335
20696,0.06129825639938025
20698,0.14587294348353666
20700,0.18490654608001697
20703,0.1469205021351826
20704,0.37006707126282107
20705,0.13918051099547035
20706,0.1187896985866531
20707,0.1510880117142062
20710,0.2821265415969303
20711,0.13609236000781913
20712,0.07361735473936445
20713,0.14841556574974815
20714,0.16296857469303452
20715,0.14959611721793656
20716,0.16154837238109368
20722,0.1393868546861359
20724,0.17459011721985293
20726,0.2470792360727271
20728,0.1757434716242131
20729,0.26058968628644386
20730,0.1505144015067289
20734,0.14778230280199403
20735,0.0552158488158761
20736,0.14043982159055404
20737,0.1350031058240109
20738,0.15619562128488504
20742,0.23982141714074703
20743,0.040589971902116946
20744,0.12851519771438477
20745,0.14679460809715802
20746,0.15198030652536906
20751,0.09999988531886249
20754,0.14263656394554297
20756,0.25196018202818155
20758,0.1337191750975987
20759,0.15026759652081542
20760,0.17062152997005797
20761,0.21790505021662043
20762,0.12145145444637599
20763,0.0851553108996978
20764,0.12737737262478654
20767,0.25329018690321997
20769,0.08329618917548644
20770,0.14607922359807587
20773,0.1404362030173797
20775,0.3405420647586535
20776,0.1178405688233608
20777,0.24325465923363887
20778,0.06386014744783021
20782,0.13439304533465113
20783,0.13208531668980047
20784,0.12213194070032717
20786,0.10058563424545085
20787,0.13846544139522507
20788,0.13374030815001015
20789,0.042796816998625635
20790,0.05981026178706861
20791,0.13287521973255387
20800,0.26441330581278494
20801,0.13703470583956812
20804,0.14375959411533196
20807,0.17889337291580742
20809,0.05983107719164534
20810,0.35160118343648045
20812,0.37103278522937
20814,0.1450758672008491
20815,0.14309616820737106
20818,0.0365139415575389
20819,0.15890052865019919
20820,0.1528064098350989
20821,0.149851803039417
20823,0.14269107862406646
20826,0.18246577911283812
20827,0.28195306971573525
20828,0.15626419053614712
20829,0.12726362040288983
20830,0.17504176797059445
20831,0.12869264668516756
20833,0.1448985237618531
20835,0.06461398164500397
20836,0.12871182717175553
20837,0.16848475674019345
20838,0.14305559150681815
20841,0.14892559178636597
20842,0.15547400075584217
20843,0.1485331537489152
20844,0.11844972846639341
20845,0.1456400148585902
20849,0.23576948842035686
20850,0.12882046516873888
20851,0.15418522780189262
20852,0.1618842250351444
20853,0.16967663369183703
20854,0.1449298417823315
20855,0.14995630304998606
20857,0.06439677247187821
20859,0.14628470004644611
20861,0.14119260625198138
20863,0.16236207080100593
20864,0.2674753088614745
20865,0.12401384726417257
20866,0.06860072333529113
20867,0.22900828685458352
20868,0.23268672543220315
20869,0.1610193676013042
20872,0.15918002466499862
20874,0.05745586453806334
20875,0.1532292765730669
20876,0.1376517821964838
20878,0.16000349540576278
20879,0.1545808282375398
20880,0.056384456643647246
20882,0.2349296507139389
20883,0.23016875087794628
20885,0.038442260204528435
20886,0.14862378648170793
20887,0.06372963181834616
20888,0.15784938215774985
20889,0.12644242153378848
20891,0.1331273235098416
20892,0.1572820636669137
20893,0.1484187116861442
20896,0.1365789916538154
20897,0.038470076626473816
20899,0.14720937741022483
20900,0.2550844553347383
20901,0.1440498424132304
20902,0.14792015025420346
20903,0.12534594153742806
20905,0.1305699562414248
20906,0.2179718642376044
20911,0.13867679489048237
20912,0.17675990254627702
20913,0.16276347345140532
20915,0.1275384304541347
20916,0.17029758255049576
20917,0.3545167205523909
20921,0.13370828648602187
20924,0.1208561185694826
20925,0.15025139717424976
20926,0.14804905093392004
20930,0.15111925785677985
20932,0.14844800671009625
20933,0.14412984477127314
20935,0.1649281437578638
20937,0.1016711865803147
20940,0.1638075103120076
20941,0.05536067760385374
20943,0.1258249328895666
20944,0.062136672461041376
20946,0.0869591912372284
20947,0.1451746993005714
20949,0.14932116631728062
20950,0.11156676168996811
20955,0.12646464331408191
20957,0.15199218672386922
20958,0.1495591564152146
20960,0.15414301360540392
20965,0.23064127613154248
20973,0.25917381709172743
20975,0.12839627605077822
20976,0.17631845234470644
20984,0.15915695030093166
20985,0.13714085517153413
20991,0.27480445952404786
20994,0.049110765172152675
20997,0.14253297960334718
20998,0.14168909008012814
21003,0.14172412329433007
21004,0.15692347079793964
21006,0.10571256103713893
21008,0.12485786361708577
21009,0.06353418865686931
21010,0.14605435000667144
21013,0.24057178288424844
21014,0.17106763192062335
21016,0.14005355557684154
21017,0.13070604650312326
21021,0.05825381644573383
21023,0.13160257996488378
21024,0.14225095966567025
21025,0.12573715505573616
21027,0.15715881070799512
21029,0.06611380038103283
21030,0.06828987341562892
21031,0.054070840250288445
21032,0.17687536727849587
21033,0.16269568095041984
21034,0.22227910051565328
21035,0.06076601938744092
21038,0.14054747978177506
21039,0.11909397451440235
21042,0.15031719605160812
21046,0.14142072551135876
21047,0.14229306849582887
21050,0.05880057679182182
21051,0.23303289638878347
21052,0.14285436109759184
21054,0.051386231108542714
21056,0.1705425188833315
21057,0.14123207336309543
21058,0.1400029920817165
21059,0.12618046630615357
21060,0.06521534420505355
21063,0.04129694407541536
21066,0.06196025208505276
21074,0.16070177594204832
21076,0.15399983305236553
21077,0.1511373142091922
21078,0.1215813918323802
21080,0.13411856262205415
21084,0.038219257216187
21090,0.22338611130425998
21093,0.11554324727942944
21094,0.1403181218939862
21095,0.22904158828011936
21096,0.1471247117919718
21097,0.22340678867724542
21098,0.06152486563948397
21099,0.14793864518979474
21102,0.1695518151537585
21103,0.1584633379559948
21104,0.13544908848962875
21105,0.13753626654770598
21106,0.21045535873877372
21107,0.17253769248138462
21108,0.1549402460293532
21109,0.05771231551953065
21114,0.05612921518930381
21119,0.14011858405441316
21120,0.12657159997563572
21121,0.14393736902626544
21125,0.1612409873004169
21128,0.14608020548797243
21129,0.06183999926115175
21130,0.1415418240366234
21131,0.1269823068201101
21133,0.24505146378260853
21134,0.15376175348637136
21135,0.13264213673105021
21137,0.12156223358953311
21138,0.12888185079170997
21139,0.05999016250993985
21140,0.13831205727667384
21141,0.1337288439586631
21142,0.1430301032431109
21143,0.15311759238388487
21144,0.1200844848279396
21146,0.08886104657120303
21147,0.164479543785364
21149,0.1373369252652723
21150,0.15531113491728346
21152,0.24070120326581027
21153,0.1524648652628105
21155,0.06566097339845715
21158,0.120736473822618
21159,0.14845878161660506
21161,0.17145822552901716
21162,0.12686039253144157
21163,0.1592241845813754
21166,0.15327619018252034
21167,0.16751016727421622
21173,0.1215821192005007
21174,0.1532207116262846
21177,0.16007843816223447
21178,0.1487939750841803
21180,0.2573305500463661
21181,0.05697889475381662
21182,0.05681616840251175
21183,0.15718542749900413
21184,0.13949225966346462
21186,0.12758898944303185
21187,0.2236933772582589
21188,0.13649144202561606
21189,0.16189212079653686
21192,0.15252327292466802
21193,0.16656712102421012
21196,0.04452740483815711
21198,0.1559483383937206
21199,0.14467305355688875
21200,0.17477744052357047
21204,0.16502374951961085
21206,0.14068850619599435
21207,0.13420151108106612
21208,0.1571631385248884
21210,0.13586684004925662
21211,0.053789254179516625
21212,0.12602925959228453
21213,0.11440617149449546
21214,0.14492168007268286
21216,0.22087480910905644
21217,0.06188386454882938
21218,0.16190801767923155
21219,0.2376588745717464
21220,0.14224584555526007
21223,0.2590138422364534
21224,0.179534641295829
21226,0.2699125992735247
21227,0.13144972725312007
21229,0.036619515055928
21231,0.1624921686058166
21232,0.16111874883263397
21233,0.13896296709018904
21237,0.13091601628790525
21240,0.13615929197735183
21245,0.2415375960490116
21246,0.15658488390612715
21248,0.15770648276261728
21251,0.1283721682012627
21252,0.13276014218173102
21254,0.1298325689211807
21256,0.15472062285533042
21257,0.14966443218317943
21258,0.18118557803054644
21259,0.24176248189210767
21260,0.16450738181126845
21262,0.13682879559770872
21263,0.18591075976835691
21264,0.16925876555490463
21265,0.15113840311267368
21268,0.06196874309881686
21269,0.03939609244272791
21271,0.2567117137248185
21272,0.23035757885401353
21274,0.16166694306543494
21276,0.12344457312073553
21279,0.14149499464364834
21281,0.1272264955975635
21283,0.2137332812519093
21285,0.10230522386710049
21288,0.13246084942859288
21289,0.22633255796786456
21291,0.13429256277766582
21292,0.05840718395537253
21294,0.16958868889638748
21296,0.14145847418348775
21299,0.13502506259978928
21300,0.1560071957795968
21304,0.04292168857713068
21306,0.06869124260021724
21307,0.13759730153127694
21309,0.15788064268175586
21312,0.14065586212177136
21314,0.1529984817199097
21315,0.3479486253710003
21316,0.1338634520606794
21317,0.13416119081599648
21318,0.08242290245613983
21319,0.16665861367068022
21320,0.1477615649670805
21321,0.13800715396630261
21322,0.22261403586960796
21323,0.1776362556874976
21324,0.11807035914654801
21326,0.2556519562014824
21327,0.14452261420201792
21328,0.15415439057149463
21330,0.11984753281892631
21331,0.14558677208841028
21332,0.23647898326467134
21333,0.14673878406953655
21334,0.16164272713081848
21339,0.0661427189017723
21340,0.0379638226791011
21342,0.05594224311111979
21344,0.16817433354246983
21345,0.23792482573097548
21346,0.2544613637529693
21347,0.06190225638419167
21348,0.05185090715208022
21349,0.13495897347217953
21350,0.15915000158323722
21352,0.05885269863695925
21355,0.06074776162931338
21359,0.18935237024860116
21361,0.13518128979807828
21362,0.13568665034670246
21364,0.13533278036309557
21366,0.1101657813777086
21367,0.1424647830864855
21368,0.13332847475811274
21374,0.22790143680409394
21379,0.132245542541465
21380,0.07277869523280021
21382,0.12107779655265079
21383,0.11002251730549277
21385,0.13818741482889182
21388,0.1575683899396879
21391,0.15469922687307827
21393,0.14625834753156344
21394,0.23143074247880868
21395,0.12923640206597498
21398,0.15120932418130364
21399,0.0575463561603756
21400,0.1701961148369803
21401,0.13927354052013477
21402,0.2401171661046905
21403,0.22650841907661712
21404,0.05930279161264276
21406,0.13962827070089334
21409,0.13069623455658214
21410,0.14644723730848788
21412,0.17006098409595824
21413,0.12008333726858748
21414,0.15395000984214938
21415,0.1648833173324803
21417,0.05203371619236392
21418,0.14639620546152585
21419,0.12497196945129989
21420,0.13636764120618836
21421,0.24420963305963728
21422,0.12967443773255258
21423,0.061279493723767085
21426,0.1640580996850359
21429,0.05633026320643993
21432,0.14671356484420908
21433,0.15001523306815823
21434,0.1366496283208426
21435,0.16330875035758693
21436,0.05616767050383215
21437,0.22916740970000485
21438,0.14210933201346376
21443,0.16908674704126736
21445,0.16047739551489865
21446,0.1257367471357642
21448,0.17255019460773457
21450,0.055926437355674964
21451,0.14269356911223705
21452,0.13963759197782938
21453,0.14489771212709274
21455,0.16509053348457317
21456,0.16766941619162581
21458,0.05271455299143801
21459,0.15549274618790385
21463,0.1524557063225586
21464,0.3881749236530864
21466,0.047311430371524334
21468,0.1389534596759464
21470,0.11499698376170375
21473,0.15504166588658644
21474,0.14207785174998408
21476,0.1551643867412053
21478,0.09889426255015778
21479,0.15550305486323981
21482,0.13746233874634287
21486,0.11925936614783385
21487,0.1463026428690624
21488,0.12374748199109643
21489,0.0643985247399652
21490,0.13548910869942235
21492,0.26227629892241267
21493,0.2529124596696719
21495,0.15054120117223016
21499,0.14967969734085843
21500,0.13182901637216138
21503,0.14696044885912743
21504,0.16904663486673863
21511,0.05766743908628317
21513,0.1589882775992386
21514,0.043761564317224194
21515,0.26418140150051994
21516,0.1322197003163684
21517,0.04033554930971719
21519,0.13931911117832305
21521,0.13617844131312065
21522,0.28217127741484016
21525,0.06664925283619347
21526,0.21641508318509958
21527,0.13299860890074186
21529,0.14729785155398137
21530,0.10879675303441572
21531,0.29091181192510723
21532,0.22323958831880528
21533,0.12895705422155468
21534,0.1624130479963599
21538,0.08397717894285446
21540,0.13924753400525045
21542,0.1365843715820976
21544,0.151222056853796
21545,0.06494017559805247
21547,0.1410041227441321
21548,0.14191024301591812
21551,0.12671932297063335
21552,0.16114628128567968
21556,0.11930213225434107
21557,0.13152031397935135
21558,0.13268360000721163
21559,0.22091168758489746
21560,0.11409605473298218
21563,0.061224907425273145
21567,0.15644131486622836
21568,0.1448507623532184
21570,0.06713691227286088
21575,0.14148887190064316
21576,0.3748023987924503
21577,0.0583937840874675
21579,0.13297967669609054
21580,0.05448230799728379
21581,0.13329805707931072
21582,0.13019262317626765
21586,0.15218049563215574
21588,0.146141015710359
21589,0.15111762651963323
21590,0.12878103828518508
21592,0.14782366501971975
21593,0.16664207046282686
21594,0.16439614069006867
21595,0.08343533321182355
21596,0.14649391048727967
21597,0.13802053974602957
21599,0.14661795163756025
21600,0.06094279320484328
21604,0.057841380338724345
21605,0.14936925360236514
21606,0.34276952063433996
21607,0.1500315788597234
21608,0.16111568549126362
21611,0.061651636216372784
21612,0.25254434455806263
21613,0.1586424691824314
21614,0.1638696068538869
21617,0.14335664173652266
21618,0.14223868362036152
21621,0.13677406152947458
21623,0.15718195072208904
21624,0.13140836814446008
21625,0.3729419653836418
21626,0.14268362313416452
21634,0.13566542582838656
21636,0.15416657435551115
21638,0.14746739702934542
21641,0.14013740105811381
21643,0.16463826308360527
21645,0.056736273629251766
21646,0.05945904490497692
21649,0.15567588964644177
21650,0.14674952652069426
21651,0.05943848421376624
21652,0.13462347553606432
21653,0.15866765796997295
21654,0.16304124994330027
21659,0.12277309667783169
21660,0.03356383417268458
21661,0.12239943242971789
21664,0.14097685488470088
21665,0.1312940584744403
21666,0.37900853220722275
21669,0.1499634880510307
21671,0.12437398860294381
21673,0.23271113955849632
21675,0.14947327057034263
21676,0.13928439501351608
21677,0.1296669947334806
21678,0.215295275722886
21680,0.156863817644324
21681,0.14677142477866625
21683,0.13247185972114786
21684,0.12645761354463655
21685,0.05735142144787699
21686,0.15018942453249384
21688,0.14851171383847905
21689,0.1687445793955077
21690,0.15451523673238185
21692,0.1610386678545683
21693,0.1387903416343738
21694,0.05764186365412794
21695,0.1322382228729246
21696,0.1298594727503126
21697,0.13887559449840148
21698,0.24504220403136742
21699,0.13311995683766042
21705,0.1437080275224714
21709,0.15130678812374423
21710,0.18253709788010286
21711,0.2842625933337168
21714,0.13576433169134114
21715,0.16639525889485798
21716,0.14189482625866776
21719,0.24075431357729973
21721,0.172176234920859
21723,0.1848880887232406
21727,0.2639738377318372
21728,0.13308774841391538
21729,0.1458135932737368
21730,0.055449842000924544
21731,0.17085623259681249
21732,0.0857946718902583
21733,0.14325484473862196
21734,0.15697246321528066
21736,0.13975156609834713
21737,0.14607432138545903
21738,0.1631591790387876
21739,0.18577444598971138
21741,0.17149324709858108
21742,0.15190629221690563
21745,0.2394778638174695
21746,0.05658955463961379
21747,0.1466578107466692
21750,0.11378820961438613
21751,0.10174574316337093
21754,0.14908932645448367
21756,0.16528117860017888
21757,0.14492191747150265
21758,0.14687225817569471
21760,0.13270835648565263
21765,0.14037939995044826
21767,0.12309549126578005
21768,0.13388539136125233
21769,0.1619660321866245
21770,0.12969882961171117
21771,0.12313759282366767
21772,0.17079027674508032
21773,0.14498270776273173
21774,0.16087156871716388
21775,0.13778176700797537
21780,0.15285751976541864
21781,0.16661896403584406
21782,0.1561279617400665
21790,0.14647710970498515
21791,0.1592368061794174
21792,0.151042674159693
21793,0.22558910060285142
21794,0.09632127098378418
21796,0.05502494990292522
21798,0.15387190970633727
21799,0.13120828136567883
21800,0.15459956123784557
21802,0.14286724722138258
21803,0.14730819678297416
21804,0.15020697467466929
21805,0.1304772525927316
21806,0.15271180073462662
21807,0.22251894596862135
21808,0.14946478981957723
21812,0.12736344580254477
21813,0.041501921660794146
21816,0.16041684487509386
21817,0.11863664780115064
21819,0.13906088404239483
21821,0.057416636240821016
21823,0.16158751359664816
21826,0.14929316086625502
21827,0.13546358114641796
21828,0.1485242712068815
21829,0.11770495994568302
21831,0.14715657657790027
21833,0.1398728840700665
21836,0.24727694962907684
21837,0.17642811565894845
21838,0.1467669082699938
21839,0.14825958539790599
21840,0.11915921695643505
21844,0.15474333157588036
21846,0.1412316720560429
21847,0.16264660199088468
21848,0.2403639543229714
21851,0.16043879980149336
21852,0.17235714511368028
21853,0.1642119504217248
21855,0.11851512867191609
21856,0.24310856394330937
21859,0.16720421528822305
21862,0.08198828272528218
21864,0.07158942888925983
21866,0.25670027388476635
21867,0.14235205110897328
21868,0.1503923716094982
21869,0.12981359043280885
21870,0.1353768227308754
21871,0.16989317144997104
21872,0.05789168277362722
21873,0.221269382375906
21874,0.12083281791619949
21876,0.13128423031315187
21877,0.24617326643796442
21879,0.17451959088393632
21882,0.2373123065550197
21885,0.15012809761572724
21886,0.12000417937717034
21887,0.14288176956079232
21888,0.15868744727150927
21889,0.13658558165031345
21890,0.15347360283602077
21893,0.15155061007758544
21894,0.1384312506870669
21895,0.11571504421635319
21896,0.23665988411767447
21899,0.24325975112296347
21900,0.15676994257517263
21901,0.13618240014346625
21903,0.1350529445207181
21905,0.15727440560802605
21906,0.24235671144250773
21908,0.10198765957210637
21910,0.15955680267398945
21911,0.13022322277074225
21913,0.1595171307686721
21914,0.1268023285978347
21916,0.1307661727574828
21918,0.057985303702114355
21919,0.11943819440651417
21921,0.15634790871876403
21923,0.12925379096862386
21925,0.05941977199630927
21926,0.17758194519271817
21927,0.15127876023175602
21928,0.1334625800611415
21930,0.15480430875721002
21931,0.1455322619139796
21934,0.15089258260718916
21935,0.15095384315972135
21936,0.37265561605221736
21937,0.1325705526375134
21938,0.2544602809832943
21939,0.35903380336448293
21941,0.11904228158342878
21942,0.15071440722247129
21945,0.1700547225182467
21946,0.12813801891213814
21947,0.16601456138550758
21948,0.15636132384849918
21952,0.06306920480490719
21953,0.16620124388518678
21957,0.17387768218710534
21958,0.05081123893981688
21959,0.14643469161496495
21961,0.12753047908354068
21962,0.14506790427563632
21963,0.058334184339265766
21964,0.14955449293556264
21967,0.1725289569917369
21969,0.060490580359471524
21970,0.13788483042499297
21971,0.05338093828118412
21973,0.17856594370169376
21974,0.12452502332898308
21980,0.14060088308776839
21981,0.06293343169567002
21983,0.12943640940431977
21984,0.1215924862930043
21985,0.13524497636954072
21986,0.15667044247337028
21990,0.15639271484735826
21991,0.14111682405297268
21992,0.1274671409269024
21994,0.1571404967578999
21995,0.11692055835476715
21996,0.06278964477285302
21997,0.14773252754609764
21998,0.15916828697858615
21999,0.13401734761759765
22002,0.055996962316666204
22004,0.1367742033297085
22005,0.28062008585811454
22007,0.14633831370819025
22008,0.14556930178456307
22009,0.12022333365393596
22012,0.36060017026932695
22013,0.13535185791653848
22015,0.06794805274287054
22016,0.12928616700286502
22017,0.05922409908230911
22019,0.22398325647917103
22020,0.17426261662274792
22021,0.036913640867253204
22022,0.13325988323924243
22023,0.15310921483412257
22025,0.16988287641837493
22027,0.1749339868558004
22028,0.054948687098393734
22033,0.13915700181415563
22034,0.18836909065158727
22035,0.14163330880176006
22036,0.1368990329241411
22038,0.04527249080078963
22039,0.16653026187447809
22042,0.2300138043307222
22044,0.12577241250313595
22045,0.14004418374026872
22048,0.24128591684400114
22049,0.14653714257975992
22051,0.1395036617181242
22052,0.06272297514347892
22053,0.15301652165155674
22054,0.1468817039129007
22055,0.13186804464274662
22056,0.14763985235458862
22058,0.24435339290963998
22059,0.13887991944324235
22061,0.06179343513093555
22062,0.13248338310089422
22065,0.1411214013641964
22066,0.12825431957993802
22068,0.21113879657061374
22069,0.14970997413820866
22074,0.17652445833068828
22076,0.14491182952100287
22077,0.12745740073953496
22078,0.15319763088256974
22079,0.24344988103955087
22080,0.15829682153954036
22082,0.05187656486392134
22084,0.1553132978110254
22085,0.14679203910615
22086,0.1466220387569364
22090,0.23703958095721986
22091,0.15535810389739882
22093,0.13762989801436507
22095,0.05576778704791136
22098,0.1310166594477826
22099,0.06069469724101814
22100,0.09481560371059299
22101,0.16933143613871304
22102,0.40071426160460427
22103,0.11735571080555289
22106,0.15195575376383802
22107,0.15294747216373006
22111,0.15156862789340725
22112,0.2085516240790619
22116,0.067406132840104
22121,0.21428016445788325
22123,0.06076446561956903
22124,0.06287532272977049
22125,0.11754187897057984
22126,0.15517683216266376
22127,0.09509509950400152
22130,0.13838180148310067
22131,0.17911485228632332
22132,0.06388617141292198
22134,0.24104223071136047
22135,0.14565774371454474
22136,0.2535693655667684
22137,0.15784323760972419
22141,0.1753215870009833
22143,0.1428601995714421
22146,0.1462408440159889
22147,0.12459398085890173
22148,0.24385586314182764
22149,0.12769714318594225
22151,0.15600580280284884
22152,0.13148685693299214
22153,0.13627376990952753
22154,0.14147661271107767
22156,0.18030444098726336
22158,0.1331470267744326
22159,0.15980400499204714
22160,0.15176056415653286
22161,0.14126927635643763
22163,0.08107477374878663
22164,0.23053949452667447
22166,0.15156093302551854
22167,0.05949563593699551
22168,0.2584564232712257
22169,0.16902735192261162
22172,0.15504284197787455
22175,0.13790068961732574
22176,0.05917378697525166
22177,0.11635589632532016
22178,0.2719726584810834
22181,0.13983049104439962
22182,0.13470962860262592
22183,0.05546475889059158
22184,0.13879005594207272
22186,0.34685082354619773
22187,0.16743816159046668
22190,0.18385070860616223
22193,0.12970673389326653
22194,0.13333348832967895
22195,0.16422747606992466
22196,0.05714179086357799
22197,0.24306338136518213
22198,0.0555317060718496
22199,0.17192241934206398
22200,0.14979338692640518
22202,0.2299633172113684
22203,0.14097267045414916
22204,0.153558469072419
22205,0.12478298076734771
22206,0.14200890445637873
22208,0.1476432207661763
22210,0.12446933839430646
22212,0.24608213139952997
22214,0.1367305460420496
22216,0.1681607800225585
22219,0.15769469086965623
22222,0.16917825129025665
22223,0.2465948768538115
22224,0.13915411540355296
22225,0.1526447439029205
22226,0.05595660240698034
22227,0.23342953565717592
22229,0.12381774011629604
22231,0.13907190978699346
22233,0.1603027522246364
22234,0.2543181963935805
22235,0.13470847028511287
22236,0.15334446055302856
22237,0.15219349943474467
22240,0.11335961970181296
22241,0.1764427395929483
22242,0.1514985351322402
22243,0.13823405801476998
22245,0.14668047356044242
22248,0.17096058829146235
22249,0.14863357474934244
22250,0.1695076169257366
22251,0.15822693214393554
22252,0.0582813840532832
22253,0.15640793821216173
22254,0.1264122339844311
22255,0.16021169630465637
22257,0.11712578209314663
22260,0.15188618020352954
22262,0.16665159646001504
22263,0.14892293783123506
22264,0.15079855302600273
22265,0.1490555989323199
22267,0.3354126579700189
22268,0.1796473811662843
22269,0.23433190272189452
22271,0.05721721230227845
22272,0.1471360350637513
22273,0.13448431314137266
22274,0.1816369213575131
22275,0.06933124637050697
22277,0.4037273182353585
22282,0.14570733998178229
22283,0.06906476599777817
22284,0.057010865081914074
22286,0.1586401075319085
22287,0.05741908752014229
22288,0.1455624993640905
22289,0.1551029789914411
22290,0.11850721233076965
22291,0.1335109545001878
22292,0.05837139293802682
22293,0.15352855209668448
22295,0.1448978897758607
22296,0.14772182624602814
22297,0.15911368721846358
22298,0.13123410037869576
22299,0.13261416958446778
22300,0.21958597027437524
22302,0.2146397718319801
22303,0.22583160124683607
22305,0.11505203007672475
22306,0.15286894040282073
22307,0.24204362859466202
22308,0.13529256126104122
22309,0.15135740972782344
22312,0.27024778546045136
22313,0.12371870122530286
22314,0.16634562393666422
22315,0.12797585587836618
22316,0.2516945601274983
22317,0.05500665172571281
22318,0.16237692243395788
22319,0.23999991131994805
22320,0.15505856910723192
22322,0.1651630954688912
22323,0.23785748542453855
22324,0.14826267162288886
22328,0.14293217895012533
22329,0.13792070852041124
22330,0.14293222395331787
22331,0.15613360354954842
22332,0.14072632130824117
22333,0.05560470557207884
22334,0.14699297620039628
22335,0.15146355642902068
22336,0.17563877513353532
22338,0.2507846019483549
22339,0.13506434979296855
22341,0.1316898753061454
22342,0.1540671758576226
22343,0.15813386427660026
22344,0.06330917142763677
22345,0.17515382800893575
22346,0.08732862472641789
22350,0.13503256179081127
22351,0.13766257912042626
22353,0.1391613858653876
22354,0.1686186905623145
22355,0.13254578945024442
22358,0.14153368152674792
22362,0.15841498175675758
22365,0.1503627031496529
22366,0.1687711939230836
22368,0.1299301459206823
22369,0.12454447293697818
22370,0.05485673144623552
22371,0.11419439902164497
22372,0.24855949757681262
22373,0.1334483523359502
22374,0.11722731545178565
22375,0.13810025904702247
22376,0.1700366550510356
22377,0.13365563550199114
22378,0.14616069671643814
22379,0.16173782242531023
22382,0.13067419305621705
22386,0.12360239886307238
22387,0.23075481449389124
22388,0.12019804038214364
22390,0.1454838785203574
22391,0.13018256171964968
22392,0.106137231429193
22393,0.3379012104649625
22394,0.17793804973143548
22395,0.15354246003034255
22397,0.15886043397640096
22399,0.1846766201333251
22401,0.14124145432861426
22402,0.16062953676379807
22403,0.14084293840402073
22405,0.2229046507773642
22406,0.1363393835754505
22407,0.1849593287672505
22408,0.16320400694208959
22409,0.05810449662494393
22410,0.13142556013207607
22411,0.2958508070346537
22413,0.1687819363972166
22415,0.1590064474412339
22416,0.1532054506049427
22419,0.1765091174882775
22422,0.16493242970455593
22424,0.15498912896680803
22425,0.2628538309037382
22426,0.14276999243356162
22427,0.1641291167335611
22428,0.13636895282198377
22429,0.15559609938105923
22430,0.11836702995350988
22431,0.14319837215743517
22432,0.13526172989459878
22433,0.057745040461020546
22436,0.12154525923522976
22437,0.13035497961590245
22438,0.14078473545114942
22439,0.13306755619143515
22440,0.16051881624847594
22441,0.1252025219669082
22442,0.12592878065489752
22443,0.14763352487243067
22444,0.1254894186923934
22446,0.0546403791666033
22447,0.14962768528053919
22448,0.15215532345817825
22449,0.13932786003709888
22450,0.1425041991481668
22451,0.14947543596582197
22452,0.23750279309817038
22454,0.057169328062890296
22455,0.3932493801418903
22457,0.13495271161788366
22459,0.1315878526582683
22460,0.1440890527160105
22461,0.13715994813910978
22462,0.17412155535788135
22464,0.14671172560590026
22465,0.1414530061393978
22466,0.24015902547881143
22470,0.2358944700247112
22474,0.17695278309154192
22476,0.12039011324484955
22477,0.14975555586696668
22479,0.1633478918525093
22480,0.27001989605307236
22482,0.13820831307618306
22485,0.12779316603519605
22486,0.16339713996782848
22487,0.12636099985121305
22488,0.06730270608877255
22489,0.1227184677046031
22492,0.14979630958656356
22493,0.15833940539401045
22495,0.14070711943032507
22497,0.16099253049033838
22499,0.1302886001128746
22500,0.12003863827839356
22502,0.16028400096604756
22507,0.1495992449284773
22508,0.05027333051139531
22510,0.11945599448914966
22512,0.15404359740170717
22513,0.1337238853680728
22515,0.1449513515962683
22518,0.1617931935121381
22519,0.14550693138601486
22520,0.13934598389721473
22521,0.09049687853488776
22523,0.16314485391463732
22524,0.3751899870709088
22525,0.1532209840953599
22526,0.2463923225979964
22527,0.1388277792406043
22528,0.13306334520583554
22529,0.0934580809671469
22530,0.1911190821197566
22531,0.1363219706069713
22533,0.16306349525597383
22538,0.13629401630282054
22540,0.05502588258017921
22542,0.14940655484986845
22544,0.1513338094975404
22546,0.0815130920688338
22547,0.2553465866389884
22549,0.13391303935629043
22550,0.33014131481492837
22551,0.2801608317170802
22552,0.14859139035044733
22553,0.04024700499334192
22554,0.2225178422066714
22558,0.06006764337036461
22560,0.1161073204267593
22561,0.20234840172790622
22562,0.17441096034896217
22563,0.26545723626480483
22564,0.21944205245010207
22565,0.15025911910027034
22566,0.13927391744619808
22567,0.1469037947970668
22570,0.1294107350242686
22573,0.1521158159060898
22577,0.16806483614391862
22580,0.1397758608288434
22581,0.15345619851747827
22583,0.22672717771856424
22584,0.15397729854653308
22585,0.11402509833707164
22587,0.10817873024451008
22588,0.14300353545144626
22591,0.24527999862504346
22592,0.20612316271034803
22593,0.16157227091238527
22595,0.22597503434669197
22596,0.2383615124126958
22597,0.1592196462438458
22598,0.15902443400336214
22599,0.05607816097496721
22600,0.15373827381381303
22601,0.1431353983019738
22602,0.16340801811751218
22603,0.22892522534179385
22604,0.23362506414651973
22605,0.1333980983918521
22606,0.06995174479571213
22607,0.13940109281208626
22608,0.14281365484809974
22609,0.1408374957797516
22610,0.16714302272306522
22611,0.14816370729737038
22612,0.1422246894582075
22613,0.2705784909616406
22614,0.25167969330774914
22615,0.06522828241744803
22618,0.13630125872384533
22621,0.14386785815376488
22622,0.1352794879843706
22624,0.14325026372307884
22626,0.16191533932699456
22627,0.14375632544702796
22628,0.12608356883593497
22629,0.13914521453174533
22630,0.13276736916068502
22631,0.11676014012845604
22633,0.13915608873568963
22634,0.13221448840745634
22635,0.1397270148464265
22637,0.12024277646280168
22639,0.17434805125007546
22641,0.14714185543440092
22642,0.17555453494429182
22643,0.15543609610275752
22644,0.39532994988465536
22646,0.14354052688670615
22647,0.24435801103455534
22648,0.14243255529736
22650,0.24469492107038385
22652,0.12531954507377008
22653,0.13249962333000656
22655,0.27185315452468894
22657,0.03692848928488807
22658,0.14740354544405773
22662,0.14230805732767515
22663,0.13291913199850705
22664,0.2451866359592062
22665,0.155354047702193
22666,0.2508503635091136
22668,0.16823718535756874
22669,0.15164590515564427
22670,0.18097312320469405
22671,0.17687557404151685
22672,0.09444041432125898
22673,0.06318713651695863
22676,0.13460883232930676
22678,0.16132363257289886
22682,0.15349025265721847
22683,0.14458274414476555
22684,0.12811966383057477
22685,0.13286110228430373
22686,0.15769255086407732
22687,0.23245431705135378
22688,0.12518884460838164
22690,0.15366057663964888
22691,0.143327231733176
22692,0.13752632348980956
22694,0.1374734822323156
22695,0.1519223655574242
22696,0.05434212534818914
22697,0.28699377422211264
22699,0.23545949325561208
22702,0.2721229000087288
22704,0.09829829536273617
22705,0.1536349972919076
22706,0.17702414523928267
22709,0.05533936399098249
22711,0.22362707926737427
22712,0.14902076702321762
22714,0.155328828417723
22715,0.1385987560102204
22716,0.12239645626962255
22717,0.20627331637451632
22718,0.05805101475478403
22720,0.34367847118425
22721,0.060996635589509705
22724,0.13603745073128803
22725,0.15466899063535422
22726,0.26635020594134834
22728,0.11898141983588939
22729,0.08510098010619789
22730,0.1656369144967905
22732,0.16815465847768885
22733,0.23185696536824843
22734,0.14720051611846444
22735,0.3575446786804843
22736,0.13336516285299385
22737,0.1450814522225882
22738,0.03736826493192793
22739,0.267731571068986
22740,0.27073444238147176
22742,0.14505393444002304
22743,0.15742438686169816
22745,0.1376675894153054
22746,0.04406535546819012
22748,0.394569173095757
22749,0.21206160891497902
22751,0.09323949252080364
22752,0.14345067182358787
22753,0.36692827728013305
22756,0.13375865573757226
22757,0.05238367282898478
22758,0.22156531991919168
22759,0.13390875901641838
22762,0.13614140492024698
22763,0.23898470512125622
22764,0.13685972000710211
22766,0.06524734832105557
22768,0.059569405782407735
22769,0.12501585223825865
22770,0.1219584766066536
22772,0.2606605100721246
22773,0.12962046887947373
22775,0.14016420769502458
22776,0.23070259896647763
22777,0.12975367788484152
22779,0.06221399973776016
22780,0.15244176311605487
22781,0.3986961584136446
22783,0.2027392411003771
22784,0.1581627218102547
22786,0.1633649864464327
22789,0.137973816449353
22791,0.059426883744994614
22793,0.15546591127238638
22794,0.14208818623948474
22795,0.06432850539955731
22796,0.06598395790039643
22798,0.15411457100202486
22800,0.14183643474482635
22801,0.17067845951767371
22802,0.16799823783892673
22804,0.06752254288734065
22808,0.13438433808525443
22810,0.3606649793496907
22811,0.14032604692812142
22812,0.056342519552778136
22813,0.13980354425959005
22814,0.148620048774328
22816,0.13242484314511457
22818,0.1397689472138858
22820,0.2392875144032092
22821,0.057673216298036206
22823,0.15129674748312055
22824,0.1484019627982508
22825,0.13971026291413427
22826,0.2657659592706461
22828,0.1349289957753381
22829,0.23921337254778452
22830,0.19374670473483838
22831,0.16888724143699332
22832,0.1436277282696438
22833,0.05600477847852609
22836,0.14308144317627633
22839,0.12267210771062481
22840,0.06376710979908191
22841,0.14584805038438045
22842,0.1370487972082869
22845,0.21994344568332344
22846,0.12681522783896393
22847,0.15329668036913544
22848,0.1298036825989502
22851,0.13902057003906815
22853,0.12453729621175079
22855,0.13796156144226532
22859,0.13626251408198217
22860,0.37599459209792824
22861,0.12535546429449693
22862,0.2343770135212914
22864,0.1441382848758448
22865,0.042055642168549075
22870,0.1489144624099988
22871,0.15058863240172565
22873,0.13333936493550103
22874,0.15134315761043857
22875,0.1430969402442777
22876,0.15016518554508484
22877,0.354787153450576
22878,0.13224937383103455
22879,0.35226378860421864
22880,0.15332739738275616
22882,0.133208959867126
22883,0.28789531782493755
22884,0.14186191783605062
22886,0.03864839830733249
22887,0.1340411009027835
22888,0.1429089030233068
22889,0.162469430757312
22890,0.21716454119367357
22891,0.04116020169544341
22894,0.16790792908269622
22897,0.15651703077402382
22898,0.2508582559859596
22899,0.057905301511321144
22900,0.053293906976932315
22901,0.12165415182601204
22904,0.1259159408288312
22905,0.1557683888866373
22906,0.17630134875423223
22907,0.18133432307592753
22908,0.1555725473263924
22909,0.06489869424417032
22910,0.15889741605224084
22911,0.14467535700727963
22913,0.16073225655422882
22915,0.15404997368057252
22918,0.11241991240970622
22919,0.242744080815958
22921,0.2590695434310756
22922,0.057166597793021134
22923,0.13614635150913754
22925,0.15137140951820907
22926,0.11288945245983169
22927,0.15496425387108623
22928,0.1378435241913982
22929,0.21688433428371626
22930,0.10925228524402071
22933,0.14066380925714914
22934,0.1602169612032763
22935,0.12833496506822664
22936,0.17853281489614647
22937,0.13902326647932425
22938,0.16303554802872325
22940,0.1244736146025875
22941,0.39584967008577515
22943,0.14393876747987425
22945,0.12403633216202552
22946,0.137685818528786
22947,0.21164990390929828
22948,0.23437897344233447
22949,0.2481657651467154
22950,0.16047395534644435
22951,0.13721389439935
22952,0.15382636380698536
22953,0.15874295983164208
22954,0.13591575378305798
22955,0.35017271055231064
22957,0.37716783996718606
22958,0.13707558094910138
22959,0.12695229706823974
22961,0.15576036093884746
22962,0.12812846178064027
22963,0.12363264416791146
22964,0.15525520084676567
22965,0.15075310793148974
22966,0.1525709943495595
22967,0.1577075517479263
22968,0.371494772627901
22969,0.12898906668279386
22970,0.12015952762318782
22971,0.16128826121631448
22972,0.350799283680876
22973,0.17529819792676782
22974,0.23066787092127417
22976,0.13970707966746548
22977,0.13231226832804563
22978,0.1615684458760074
22980,0.13110195199216643
22981,0.08484384566419075
22983,0.12719589361862585
22986,0.13688531428097725
22988,0.16607969109805074
22989,0.34141685843582464
22990,0.14414462884281323
22992,0.13117184723530428
22993,0.040542869479508775
22995,0.14442403871781315
22996,0.08836723747719737
22997,0.06401955772954808
22998,0.1426381131905812
23002,0.1396074390253562
23003,0.12999341962615632
23005,0.22349040191135408
23006,0.13386643543802237
23007,0.12019595524594058
23008,0.14629535295439897
23010,0.1579350206483701
23011,0.07845993055547293
23012,0.1643197493966448
23013,0.25236002279517483
23014,0.11023485279387336
23015,0.1389029192034207
23020,0.1517128097137507
23021,0.1583940256475084
23022,0.22529350947361285
23023,0.06173997919710037
23025,0.23635019637985963
23028,0.2595335426957708
23031,0.1510387896412174
23032,0.34933466645836436
23033,0.14348467568655782
23034,0.14319729066338313
23035,0.16211854649668966
23036,0.17340042977407555
23037,0.060515872751664014
23039,0.34473897162521566
23040,0.130528429031169
23041,0.12962078156457793
23043,0.12237449598560557
23046,0.1379999425592361
23048,0.057864755613511766
23051,0.15961592880397704
23052,0.15238256089010835
23053,0.14636272016323684
23055,0.16857219114218935
23056,0.13542255632227043
23059,0.16970421278630046
23060,0.13923285632187613
23062,0.14139990676384806
23063,0.13512654747640582
23065,0.150416138720434
23066,0.1422051851334777
23067,0.12436277561527513
23070,0.15851530439184672
23072,0.13442958316821937
23073,0.13523922037707975
23074,0.12855718968901483
23075,0.12506652019905443
23078,0.14199240839815178
23079,0.16248967782185283
23080,0.15884387352572912
23081,0.05051287284521105
23082,0.2432191989967135
23084,0.12056193121596537
23087,0.12800130022456693
23088,0.1486056243839894
23089,0.1551334023781884
23090,0.15174394047202724
23095,0.13652847968333068
23097,0.1384734467875128
23098,0.05548724776104272
23099,0.1310554546125597
23100,0.14182533667160183
23101,0.16250499672331867
23102,0.17853933814002632
23103,0.2422133502135904
23105,0.11538800827761107
23106,0.12912301532701217
23108,0.05741234062792123
23109,0.16143753646685635
23110,0.20510951975831648
23111,0.11810257537709519
23112,0.11637049735063724
23113,0.05849351498459551
23114,0.15527296305523586
23115,0.29106053699790574
23116,0.06245774125834977
23118,0.21969369290800755
23119,0.13346164869144403
23120,0.15086926288024863
23122,0.1759998217755514
23123,0.1371907485636021
23124,0.14061752085283355
23125,0.1189761707996691
23126,0.1475331790746258
23128,0.14881446717935495
23129,0.2517940738615178
23131,0.1272914398105177
23132,0.1464385768117492
23133,0.24718545723458582
23134,0.15646639083100666
23135,0.1490776220459134
23136,0.13746326105370799
23137,0.06669345127280467
23139,0.15152292787572816
23142,0.03930450798089476
23143,0.1520297286587728
23146,0.15320280566422853
23147,0.1304596474279202
23148,0.13774794426722128
23149,0.11176906822300997
23151,0.12823943020937767
23152,0.13392909631238167
23153,0.3710276166878829
23154,0.13589528259715628
23156,0.1484057094393157
23157,0.12057530935710038
23158,0.14523428612157926
23161,0.16099403662339687
23162,0.15376021983035817
23163,0.14862087973430974
23164,0.20008998803353836
23166,0.28317798063853183
23167,0.16871752753692015
23168,0.14622022770257112
23169,0.13395059921957184
23170,0.13174821517367574
23171,0.15258076101078852
23172,0.045194743060078126
23173,0.21632513640516446
23174,0.14954791549131405
23176,0.14868798187887275
23177,0.11099411910283562
23178,0.14372258921777434
23179,0.13286547051910055
23180,0.13279540574997684
23181,0.34053294653100186
23182,0.16059334321729443
23183,0.14003765584481104
23184,0.12703625776693248
23185,0.14916298076256243
23186,0.1306094734376686
23187,0.2351363976453498
23188,0.15057955171782303
23191,0.14814817144554837
23192,0.14589390356059703
23193,0.1483509348951255
23194,0.13453846479858264
23196,0.12207983460553956
23197,0.12896245226883238
23198,0.1403296783165611
23199,0.06871803807029518
23201,0.23537160608988453
23202,0.17593959488461497
23203,0.1399047706993116
23204,0.058264334805237655
23205,0.15888201918169478
23206,0.1407129203708972
23207,0.058294429299194615
23209,0.1482232519992972
23211,0.15932625101830192
23212,0.058323171302028
23214,0.13561282373261796
23215,0.12075783907183142
23216,0.15707948919571088
23218,0.24894396196848154
23219,0.15861835380128425
23220,0.1627732732774212
23221,0.05684479178570767
23222,0.14773695424705544
23224,0.1537066885019328
23225,0.13447997259911063
23227,0.12533811636716405
23228,0.14728307288275985
23229,0.24421955131134446
23230,0.13532508121311673
23231,0.3417499242644307
23233,0.16364875385627492
23234,0.14370172709060094
23236,0.14628680705774552
23238,0.13221776994027115
23239,0.08002755476751267
23240,0.1581021268214581
23241,0.1509546541418698
23242,0.36132842964804435
23245,0.17403822462373306
23246,0.13615706674041797
23248,0.15444415543708437
23249,0.27243031348152175
23250,0.15538548083479697
23251,0.16065714685476348
23254,0.1506455109476201
23255,0.15953025028576637
23257,0.3700823600047967
23258,0.1672729191633583
23259,0.14587897707446665
23260,0.15017001964652069
23262,0.16271059713762315
23264,0.14791536561874233
23267,0.18032335562848312
23270,0.14527693748088577
23271,0.15268622652569552
23273,0.16562873909502415
23274,0.12921702822526585
23275,0.15385506980924124
23276,0.1629572975076019
23277,0.15489838035418804
23278,0.1368499080147084
23280,0.2773636944409992
23282,0.2500225002618417
23283,0.14046069245673198
23284,0.14909074099350342
23286,0.12505059017660825
23287,0.15184056332731075
23288,0.14516564244700705
23289,0.1514061888308805
23291,0.05353332034883706
23293,0.22845361531258787
23294,0.13142869026540607
23295,0.14352558609377244
23297,0.14367310040891842
23298,0.1196235562266512
23299,0.15046553166485405
23304,0.23955946763312796
23305,0.11925710401017588
23306,0.12843296541742363
23307,0.05460300803548431
23309,0.21220910366959236
23310,0.16090638705477697
23311,0.16803756480758514
23313,0.13939929794825723
23314,0.154045224460673
23315,0.1380093127125883
23318,0.12184700435201383
23319,0.057118577995148134
23320,0.14446977284690612
23321,0.14137761691726755
23322,0.12820091776706086
23323,0.15068450584229864
23325,0.12679433749608027
23326,0.15634422505469245
23328,0.3569000652273215
23332,0.0365817547058436
23333,0.03599221678153136
23334,0.38849131241822504
23335,0.13952805429213197
23336,0.1434330396601145
23338,0.06347048340254847
23339,0.13938840273487427
23340,0.1662306056415004
23343,0.2146618125867651
23344,0.1323047346642328
23346,0.10875206284233235
23347,0.15012679335488524
23348,0.14214111775815333
23349,0.24065713860967394
23351,0.14738391043962654
23352,0.2280839125025541
23353,0.3711022129473998
23354,0.14204366780426705
23356,0.29388512501035197
23357,0.1559045252819243
23359,0.1292082608324671
23361,0.1537198477909861
23364,0.16034889552596018
23365,0.12806978084025553
23366,0.23496778159852882
23367,0.13703671371325588
23368,0.1813361117265044
23369,0.17211864126456275
23371,0.17764360700824441
23372,0.1372092857514329
23373,0.15504952530305513
23377,0.12285172026385577
23378,0.14505620987931678
23385,0.1482504605678849
23387,0.05938647065872193
23388,0.21951149329494077
23392,0.06118949617723149
23394,0.35221210140653986
23395,0.1559436968007979
23397,0.2873571485039567
23398,0.05775446641358175
23399,0.143558836385235
23401,0.15257868861477944
23402,0.13931962613695065
23404,0.15541714769450626
23407,0.23772127012707003
23409,0.13503066178456566
23410,0.15329338272943968
23411,0.05092191803956262
23412,0.1447151233548913
23413,0.07903445097893694
23415,0.15211781307752859
23416,0.1478289631567822
23417,0.13243583991017513
23419,0.13151552269793212
23421,0.06795125537232993
23422,0.13477894563291715
23423,0.15117283878580187
23426,0.14740337736837142
23427,0.14663154886406252
23428,0.12320068190750467
23430,0.18553994318289727
23431,0.13099095174443898
23432,0.13168819597194162
23433,0.1360016986257229
23435,0.05126609332708202
23436,0.13520529112766166
23438,0.15972124827189962
23439,0.06490812864646434
23440,0.1499413492519426
23441,0.06658929603932932
23442,0.12991326316881704
23443,0.14903369363760352
23444,0.14561509848055615
23447,0.05641112326524747
23450,0.1493724054676222
23452,0.14363326602384943
23453,0.14852272727557667
23454,0.14188768598471135
23455,0.05513521660262782
23456,0.05990494561859172
23457,0.1909244466917398
23459,0.13470822321597292
23462,0.14867456980474839
23463,0.22199479078186887
23466,0.1462808641475856
23468,0.14717181106172714
23469,0.13923142863762752
23470,0.14310129395890023
23471,0.23957347428489204
23472,0.2542680268736332
23473,0.1571780873531646
23474,0.24697474837575698
23476,0.15389508461755566
23477,0.12610266773576354
23478,0.15009246569004833
23479,0.26130622738911646
23480,0.15400269892036497
23481,0.14538117801745018
23482,0.1279332728672464
23483,0.22613990753178717
23484,0.14317739824561357
23486,0.13947299823304668
23487,0.1330860091681486
23488,0.14499907492354538
23489,0.12648736520143344
23490,0.24446387997906568
23492,0.14325639390889547
23493,0.03848062853448355
23494,0.2533071189368108
23495,0.37596499124793187
23496,0.15404642055794757
23497,0.1425489526016541
23498,0.09378097143889086
23499,0.12525385934018687
23500,0.1369501128837512
23501,0.05426122144798859
23504,0.1740735700830807
23505,0.12305315737463979
23506,0.12753231094994688
23507,0.23807230261368417
23508,0.1480621009912866
23509,0.10995522403515369
23514,0.1539495491450317
23515,0.060788814492860256
23516,0.062102152796254605
23517,0.2748866072264275
23519,0.2514964732943111
23520,0.12773501018842617
23521,0.13637362852239554
23523,0.12162295570641535
23524,0.14268006467672648
23525,0.14897419703999346
23526,0.1403427515000809
23528,0.1384683204334438
23529,0.13062141173798222
23530,0.13570788155097663
23531,0.16560556549927655
23532,0.04292879589266829
23533,0.055689517622761954
23534,0.03866527539296332
23535,0.13296164420168818
23538,0.09882972521076727
23540,0.06242653125003356
23542,0.052883981843593365
23544,0.1581590296034977
23550,0.22904552198766082
23551,0.22001447581565578
23552,0.2154770512014305
23553,0.1296707183351934
23554,0.14738885081483422
23556,0.15563958117378004
23557,0.16812922773641925
23560,0.14030602864010286
23561,0.12234775825814553
23564,0.14431098252748228
23565,0.15882340452087093
23566,0.14336829660568293
23568,0.2618695118546672
23569,0.03456886776611295
23571,0.16389899665186594
23572,0.05528179129604086
23573,0.13403578217961032
23574,0.15388990292251012
23575,0.12694865110036055
23576,0.18863168724243606
23577,0.1394343517207937
23578,0.2310008687519397
23581,0.23248455264896903
23582,0.13744881383307647
23583,0.15859129654660573
23584,0.14911842715953819
23585,0.08993756874625158
23586,0.1491752202129816
23590,0.10423069694972979
23592,0.06059255801607091
23593,0.13387041406296715
23596,0.16327680855875557
23598,0.1479048432762231
23599,0.11896785238474561
23602,0.14582235745130223
23603,0.27174479107621835
23604,0.2364759372402069
23606,0.12637734204564358
23607,0.12824301997117182
23608,0.09165051861072515
23609,0.27013235319485224
23610,0.16570371076683058
23611,0.07927706362740211
23612,0.06551493035389307
23614,0.0589485927430952
23615,0.13608335668114516
23616,0.13094316787781377
23618,0.15933732100055972
23619,0.14216392309780992
23621,0.13276335681142665
23622,0.14599694435632063
23625,0.14731939734572616
23626,0.14043755687036466
23629,0.14269113205278583
23632,0.14819896627839435
23633,0.1467152728137898
23634,0.14152748235909296
23636,0.14224895481267155
23642,0.14904065985472956
23643,0.1442465714689042
23645,0.13968031610553291
23646,0.16262258246618136
23647,0.13414736688238119
23649,0.2465977434837662
23651,0.12942879895576423
23652,0.1254900987575521
23653,0.09423089273740752
23654,0.37652110447601544
23655,0.16445765482205874
23656,0.14915531083935166
23659,0.14135849273167103
23661,0.059003003907544975
23662,0.14173925488941833
23663,0.16289346173546612
23664,0.17265185090888738
23665,0.1328616356711173
23666,0.17017719759717428
23667,0.13955407805663614
23668,0.05383106429223488
23669,0.16922299615776862
23670,0.12308509276981446
23671,0.15953154555740037
23673,0.12735670471696656
23674,0.1344400863851308
23675,0.13495880328299004
23676,0.22864779363015061
23679,0.21488346888998225
23680,0.1456391278768148
23681,0.13470232246864508
23684,0.3704994039303086
23686,0.1579795861157406
23687,0.12587394016394507
23688,0.03819039798696822
23689,0.1714555599810006
23692,0.3741083824769864
23693,0.1411399612595334
23694,0.16718573956841287
23696,0.11892342381016624
23697,0.14146969348537755
23698,0.1439892505366305
23700,0.10945801440579082
23701,0.15875830471169375
23703,0.18402084079518952
23704,0.1168295252229223
23706,0.06276051491225322
23707,0.1259834255522204
23711,0.1307818743352481
23713,0.35344969697478773
23714,0.14718776751793736
23716,0.1229039865103333
23719,0.1563006860199018
23721,0.1333983332406298
23722,0.13007139905811008
23723,0.16983232462695397
23724,0.14735311215758837
23726,0.04249515840099612
23728,0.11669553766130288
23729,0.24819280058592738
23730,0.3817786581922267
23731,0.13531340351906454
23733,0.140675009894199
23735,0.14350643988549835
23736,0.07420110717213113
23737,0.0845884782214163
23738,0.23838704492855936
23740,0.15933368565785883
23742,0.16163802541652667
23743,0.24482964818118513
23744,0.12337785601667688
23745,0.25341391716304323
23748,0.15348430733532878
23749,0.3458427107771553
23751,0.21937766204086176
23752,0.25348841193311455
23753,0.14126152674129855
23754,0.14477452694440562
23755,0.07890909589863222
23756,0.12786489476024074
23758,0.14012483362161002
23759,0.24496232991228925
23760,0.14320174694547172
23761,0.28572143672274386
23763,0.06001676102751514
23764,0.2513039161668735
23765,0.12365207629154683
23767,0.11638709186367242
23768,0.1413367727653123
23769,0.13098791768645915
23771,0.1557496290157314
23772,0.12655635485519792
23773,0.06019297312237381
23774,0.29563867561554014
23775,0.053197727611073976
23776,0.07533054407447067
23777,0.0381360841432257
23779,0.11816184450742273
23780,0.07191411375526285
23782,0.1179353661511286
23783,0.13538802984433715
23785,0.21212291454212961
23788,0.09570302390569414
23790,0.16559813094412415
23791,0.13120640744210632
23793,0.1631414625521371
23794,0.1780472552603475
23795,0.14171833613367046
23796,0.13541049111284634
23797,0.14181725536484
23798,0.02927415064109402
23799,0.12734766108601742
23800,0.22238207425860326
23801,0.13315512854963202
23803,0.13249211825321858
23804,0.06474073808374137
23806,0.13343798638951057
23807,0.16115837897062554
23808,0.05414912869898127
23809,0.13111995249443933
23810,0.2151613440274891
23815,0.16795760141755908
23816,0.17123510029130495
23818,0.12127427905860348
23819,0.36564790519728513
23821,0.14293308584921907
23823,0.14153549995780368
23824,0.13898397811811034
23825,0.1602168569589
23829,0.14423732329986616
23830,0.166288490730693
23831,0.05421764061167273
23832,0.1358643054696257
23833,0.2568501789671512
23835,0.13427866397570162
23836,0.13142957175783962
23837,0.15589987791725998
23839,0.07151991627825895
23843,0.2188548190006588
23844,0.14789742081971388
23846,0.17229192534890872
23847,0.13467264105537677
23848,0.13231943456975218
23852,0.16181912627329834
23853,0.13893341165100287
23854,0.1392499251863479
23856,0.12375786924919237
23858,0.14512511346347304
23859,0.38859477685574867
23861,0.15374705078081863
23863,0.1470772726167721
23864,0.14791635725112648
23865,0.14602146746205236
23866,0.13549546694357972
23867,0.11884621960253626
23868,0.14797314377375712
23869,0.03655505104052494
23872,0.14413595885584704
23875,0.1172617427907584
23876,0.14727302661836653
23878,0.13931321183550746
23879,0.1322147108746646
23880,0.24865326531242807
23881,0.14664132287427475
23883,0.1793310309131568
23884,0.12879745723994396
23885,0.1653666838571709
23889,0.22836878313765016
23890,0.13834701958703066
23891,0.13454195180202908
23892,0.15200554326430926
23893,0.20112830751460206
23894,0.14637073546129267
23895,0.12048460883827639
23896,0.08810117985207418
23897,0.14405078146544928
23898,0.17466828196034526
23899,0.06373085969149195
23900,0.08578469283692296
23901,0.1591508312027659
23904,0.15625929751158488
23906,0.2548158386439417
23908,0.14753264561263613
23909,0.1453583729331445
23910,0.21415509190512064
23911,0.17123713013807063
23912,0.1555458101342918
23913,0.16548578584830173
23914,0.2318614950904897
23915,0.13588034515871897
23916,0.14125899936726705
23917,0.15588798121887995
23918,0.09465866923562238
23919,0.23719690298568627
23920,0.1233108477297533
23921,0.14042519949954746
23922,0.21915375189712247
23923,0.22336954360940994
23924,0.14972575520266673
23926,0.14104826486327932
23928,0.24295076593944542
23929,0.23622126591947987
23930,0.15617944507967454
23931,0.055565625313474226
23932,0.12444545353585985
23933,0.13587139979423632
23935,0.15273984477238586
23936,0.1286810993860115
23937,0.12904320914272657
23938,0.2652299435739512
23939,0.14210191181781479
23940,0.36944610448803755
23941,0.14698049817972336
23942,0.14227377079768297
23943,0.04192173970125617
23945,0.1517540484996628
23946,0.12738324214324856
23947,0.13909166568005046
23948,0.3574012265878972
23949,0.17953843648001552
23950,0.13608355824183763
23951,0.1371751794840065
23953,0.1624890090872478
23955,0.05999431602284507
23956,0.14670550286647263
23957,0.23038276467611332
23958,0.13828095542329655
23959,0.36229298239091845
23960,0.1347440089583558
23961,0.14884392495414311
23962,0.10020223162388686
23963,0.14632845681820114
23965,0.13201794935110436
23966,0.041166258184466294
23967,0.15624324173721513
23968,0.0986689098484174
23969,0.09794229062257742
23970,0.2403499514450035
23971,0.13341007179173614
23972,0.2567059381057371
23973,0.15648479044261263
23974,0.18353258240893267
23975,0.05649677625571983
23977,0.12905922388543398
23978,0.12604742394428967
23979,0.11929755585293889
23980,0.13402003999349474
23981,0.12717404931165374
23982,0.14930109860573856
23983,0.05430160558278397
23984,0.052555967737555775
23985,0.14493096325118857
23987,0.27105812272334723
23989,0.14410127773047188
23990,0.2673982556405278
23991,0.252350012845117
23992,0.13371920371973908
23993,0.14462488736744483
23994,0.13850798734712835
23995,0.2760161810211504
23996,0.22241127065478972
23998,0.14547266476043075
23999,0.07890691731629083
24000,0.13345758145545827
24001,0.2108756412275771
24002,0.1684879956922316
24003,0.12080190141410498
24004,0.062236531036417096
24005,0.16034757659290896
24006,0.13255096112295608
24007,0.13881557258785812
24008,0.13314900525947296
24010,0.15586067977645832
24012,0.12362259155075594
24014,0.22436204051674943
24015,0.33841683874067074
24016,0.35901210124797217
24018,0.1153824898439441
24019,0.1509650437074457
24020,0.24440420412489036
24021,0.14154834644556422
24022,0.2354794996235944
24024,0.14992439579574715
24026,0.17092159419142003
24028,0.1463668818679531
24029,0.1548846311930586
24030,0.1666065705760869
24031,0.16592939149485375
24033,0.06099135283535528
24034,0.3787096069706111
24035,0.24478640873363552
24036,0.13884706674314803
24038,0.130920249251524
24039,0.15595728961348468
24040,0.0560495116435886
24041,0.1315371521462261
24043,0.22969244988949633
24045,0.24604112784961485
24046,0.14806237936408326
24047,0.1681726871245722
24048,0.23443390691340146
24049,0.23218939256875049
24050,0.3811094909499728
24053,0.03595745551356266
24054,0.04074853986113522
24055,0.1416564789740107
24057,0.14386683014684318
24059,0.1531829235584603
24060,0.1489412576018736
24061,0.14846090184735614
24062,0.16662171012956292
24063,0.17861557087657806
24064,0.3611159499336863
24065,0.22994632055173617
24066,0.12910844588792192
24067,0.059964124124027844
24068,0.1656991899551118
24070,0.17759817003450765
24071,0.12618652091093066
24072,0.25781739280156024
24073,0.05960702218596148
24076,0.13636209758376966
24077,0.12380264195755902
24078,0.13006521056953377
24079,0.11948355324545103
24080,0.13317311013082125
24081,0.147070903085013
24082,0.0577086088981972
24083,0.11390593768329282
24085,0.15882275045847755
24086,0.11950444582583293
24087,0.14685026178153157
24088,0.1557231773416851
24089,0.13825448802118973
24090,0.42252871183377044
24092,0.1358719833674449
24093,0.15373716709336713
24094,0.0467792706460678
24096,0.15073867241529004
24097,0.17850830187772693
24098,0.1446775045885357
24099,0.14055943122454184
24100,0.1470992714419834
24101,0.1326240091950596
24102,0.23602927314034017
24103,0.1440069922802358
24104,0.13187059100347429
24105,0.1461474401445483
24106,0.16735567208701374
24107,0.15465445599063263
24108,0.1197175167792615
24109,0.1479516386030078
24110,0.05571058315569206
24111,0.1345467129839197
24112,0.147596783079757
24113,0.06700675557129322
24114,0.13367811214823397
24115,0.1500239020615691
24116,0.06471807734469422
24117,0.1533664286541898
24118,0.1364601556990552
24119,0.35887469513047554
24120,0.10164823129245786
24122,0.055693587823749315
24123,0.15221964479371777
24124,0.13839400513304354
24126,0.16816383563025886
24127,0.24908153610361924
24128,0.3522940760005941
24129,0.150537086653125
24130,0.14352621191979378
24131,0.0418759558988718
24132,0.3631535519019908
24133,0.05708010619252405
24135,0.142837774647066
24136,0.0954133750721994
24137,0.13750096117216704
24138,0.23423018144709837
24139,0.1350263410773845
24140,0.1364950034752651
24141,0.06659942813078588
24143,0.1383687093901098
24144,0.11664391285279473
24145,0.1477453207639238
24146,0.058418434967667854
24147,0.16838230921236108
24148,0.21603322175598696
24149,0.13037247321243717
24150,0.16451030365359667
24151,0.13939934080595398
24152,0.179557168186657
24153,0.146708451547875
24154,0.15274230314624793
24155,0.14463768223856285
24156,0.13677991430507777
24157,0.15003843718477927
24158,0.2719234633815982
24159,0.2599881770803862
24160,0.21690962129647706
24161,0.13764009909039557
24162,0.06068809295492237
24163,0.14109553590314275
24166,0.3936518281195048
24167,0.1327566274565057
24168,0.23777495871254617
24169,0.17651762042679564
24172,0.15576815830667037
24173,0.13626876320598888
24174,0.06447601594456034
24177,0.06127588300515333
24178,0.3663602017625378
24180,0.333922591084222
24181,0.15587957405252859
24182,0.14558821835261346
24183,0.15643507566400092
24184,0.16951638828766616
24185,0.058758756677503875
24187,0.1499284055366111
24189,0.15229210748054306
24190,0.37217475342238693
24191,0.18628267059872683
24193,0.059305588293562785
24195,0.2548498470284076
24196,0.14257867102156926
24198,0.1468096499453179
24200,0.3585482948197353
24201,0.14808167428404484
24203,0.14093366284473932
24204,0.16264359708402298
24206,0.1536908868828003
24207,0.2583080827856671
24208,0.12612513622525176
24209,0.1404567076155622
24210,0.1349469074211269
24212,0.12911716829405795
24213,0.16378758537900429
24214,0.15698251029999513
24215,0.16997489272053354
24216,0.26033449848000473
24219,0.13201416239318917
24220,0.1516509220384902
24223,0.26293418958067266
24224,0.13635507120021434
24225,0.13065476965703568
24226,0.23944242374154764
24227,0.12270505726936339
24228,0.11573496131923768
24229,0.14343663732057288
24230,0.13195870948709618
24231,0.23377347023120762
24232,0.06108027803986762
24233,0.12974020974269504
24234,0.14022152746855113
24235,0.07576810167399407
24236,0.35271846650927546
24237,0.12731261013514097
24239,0.14530390147843816
24241,0.11801572043757468
24242,0.06755161566873581
24244,0.11974988619633682
24245,0.26424873607384247
24246,0.14646823035054735
24248,0.15792225360153653
24249,0.15877651114620522
24250,0.21929896472828095
24251,0.12654253743861885
24252,0.12448671929982497
24253,0.14088442901059098
24255,0.28621530884025786
24257,0.14086473022926552
24259,0.12642784505318644
24260,0.134240256342261
24261,0.14239633190579684
24263,0.1384871314835065
24264,0.12426216512031642
24265,0.13736714910832074
24266,0.14782772043875117
24267,0.13913012811824674
24268,0.3426806393398892
24270,0.1607008847799157
24271,0.15850602102539302
24272,0.06491197028438679
24274,0.2380687298475619
24275,0.15023887913619807
24277,0.16405714608602584
24278,0.05917119463178317
24280,0.12554510831715882
24281,0.14408719500364028
24283,0.15051236640428614
24286,0.1664952694441497
24287,0.146630033935765
24288,0.15618631163521127
24289,0.13154659991849615
24291,0.14439782052920416
24292,0.19185574972320082
24293,0.04877713302596301
24295,0.13177740279470673
24296,0.135955649738414
24297,0.2349129083032955
24298,0.1584898475039486
24299,0.1815644213613646
24300,0.13844109275969618
24301,0.13643459213828898
24302,0.14228497341474788
24303,0.3616892773759714
24304,0.26951477383906824
24305,0.15302993516676797
24306,0.15804556984210497
24307,0.13531104351669612
24308,0.17892163258997493
24309,0.05514646906754086
24310,0.14428828953722103
24311,0.13782067894773764
24312,0.13362230585779125
24313,0.13619407486014992
24314,0.1374305190545456
24315,0.11010626594241901
24316,0.131909174778551
24318,0.06147001620821762
24319,0.25375151418904834
24320,0.143637979213617
24321,0.1338539788129266
24322,0.29811100035049487
24323,0.25781091616882845
24324,0.14341128160701047
24325,0.3497540125531282
24327,0.15078837828553848
24329,0.26517907979592875
24330,0.16611772878859868
24331,0.1479828130234986
24332,0.1464756171691867
24333,0.3618240388202906
24334,0.13250101303776216
24335,0.2272252155809795
24338,0.1494692383837026
24339,0.058206067003968485
24340,0.15226031710269267
24343,0.3707820746092471
24344,0.05726940873497769
24345,0.1337378883627767
24346,0.13525801053740913
24348,0.26977021871870055
24349,0.138110126442784
24351,0.13465830916577048
24352,0.23931215871064185
24353,0.1257101383112081
24354,0.37083890056967544
24355,0.16085588601136688
24356,0.1485368937361655
24357,0.12820826183396117
24358,0.22714192289281152
24359,0.14045551991118876
24361,0.1530698516991509
24362,0.10360929763040762
24363,0.0633021375383181
24364,0.12514689753000804
24365,0.2496099330434399
24367,0.14283512336358584
24368,0.03579186029966323
24369,0.12399227420766519
24372,0.1452986957268786
24373,0.12481597197995258
24374,0.12060731347697168
24375,0.12829401707608276
24377,0.23809681636911714
24378,0.10128737402224562
24379,0.3560381642988353
24380,0.1303575105642857
24381,0.15936849780057613
24382,0.131865710911538
24383,0.14431492389172138
24384,0.06481202188794323
24385,0.12717969689128583
24386,0.06996871945013305
24387,0.14291003411551043
24388,0.14660116862653313
24389,0.12155907227723955
24390,0.06413147606519033
24392,0.12810258287718687
24394,0.16767743518321102
24395,0.24125369201517674
24396,0.38460111834672533
24398,0.15479230720112966
24399,0.05238292701575651
24400,0.05515843161001266
24401,0.11923494482594083
24402,0.13159637118790024
24403,0.1406790226813024
24404,0.14583615881529813
24405,0.1810725379510724
24406,0.25148159273743714
24407,0.14041596860146918
24408,0.14323652425755498
24409,0.15947451137782012
24410,0.05659340300078295
24411,0.11139336159169498
24412,0.053808366098642035
24413,0.061103049657151486
24414,0.13658908730363145
24416,0.2565152635992615
24417,0.15511036694078836
24419,0.13203130621150272
24420,0.12035761704313129
24421,0.07212779410541496
24422,0.1193044827822123
24425,0.26249062806162443
24426,0.06140664579409567
24427,0.23162057725082474
24429,0.15958552554314584
24432,0.12559368285925399
24433,0.1336261428716695
24434,0.14234251215139562
24435,0.3561553270312003
24436,0.1534851265270771
24437,0.1304177455803616
24439,0.1380378550346598
24440,0.13403339514971138
24441,0.15739091845406875
24442,0.19646343941066022
24443,0.11721809470101519
24444,0.14603262793053473
24445,0.14475674370794211
24446,0.1400610559632047
24447,0.2471514004748567
24449,0.1364959574774754
24450,0.1376235532292035
24451,0.1579460365741495
24452,0.13966486447616863
24453,0.15820801108061008
24454,0.05808944739777649
24456,0.18372832722258528
24457,0.1307384235135938
24458,0.14490144935023752
24459,0.0522194972442535
24460,0.14776125320783276
24461,0.15495958132147494
24462,0.13294760271225034
24464,0.1650828304966574
24465,0.06913967256310603
24466,0.13245214821479892
24467,0.13226616112228845
24468,0.14688609058965682
24469,0.13989057712019637
24474,0.14986553595941146
24475,0.061216574215829954
24476,0.16363313914150393
24477,0.1637676311387618
24478,0.2836400207983035
24480,0.15647404899396228
24481,0.12182459653240381
24483,0.12296765771254253
24484,0.12210567823697795
24485,0.1764990030582182
24486,0.26116289439754464
24487,0.137365650570414
24488,0.13762629998804535
24489,0.14867407644774808
24491,0.14107458269240702
24492,0.20927563676532612
24494,0.040860758244506384
24496,0.13626842754025062
24497,0.15739405309249965
24499,0.1295568863048072
24501,0.14367396494365725
24502,0.23559170104862137
24503,0.3717700235909163
24504,0.2336940203597125
24505,0.22646640250775965
24506,0.1534861080685662
24507,0.14553079409810887
24508,0.0905671319684249
24509,0.13476911009688072
24510,0.15272325137872628
24511,0.22230218293904547
24512,0.06587923683628912
24513,0.15160848698555132
24514,0.14000633609852287
24515,0.14278062330237815
24517,0.24287389714677363
24518,0.06159331946049589
24520,0.06621378494891184
24521,0.06563125052870712
24523,0.14527128148425889
24524,0.055452808338664415
24526,0.127907170158035
24527,0.1376144299266664
24528,0.12324274222278482
24530,0.13441891971482112
24531,0.17757349927592206
24532,0.26145167462902164
24533,0.17035780913631401
24534,0.15487736125578386
24535,0.23291924371281603
24536,0.14982604068624408
24538,0.14998889257353146
24539,0.1265218803928598
24540,0.2701224052743336
24541,0.1432987094231294
24543,0.17423161716632954
24544,0.14913283832962473
24546,0.14700393017496977
24547,0.22126519343336148
24548,0.1383114202389114
24549,0.1560144959268752
24550,0.36023990173592985
24551,0.1512951481879738
24552,0.15935583069713913
24554,0.2548673320663572
24555,0.25027418955896885
24556,0.1353468231169691
24558,0.2203712037439213
24559,0.387368568044294
24560,0.13599645909370703
24561,0.13205330497338155
24562,0.23766311220000214
24563,0.20588052949243316
24564,0.15488865936684304
24567,0.13351445177417154
24568,0.12939135810401517
24569,0.1757548619403825
24570,0.20365131069731912
24571,0.1378560483893022
24572,0.35170590584649214
24573,0.2358289727134134
24575,0.2505764147486344
24576,0.1556625774134228
24577,0.1556920093407088
24578,0.2820935518189665
24579,0.09723229575167695
24581,0.1365554454556678
24582,0.14273489257874836
24583,0.13262296901180612
24587,0.13860596896986263
24588,0.13710058838849257
24589,0.15601005994004016
24591,0.15608041837578843
24592,0.06116673783199119
24593,0.12886312067115657
24594,0.16121921602110453
24595,0.2477686255316914
24596,0.13919986422447203
24597,0.1346872049579441
24599,0.12571315695929167
24600,0.13873668985780685
24601,0.15646487220427271
24603,0.3520004020319078
24604,0.15867398863743606
24605,0.1365107085366983
24608,0.14059072111205276
24609,0.16685629150589398
24610,0.11346261426101946
24613,0.15215264739508244
24614,0.14524788657848547
24615,0.13158208727515777
24616,0.06234463511372476
24618,0.2360069689440993
24619,0.13873850431762802
24620,0.15446403052085497
24621,0.12574479840429478
24622,0.14683899590500682
24623,0.14858594770431077
24624,0.1731795201314663
24625,0.16538950219665047
24628,0.16257200868865737
24629,0.1495674742542487
24630,0.21879192579166573
24631,0.2123648657609948
24632,0.22353258191964012
24633,0.1374983158226583
24634,0.19071014531450536
24635,0.15169336611661727
24636,0.1444224803198941
24637,0.22775856258664373
24638,0.055221343160536174
24639,0.12073211555918008
24640,0.14784944683608972
24641,0.11793442794288851
24642,0.055154167282424706
24643,0.12906981401115494
24644,0.1282907088009458
24645,0.11837447613005274
24646,0.1406563488852106
24647,0.11586998479728128
24648,0.23774160357655327
24649,0.13840228642644156
24650,0.09547147304420861
24651,0.11809749738540626
24652,0.11314566648701903
24653,0.35875545399382086
24654,0.2607683517718756
24655,0.1727409233670186
24656,0.14371244920342766
24657,0.13756111395282752
24658,0.05741555060791228
24659,0.12993385387685905
24660,0.15232279239472304
24661,0.31829766885458194
24662,0.13526705657346375
24663,0.23503559893323886
24664,0.12950067233552387
24665,0.13733967620601073
24666,0.1295271950935185
24667,0.11615221521606311
24668,0.15843028684875912
24669,0.12801335390280366
24670,0.3516481575481532
24671,0.14584857883200042
24672,0.360133871296695
24673,0.13004349618927272
24674,0.13244249802099828
24675,0.14650404096940187
24676,0.13265806555873577
24677,0.24890546425621476
24678,0.12571230761595995
24679,0.13294284828673428
24680,0.12262306002784289
24681,0.13666829000734623
24682,0.12312008661902356
24683,0.1632511848871918
24684,0.2355958752672813
24685,0.1194701016446049
24686,0.159594141935219
24687,0.16416607520053103
24688,0.12990427115906134
24689,0.12096595064323783
24690,0.14405443642799634
24691,0.13992279748687728
24692,0.09181148367452896
24693,0.15952037946887557
24694,0.13230047291398653
24695,0.22911627935584508
24696,0.14160735775666222
24697,0.14781944911953607
24698,0.13913044845387038
24699,0.09934519950733357
24700,0.055461175353480933
24701,0.1495012730802343
24702,0.36046671956200615
24703,0.1302224784516184
24704,0.14244564692028852
24705,0.2559726644841815
24706,0.15325135735468873
24707,0.1192183380977671
24708,0.12720919172308473
24709,0.13422892804745537
24710,0.12765957076449877
24711,0.15106658566829415
24712,0.14639820241700066
24713,0.13689104284898035
24714,0.33909144973006633
24715,0.05537128294758281
24716,0.061380805220067496
24717,0.1514718318326638
24718,0.13756216327008133
24719,0.13001727214135927
24720,0.22267104484492953
24721,0.15585025535326513
24722,0.14312111503756467
24723,0.12709485556209674
24724,0.0843490035085811
24725,0.35043313309331037
24726,0.1508873689593054
24727,0.1329047271675374
24728,0.11081768022454475
24729,0.1387832837390629
24730,0.14619522097013174
24731,0.12283190058669992
24732,0.35539156008476164
24733,0.12048580325780366
24734,0.1414126235416011
24735,0.12951113534632228
24736,0.3728813108656663
24737,0.36593218301619884
24738,0.20603251821463534
24739,0.17109520720119598
24740,0.1306278027459347
24741,0.15308375160623328
24742,0.15343323740538883
24743,0.06421520337092675
24744,0.1387806771224628
24745,0.12439403738042791
24746,0.16217265513841805
24747,0.11923925988544432
24748,0.1438076665889494
24749,0.16825637068421387
24750,0.04423555106926044
24751,0.12849448013745068
24752,0.13365194524150634
24753,0.11551991290108993
24754,0.2777556108550994
24755,0.35595221707124614
24756,0.16619284673539628
24757,0.26664504487231905
24758,0.06401388558474215
24759,0.14112871023422346
24760,0.11957831613844422
24761,0.14686388591433105
24762,0.13251536832320515
24763,0.048819174759392514
24764,0.12914114124154433
24765,0.12041458899792952
24766,0.14650027567981705
24767,0.14450198996556465
24768,0.15616300456230567
24769,0.1495163128906836
24770,0.14741249100330286
24771,0.15470603975348188
24772,0.15712494671965413
24773,0.09346709395777753
24774,0.16411948880852803
24775,0.2268156823618077
24776,0.1601810984282283
24777,0.08999646660570997
24778,0.1320526740305075
24779,0.1387229767876247
24780,0.14904375113406756
24781,0.12812340707511874
24782,0.06737074683756135
24783,0.13231897165385745
24784,0.27220569505175707
24785,0.1335911223780399
24786,0.1240436893739768
24787,0.1132756546402
24788,0.33984877364531824
24789,0.12661954512516518
24790,0.1808759604196071
24791,0.15424574556351575
24792,0.1599222340040557
24793,0.13826563398794492
24794,0.21466783026721784
24795,0.33689292335040416
24796,0.09203348788324277
24797,0.14360374187749328
24798,0.13304534263249176
24799,0.13705230118672596
24800,0.3268588968469028
24801,0.37346526846722855
24802,0.3471058392814494
24803,0.11990177254182066
24804,0.13692409763548255
24805,0.14575433432618634
24806,0.13235877919341457
24807,0.13814388318709814
24808,0.11362994341649325
24809,0.2456415849720237
24810,0.33363729693202115
24811,0.36323829260087354
24812,0.1261168554375771
24813,0.12119323369661004
24814,0.14699739662277458
24815,0.1380158947484921
24816,0.12604446969804056
24817,0.12781203528972682
24818,0.11518065715133202
24819,0.133830772780116
24820,0.05791413265170045
24821,0.35765979086778016
24822,0.12601317624961594
24823,0.23346287447598404
24824,0.13452304265929863
24825,0.18539501787862955
24826,0.11152423833900604
24827,0.2309303070978701
24828,0.15811054517314174
24829,0.1209652096917615
24830,0.13603131003719157
24831,0.1602996601014278
24832,0.12575623353555165
24833,0.11762764982202749
24834,0.14310514472066574
24835,0.1047409272234242
24836,0.13948119592874061
24837,0.22792218654048005
24838,0.12897899089348955
24839,0.3431882051590431
24840,0.13877374190767394
24841,0.13761377809737496
24842,0.04118952357520226
24843,0.12628746993903942
24844,0.13510905887851987
24845,0.06515744361064484
24846,0.12269051523674192
24847,0.25041551566532283
24848,0.13971544304641556
24849,0.15654546787508852
24850,0.13276140401328754
24851,0.13766199705092963
24852,0.12915282783022042
24853,0.13543892018545345
24854,0.13449623226431345
24855,0.06366352040901822
24856,0.13099234140748714
24857,0.37689589868041384
24858,0.05977008540152623
24859,0.36668411134652085
24860,0.32208956349262824
24861,0.1334248849119776
24862,0.14527868761783846
24863,0.20574543616098998
24864,0.35865018106256713
24865,0.040058809580612566
24866,0.14238237022378178
24867,0.21076007243445694
24868,0.1225644318028492
24869,0.14118337555932603
24870,0.12852636309360999
24871,0.1345576511996558
24872,0.13969611879031837
24873,0.15897005175710355
24874,0.14255246460270254
24875,0.21463842107971667
24876,0.1416409809490732
24877,0.14035450781008668
24878,0.3213558758479785
24879,0.1224996870702118
24880,0.05739287151540715
24881,0.14770338371536385
24882,0.12577872430123102
24883,0.2559463175586929
24884,0.16138099804381098
24885,0.1427809404079533
24886,0.16650748797531037
24887,0.11281286656254798
24888,0.12178585162285094
24889,0.12401549145495738
24890,0.3306693087281573
24891,0.1317902108547172
24892,0.22452004610266382
24893,0.0631550457650655
24894,0.14817856598528634
24895,0.12744313259003068
24896,0.15964285969471004
24897,0.06377759515902676
24898,0.32371324576659394
24899,0.14523137883654977
24900,0.060990347004501434
24901,0.22783750790324928
24902,0.1173620437258881
24903,0.1452563744332599
24904,0.060996882035215076
24905,0.14892268742935363
24906,0.10874817031633299
24907,0.1354926897450416
24908,0.20989094405538436
24909,0.12350128063754351
24910,0.13866394841202748
24911,0.16279052978166295
24912,0.06217735483560033
24913,0.15210278824147402
24914,0.06257292991998585
24915,0.1361403162094763
24916,0.05354123000176254
24917,0.15317963185370811
24918,0.08174247937499723
24919,0.1691549243716235
24920,0.13833435496127558
24921,0.12459912930896076
24922,0.12196371671010575
24923,0.22342287876454034
24924,0.2009189366583403
24925,0.13691637576017035
24926,0.04356337369001378
24927,0.21753433165230385
24928,0.15236034627780393
24929,0.3479737360741469
24930,0.22892206758994285
24931,0.3181161592326242
24932,0.12730418332368434
24933,0.1640643138591575
24934,0.12556501011186932
24935,0.1466264723063685
24936,0.3720373879837757
24937,0.15849624019458472
24938,0.1372070581897786
24939,0.20399386190325694
24940,0.1546772202890047
24941,0.13973612238424013
24942,0.1708572859081299
24943,0.057090130462886475
24944,0.24050495580945105
24945,0.3808334796733061
24946,0.22600595679621838
24947,0.3718965566430641
24948,0.132357624916561
24949,0.1257788785167509
24950,0.11684570938799044
24951,0.3500871304058035
24952,0.06654510577242224
24953,0.16843182998946993
24954,0.17160956939350777
24955,0.13276251610584347
24956,0.1509590790476679
24957,0.13865322461385263
24958,0.05774071631414252
24959,0.1275846517935182
24960,0.16091662759706823
24961,0.1380640440886304
24962,0.3529329423899706
24963,0.15897135700874446
24964,0.1358990611060576
24965,0.15647205717853083
24966,0.12394432762762704
24967,0.05100887332329446
24968,0.3114070421192641
24969,0.11821052799712885
24970,0.22449510508078938
24971,0.15100646767450723
24972,0.0855298129942242
24973,0.13710661212860517
24974,0.3363750131379655
24975,0.12451287336548457
24976,0.2518910186359795
24977,0.12709480409875257
24978,0.1403090303371233
24979,0.13410041472826248
24980,0.061022688132302105
24981,0.13168621862619911
24982,0.2740531872668097
24983,0.15294834266096802
24984,0.13982966395170485
24985,0.14074730903025787
24986,0.11777590056210063
24987,0.16332554657434434
24988,0.15304974855542397
24989,0.21441612334764634
24990,0.1552044114887601
24991,0.23236881638445275
24992,0.21614575432692415
24993,0.2288046494043305
24994,0.13097378720447508
24995,0.12751138775458032
24996,0.05776840932873021
24997,0.1351531044284988
24998,0.14998090772098638
24999,0.13281884602472185
25000,0.14794205816148565
25001,0.12148398081205947
25002,0.13068290079075814
25003,0.15635819982604324
25004,0.16901580186568885
25005,0.12211471231664169
25006,0.143954357753407
25007,0.040759894305978574
25008,0.15323888923072063
25009,0.14959877805387148
25010,0.13283129169430677
25011,0.13597451067342403
25012,0.0585834354955927
25013,0.1646724053010572
25014,0.14181757237213968
25015,0.13277394770445353
25016,0.19864646565808178
25017,0.34567871066989797
25018,0.1276303420640608
25019,0.13063732433019948
25020,0.19855744935504935
25021,0.14078825139973938
25022,0.15266825609030002
25023,0.13569690290312594
25024,0.1478163714339434
25025,0.1545747888333334
25026,0.36272573695507565
25027,0.14478235468205256
25028,0.05440210167989091
25029,0.13613160811168093
25030,0.13837584326302507
25031,0.3603256175176561
25032,0.06011575404130028
25033,0.1371562751478138
25034,0.20031834402695
25035,0.13669519177510245
25036,0.11860398838105478
25037,0.3752058515396406
25038,0.12662678301209765
25039,0.3302070477224256
25040,0.08721833251460433
25041,0.28089777656405435
25042,0.16936309077471948
25043,0.13498647355580343
25044,0.15089123341541463
25045,0.1498888673623004
25046,0.3399393973256084
25047,0.061925648569607715
25048,0.23094822702824067
25049,0.3493994262304203
25050,0.22850082519358758
25051,0.13197630366036114
25052,0.13928695384797118
25053,0.056593335188309966
25054,0.2275015852518276
25055,0.14348861208606634
25056,0.16105593908621615
25057,0.14265930312397349
25058,0.1261416274977601
25059,0.15110621361071605
25060,0.24089368802009803
25061,0.11529601005787683
25062,0.1448030444348097
25063,0.3501437460707258
25064,0.2375243389364841
25065,0.05392021623711172
25066,0.15388843842702704
25067,0.11815758374179954
25068,0.15310553119123896
25069,0.14707608674077
25070,0.3482329693845992
25071,0.13181161155983087
25072,0.14398689350182756
25073,0.3314092965177697
25074,0.14272536505962632
25075,0.14740898658844115
25076,0.14679508403380448
25077,0.152297320838
25078,0.09728779018421352
25079,0.14448180123204776
25080,0.3579027231708165
25081,0.1310216710068369
25082,0.216374689687877
25083,0.13169449007466963
25084,0.14908839180857777
25085,0.3229916916351478
25086,0.13934803691173428
25087,0.3432816437962068
25088,0.12723994146892367
25089,0.19518705295577865
25090,0.11545515717085186
25091,0.34028483217061506
25092,0.21688263219600148
25093,0.32087459988229655
25094,0.2403592019846046
25095,0.16690445042677995
25096,0.13564378777729955
25097,0.3375931398082712
25098,0.25727178463963657
25099,0.196328067281236
25100,0.23529225738123447
25101,0.12050778650023129
25102,0.2299325222741746
25103,0.1743872922155755
25104,0.14362161501977708
25105,0.12793406567557816
25106,0.12229327506503086
25107,0.14908341579664355
25108,0.36906917183431115
25109,0.11084816807816607
25110,0.14534058303131758
25111,0.129687146817398
25112,0.15247258029830438
25113,0.20903073185793528
25114,0.15112402317839702
25115,0.23908233263561043
25116,0.20778338536280413
25117,0.1325781358771393
25118,0.13383646353093656
25119,0.13794983087962956
25120,0.06542425824845881
25121,0.12262305873979312
25122,0.2563029294438733
25123,0.16219459919892718
25124,0.1504407938587949
25125,0.14150327872873392
25126,0.2555159551113179
25127,0.2221357733639863
25128,0.3820319487437354
25129,0.14766999207290568
25130,0.13282516032545494
25131,0.13138817776342263
25132,0.13045875947874255
25133,0.14895174665681643
25134,0.05705975583998701
25135,0.13967558705376792
25136,0.14108069713460067
25137,0.12520672335079566
25138,0.13449571460979917
25139,0.11935935509925814
25140,0.12626469746465996
25141,0.14125664974385013
25142,0.15121164207945684
25143,0.048194669715182305
25144,0.12202112928391044
25145,0.15185398364978386
25146,0.20892252720620963
25147,0.1645712293493947
25148,0.22053015795793363
25149,0.2297890547319521
25150,0.1256325102612482
25151,0.13295114928027366
25152,0.0668827215461753
25153,0.13064946878568418
25154,0.3774399863141494
25155,0.13804304701181094
25156,0.1396309884180655
25157,0.1158686942702537
25158,0.12212127729902271
25159,0.15296128464674363
25160,0.13194459571909792
25161,0.1696327066513681
25162,0.14071767897049023
25163,0.1327412116587184
25164,0.1322432121463295
25165,0.11943767357568906
25166,0.06165857398999266
25167,0.15737680425045183
25168,0.17463898123347368
25169,0.04754592744609746
25170,0.14532764203079238
25171,0.17613434612852455
25172,0.1318951116583432
25173,0.06093140204080233
25174,0.16508339056319235
25175,0.15268764854720115
25176,0.0592080782645529
25177,0.140908303359072
25178,0.12263064139466129
25179,0.1469979959904004
25180,0.142254206193786
25181,0.11539910272240482
25182,0.34193709359971297
25183,0.13705795211525898
25184,0.12807987974381746
25185,0.13715142762685595
25186,0.14782579078735134
25187,0.11717741595174969
25188,0.13811765806840018
25189,0.12763849911616168
25190,0.17224699242622754
25191,0.28146479899861926
25192,0.35485681273477954
25193,0.15921162847618642
25194,0.14882470596664124
25195,0.32735544005707695
25196,0.13374290872775715
25197,0.1229741047294441
25198,0.059999916870964835
25199,0.24919229798843748
25200,0.13768557134100856
25201,0.33434494991809044
25202,0.11722821648222925
25203,0.11623442516766824
25204,0.11093523885653349
25205,0.2284753336741859
25206,0.13260006366011548
25207,0.12122692592693969
25208,0.13233394024458747
25209,0.2203508142449657
25210,0.14864869402806954
25211,0.10059054292417476
25212,0.35865408793308934
25213,0.10652207925805673
25214,0.1254937379213594
25215,0.13459521408729327
25216,0.22736297145664605
25217,0.19407919302719281
25218,0.12140347438852221
25219,0.14868882389568236
25220,0.14842891684043222
25221,0.256675417983468
25222,0.14388039040225467
25223,0.14222721688413734
25224,0.1442440133954563
25225,0.16214349828919364
25226,0.3375696907333958
25227,0.12715919678253432
25228,0.15956386463416802
25229,0.13711765279413202
25230,0.15032537372722354
25231,0.12154641932622028
25232,0.12103529838138007
25233,0.14884010895711816
25234,0.3468760068181946
25235,0.13049513026252782
25236,0.15186382236643928
25237,0.31644923836760336
25238,0.24441131570871186
25239,0.149309703099234
25240,0.34661571845349554
25241,0.1277192092346722
25242,0.120213164262789
25243,0.12909090694217784
25244,0.3426879037191375
25245,0.1468848741526848
25246,0.14583901311545114
25247,0.16381455556322014
25248,0.04633452971548448
25249,0.15267139722012638
25250,0.12008407328364318
25251,0.13267217577508386
25252,0.19355243725455593
25253,0.06600218779019909
25254,0.14930041017023
25255,0.21443543774555276
25256,0.13454364545228834
25257,0.09915653854305533
25258,0.13366948169990006
25259,0.1306843965052287
25260,0.22586929349539142
25261,0.2406961358253258
25262,0.16565661558130693
25263,0.12811165818598344
25264,0.12237723678937791
25265,0.1232501520625261
25266,0.1401644868677554
25267,0.13410382898004805
25268,0.11838031244766291
25269,0.2202122217306504
25270,0.12041520202537655
25271,0.04861038505329993
25272,0.11767877547177479
25273,0.3385186252725765
25274,0.12640095180594535
25275,0.24572746389790237
25276,0.13184744989606156
25277,0.13430530941567506
25278,0.2135662071163645
25279,0.1379437014064245
25280,0.3324492998944728
25281,0.22397362901211845
25282,0.16319130363450038
25283,0.1786239574260818
25284,0.21601704851295747
25285,0.14332545225376736
25286,0.14261952969851602
25287,0.06668082744605862
25288,0.13402852461868806
25289,0.13976156055085479
25290,0.1324447309492733
25291,0.1415352121026836
25292,0.13898752113329882
25293,0.20942054865413492
25294,0.258308463600331
25295,0.14151916048018398
25296,0.14283079153502717
25297,0.14600623548515793
25298,0.058584964320273686
25299,0.1525219848901244
25300,0.0630042891537365
25301,0.14317614945697937
25302,0.11944228782310444
25303,0.15241777132481368
25304,0.14351571843419386
25305,0.25393275193578996
25306,0.152395000230871
25307,0.12780663561902106
25308,0.11015934375208093
25309,0.13244083933428533
25310,0.12851791533736098
25311,0.17757830113971676
25312,0.11285147865629654
25313,0.1458084024024716
25314,0.15052157255194823
25315,0.15873497855356838
25316,0.058003904433713956
25317,0.08487400387965964
25318,0.21639961146949246
25319,0.12428397545937726
25320,0.21791127801615118
25321,0.1391906809865583
25322,0.13509310298646773
25323,0.15538042933987245
25324,0.22025593693051904
25325,0.13415477805586082
25326,0.22660199831833785
25327,0.2203845210269985
25328,0.1540869975580252
25329,0.13075341235701918
25330,0.1487142650146488
25331,0.04262002235294044
25332,0.17318282498160062
25333,0.12740949147291417
25334,0.353185004545944
25335,0.1959735052493539
25336,0.33882978246944795
25337,0.2289692642919912
25338,0.09284293881276635
25339,0.20526314218600974
25340,0.1369056687378467
25341,0.1519525043586395
25342,0.11873397254866136
25343,0.32627890186173675
25344,0.21159611121135172
25345,0.13930413226834268
25346,0.16159960004858
25347,0.1527811156861968
25348,0.15938892921734357
25349,0.13152285687897422
25350,0.15314205415576768
25351,0.11745334908625797
25352,0.06393449306477289
25353,0.1368644163270089
25354,0.14708327912991356
25355,0.1560286221381569
25356,0.11897824397743388
25357,0.05479610143691316
25358,0.2274515878315154
25359,0.3527836925669696
25360,0.13453667839326663
25361,0.1381276250355917
25362,0.22413918631289428
25363,0.11744144836737459
25364,0.12170883713680314
25365,0.13748095611439107
25366,0.3301617965391254
25367,0.1543455443361553
25368,0.12248124701729145
25369,0.12328710775717484
25370,0.1311411291372134
25371,0.1352694549462766
25372,0.12681930835105312
25373,0.22129106140757107
25374,0.23663159402607933
25375,0.23160426374912704
25376,0.13768853281421073
25377,0.3562255245015296
25378,0.11866803440754725
25379,0.1266234121410946
25380,0.04565406221882045
25381,0.07238940392971484
25382,0.12594042835813005
25383,0.14995564385701218
25384,0.11962994553873633
25385,0.12907678139594364
25386,0.34287995330570603
25387,0.11560033398840382
25388,0.15161408798533152
25389,0.12207619251929931
25390,0.25338120551600213
25391,0.11629066149729149
25392,0.1253443957031574
25393,0.11815091148956434
25394,0.12703276250249937
25395,0.3272834871826255
25396,0.13199888026110193
25397,0.06468954181236929
25398,0.15420738443260773
25399,0.1396786872615605
25400,0.12994720523080017
25401,0.15641015404643896
25402,0.21872730601078696
25403,0.23440930900953486
25404,0.12553312159348262
25405,0.12306117746439643
25406,0.08965692364505136
25407,0.1326995421271309
25408,0.14543887397468416
25409,0.1348760388553241
25410,0.2890820531700245
25411,0.119693138823186
25412,0.3348346664450698
25413,0.14262441055707267
25414,0.21116088984165468
25415,0.15639528073366393
25416,0.14345007918307215
25417,0.13608496554146263
25418,0.21652541294054506
25419,0.13175161785019365
25420,0.12190486717232536
25421,0.1215339977581558
25422,0.23048127351726014
25423,0.37840830878315823
25424,0.15916265548474318
25425,0.1230808926890708
25426,0.24280064852682937
25427,0.14264357580904163
25428,0.14848393778456362
25429,0.24212538391817354
25430,0.11302821372142169
25431,0.1637666622591933
25432,0.15435882422606464
25433,0.15112428316405002
25434,0.14549241713250186
25435,0.06603752589780837
25436,0.13466939871147823
25437,0.1663443199954661
25438,0.16104235269087533
25439,0.12962377938330796
25440,0.22526874082687362
25441,0.13607716858023655
25442,0.13328405360857742
25443,0.1136619984643689
25444,0.3398286400882143
25445,0.1346818141901613
25446,0.3632949249340112
25447,0.12078962017460054
25448,0.12899137273427094
25449,0.3271089324414587
25450,0.12826454584721214
25451,0.20323217253508344
25452,0.058902887819714984
25453,0.10847112930150776
25454,0.12867586466978123
25455,0.12228201350462313
25456,0.13561484269239907
25457,0.12413934190138211
25458,0.11927964432146265
25459,0.2174224914355538
25460,0.0558955442192424
25461,0.1294467237177294
25462,0.1438971176892635
25463,0.13052573838307746
25464,0.32408997894963226
25465,0.3429416276550547
25466,0.2645626029707015
25467,0.13559747956747847
25468,0.1417482223863585
25469,0.14088711618987748
25470,0.2113688318001888
25471,0.14154143498228022
25472,0.1263511402549958
25473,0.1487004308504617
25474,0.1263021369936563
25475,0.1966616826382088
25476,0.1387618978538747
25477,0.3652599601214155
25478,0.13037325504486263
25479,0.34277366771897916
25480,0.24193379616236657
25481,0.14117668478121673
25482,0.2634000419951435
25483,0.12113283555095877
25484,0.1326795359125099
25485,0.14021920528551066
25486,0.18227706265791754
25487,0.3620301207635425
25488,0.20919198766999894
25489,0.12733959861692137
25490,0.12109388996163824
25491,0.12389220156984426
25492,0.15468909292504607
25493,0.15323813150810642
25494,0.1341084567622593
25495,0.10229439293863236
25496,0.06532624772438288
25497,0.15317372164134962
25498,0.06035471771005992
25499,0.15553971414919618
25500,0.22614814229449945
25501,0.08141473785587115
25502,0.1407464560375501
25503,0.15659795329644163
25504,0.22688969599340866
25505,0.05658354742118612
25506,0.1412317803304426
25507,0.05563705928145296
25508,0.12658318870075538
25509,0.121175636339939
25510,0.1628732107241885
25511,0.14739969621725393
25512,0.36159843781473017
25513,0.23270770371332664
25514,0.20280498010344258
25515,0.137703259340775
25516,0.14934848707151174
25517,0.0600911355584253
25518,0.16963518476790584
25519,0.1383924872104829
25520,0.14044729256267238
25521,0.131445375015828
25522,0.13871277270761254
25523,0.21074525548003584
25524,0.13226336030590122
25525,0.12654270445234425
25526,0.05816103428413257
25527,0.1232796578653394
25528,0.20777567760600343
25529,0.13630944910226664
25530,0.0573519033419821
25531,0.12615292923506052
25532,0.12517102995847743
25533,0.1245276213784358
25534,0.13728215406528305
25535,0.3197687785248214
25536,0.22521380207490985
25537,0.2593323540166454
25538,0.1260227949545851
25539,0.1615322629721199
25540,0.135789938178251
25541,0.1099246015279511
25542,0.15185364418819852
25543,0.13221261175522303
25544,0.1329232522825465
25545,0.14641541164021787
25546,0.1558178315801468
25547,0.13792297447305915
25548,0.12040683417356403
25549,0.06412989230828291
25550,0.13953792980537202
25551,0.11520114289123369
25552,0.14576427793576183
25553,0.34509339011276724
25554,0.061031364969945046
25555,0.07588098565386223
25556,0.13680880295061235
25557,0.1437754602849098
25558,0.12533035674928444
25559,0.15858655623228043
25560,0.14247903367881784
25561,0.060362539060144806
25562,0.1524310699465257
25563,0.13187739083442382
25564,0.10571629032027556
25565,0.1271224130254831
25566,0.13058170280752837
25567,0.11690976933278689
25568,0.13029299139772077
25569,0.14156083473563755
25570,0.1537440005196341
25571,0.24304657335985005
25572,0.1285070351852602
25573,0.20325057333968324
25574,0.1206988094755564
25575,0.16280809588896902
25576,0.12280597239322395
25577,0.14349149197015887
25578,0.14919798320858477
25579,0.11057036809320347
25580,0.20415197600528043
25581,0.24627612179542577
25582,0.11946307575313507
25583,0.12105051003358407
25584,0.14924379237715965
25585,0.1389590693962718
25586,0.2202666400286024
25587,0.21178631122763747
25588,0.2399325316776154
25589,0.14150749828207704
25590,0.11927138058317288
25591,0.1380467287763781
25592,0.11474217085064736
25593,0.15352743337852917
25594,0.1468462504975083
25595,0.06881160269046988
25596,0.1434953513725759
25597,0.04471736321469613
25598,0.22144096334184551
25599,0.12782163074594674
25600,0.14872525869748868
25601,0.12335092584251893
25602,0.1458160717622788
25603,0.21945981022021968
25604,0.14343454397687727
25605,0.1013778973978406
25606,0.1317682927224593
25607,0.11262330143485355
25608,0.21883366553128047
25609,0.12613733218820497
25610,0.1214162626782418
25611,0.09419314867793276
25612,0.129379248365328
25613,0.16481055400594627
25614,0.23260043112772602
25615,0.1170819678525753
25616,0.12462974851126202
25617,0.155988084181916
25618,0.3404319252113072
25619,0.22651401480164668
25620,0.2337615123534272
25621,0.1334449708106615
25622,0.15341419025672168
25623,0.1387246929361332
25624,0.13687123968614853
25625,0.13834703687951544
25626,0.14735452868891855
25627,0.32860857385437714
25628,0.056493824223684035
25629,0.0538444546448885
25630,0.13532414457369682
25631,0.26201614380659394
25632,0.12357741729500378
25633,0.12293869372743331
25634,0.13567770222260125
25635,0.11042113027610768
25636,0.15230873985551352
25637,0.06119476553646871
25638,0.14520909522400552
25639,0.1357807002070368
25640,0.15940713491253347
25641,0.1392017855583079
25642,0.12605544218829687
25643,0.14836601361717316
25644,0.21699825017488986
25645,0.1276609478236224
25646,0.15688699474538212
25647,0.1462476583962192
25648,0.136323662268909
25649,0.19789586777402426
25650,0.1363754154698955
25651,0.16371931467967002
25652,0.26738026550178223
25653,0.12946156428259079
25654,0.13736371441397321
25655,0.3707441269056684
25656,0.35382005999088023
25657,0.13622542109978444
25658,0.05494106090613707
25659,0.11316723863701933
25660,0.12558478721467595
25661,0.21063770595699838
25662,0.1322874218682992
25663,0.1140083550735418
25664,0.2318187672277675
25665,0.16127356487231792
25666,0.05844307284492911
25667,0.10721676811677922
25668,0.13322062866758863
25669,0.20298999322971445
25670,0.14494355883694146
25671,0.13821812878238401
25672,0.17034251810608372
25673,0.05811723410769398
25674,0.11392662293186624
25675,0.13279251757125862
25676,0.18259938750858284
25677,0.12227412148432666
25678,0.15907865855049005
25679,0.15343618056970462
25680,0.13633000979994556
25681,0.146940738971923
25682,0.15253668784554175
25683,0.378580374387961
25684,0.1495585831431444
25685,0.13633369458575506
25686,0.14622386600474394
25687,0.11781564345206645
25688,0.2642249536468401
25689,0.1574641635389475
25690,0.13526047583442574
25691,0.1305605285898643
25692,0.12909822710582883
25693,0.14439476453446226
25694,0.18098907024468427
25695,0.14177851120200977
25696,0.11908433012866797
25697,0.34919075798427723
25698,0.1258801427801172
25699,0.062472666011726685
25700,0.13379620482409216
25701,0.13840292838998078
25702,0.14521325037083033
25703,0.23339674548154657
25704,0.3505055252760148
25705,0.13537957258763014
25706,0.13294357522386768
25707,0.2164703800658528
25708,0.2294700055618282
25709,0.13409882460220693
25710,0.06129603181397584
25711,0.2040522626741771
25712,0.1258391099978822
25713,0.06179514754661044
25714,0.05871978322878126
25715,0.14917790837054834
25716,0.12065151361372879
25717,0.040373862322752994
25718,0.14483990128488103
25719,0.18410412771844512
25720,0.14769936401712894
25721,0.23169038141396084
25722,0.3401032898530873
25723,0.13202242270213058
25724,0.13891216657325686
25725,0.1343501815776854
25726,0.05995863699891499
25727,0.1285173884481684
25728,0.12375122176548727
25729,0.12214676232054977
25730,0.15907312083785644
25731,0.15115014103861674
25732,0.14579080313140194
25733,0.11321212598363728
25734,0.2314720915933036
25735,0.12307775119274948
25736,0.1460900779710822
25737,0.1376507813210547
25738,0.21028802299560467
25739,0.06181943223814255
25740,0.12336499854865633
25741,0.13866533680139853
25742,0.13097413815786338
25743,0.1353536098816982
25744,0.11948618937424489
25745,0.10147807392641979
25746,0.14759777461688647
25747,0.12102870295653718
25748,0.136075196902132
25749,0.2303309387151707
25750,0.13294742494777845
25751,0.3210292824921417
25752,0.14941705818044412
25753,0.3623427762553102
25754,0.12358081753666535
25755,0.042876957358072953
25756,0.1620765224727024
25757,0.16398176484346252
25758,0.1083364663268183
25759,0.20122412902040132
25760,0.13172341805587265
25761,0.13697547299926707
25762,0.09943160886912245
25763,0.12662622215144712
25764,0.1200087320369843
25765,0.13265788977072615
25766,0.13717088402719904
25767,0.3942194556847712
25768,0.12019194179333222
25769,0.1469487846110555
25770,0.05554458616789251
25771,0.21294424233519038
25772,0.11045405196820716
25773,0.14392943982053188
25774,0.3670849359821624
25775,0.14941169424907316
25776,0.11681008916255291
25777,0.19640975358127366
25778,0.16673542317590406
25779,0.15348463091320907
25780,0.19508188771266669
25781,0.1448904410947204
25782,0.12767793588841272
25783,0.15959412144993992
25784,0.15260819647232066
25785,0.05972602279491108
25786,0.13234068937861232
25787,0.1212307668416235
25788,0.36053923882521244
25789,0.14315025487302815
25790,0.13845915346489793
25791,0.1439544889391959
25792,0.14851957409040586
25793,0.15174537233298738
25794,0.13421016573125238
25795,0.16691420882361696
25796,0.14023722909323114
25797,0.18840682856709354
25798,0.13478251361968838
25799,0.23554445694671342
25800,0.1684660041080975
25801,0.12432142427900032
25802,0.23363446995465456
25803,0.1473361201718373
25804,0.03839396676526608
25805,0.12999649875668776
25806,0.14181536505590284
25807,0.36244079890292985
25808,0.1307417033238952
25809,0.12278978201390657
25810,0.14924938992400846
25811,0.0478974854553177
25812,0.13057304387181337
25813,0.1363293324887758
25814,0.33116568133117835
25815,0.12864249213843668
25816,0.1372939204577155
25817,0.35598914161247935
25818,0.06864305476511588
25819,0.1716047273107183
25820,0.1289397779249579
25821,0.12533281978822566
25822,0.14637936028085877
25823,0.14648162341121373
25824,0.05959499486880204
25825,0.15254802216555494
25826,0.1439883774748809
25827,0.055244995298083265
25828,0.2248155279205956
25829,0.06965490149795893
25830,0.11898017562094156
25831,0.13766503906546804
25832,0.1398282316865506
25833,0.12409206616896284
25834,0.20884022733120808
25835,0.15061637563837102
25836,0.35011763486773234
25837,0.19870522010771596
25838,0.13256451633122743
25839,0.1350030419839485
25840,0.15545027852052737
25841,0.16034557774027933
25842,0.1214704195695584
25843,0.12554233150684102
25844,0.19415912767059332
25845,0.22860793602473997
25846,0.0649178462872549
25847,0.12208620893279103
25848,0.06737479054737004
25849,0.12203214989910176
25850,0.12670862956100803
25851,0.12703205880080048
25852,0.12970090678369164
25853,0.05854276419894001
25854,0.1326505253765804
25855,0.15209759715755908
25856,0.13195599183906523
25857,0.17086270043630533
25858,0.23028478748215617
25859,0.12056077790248755
25860,0.14531712415705558
25861,0.3548150445901306
25862,0.15594919808208552
25863,0.1223760127327775
25864,0.1327126697997087
25865,0.138095400263497
25866,0.2259744247836107
25867,0.12203246170434169
25868,0.21706050219152265
25869,0.14276062261466912
25870,0.1626400314682472
25871,0.24161742537268385
25872,0.0687983882138337
25873,0.14129175195089877
25874,0.1272373054118601
25875,0.1201726780961821
25876,0.13155406468945538
25877,0.13684295709693692
25878,0.21270136969030154
25879,0.16722549968153744
25880,0.15077081277863424
25881,0.05775527553132351
25882,0.14806530946691834
25883,0.1472979285787995
25884,0.1259873123866337
25885,0.21656957154827303
25886,0.3766143592311999
25887,0.16386901423541406
25888,0.13723059642116373
25889,0.12556327903798942
25890,0.1344221534064993
25891,0.128201578934768
25892,0.1473708541176407
25893,0.14463420979659478
25894,0.3504450065211899
25895,0.1214704881520219
25896,0.22847335224322393
25897,0.27373698909342803
25898,0.13794634404396047
25899,0.07015324183634086
25900,0.1349173493867097
25901,0.13569045978993058
25902,0.14201884817781044
25903,0.11537638204187005
25904,0.154180437749419
25905,0.14598989383058322
25906,0.14058314969741215
25907,0.1318068882217763
25908,0.14529993439923197
25909,0.14405505391006682
25910,0.13357226556333038
25911,0.1312843012940452
25912,0.13080116386143123
25913,0.22447956242711833
25914,0.1493042626154734
25915,0.12921647370282305
25916,0.14085579526819159
25917,0.14311710679743264
25918,0.12497180568369172
25919,0.06355344367792855
25920,0.115028316459806
25921,0.21353524499800713
25922,0.1289988048815961
25923,0.12662511412089453
25924,0.219970163447286
25925,0.14325254982132485
25926,0.17794283070568906
25927,0.1293752779019346
25928,0.20365386107834024
25929,0.12605187275016896
25930,0.1509803679919276
25931,0.12945184744803387
25932,0.15265811932135043
25933,0.1584460181089681
25934,0.12618101002547252
25935,0.06136296151539055
25936,0.15403990750293814
25937,0.10934846139141698
25938,0.06031983896176966
25939,0.22257359826997947
25940,0.14525514716781196
25941,0.12698598190744925
25942,0.12353810569555718
25943,0.13013215909873496
25944,0.23317579562853355
25945,0.11261423299693024
25946,0.12338417052203676
25947,0.20496839336737602
25948,0.1473864762218424
25949,0.34084392747055214
25950,0.11594159280257255
25951,0.14613118479070644
25952,0.14934871816959308
25953,0.14928697981401454
25954,0.055863314294538995
25955,0.15564913890197354
25956,0.14649055669078923
25957,0.13375822434697326
25958,0.15163736821698334
25959,0.1645488111188356
25960,0.12992892094635475
25961,0.13759532676642605
25962,0.21503626223404224
25963,0.1252746902700492
25964,0.1729180592462367
25965,0.14380427532569917
25966,0.12155907598681466
25967,0.14078571070172832
25968,0.1301191070909907
25969,0.12691727999329305
25970,0.13957887794447435
25971,0.059752957174789574
25972,0.2715055935201787
25973,0.06536612594181325
25974,0.137945199042089
25975,0.13711258948215602
25976,0.13911461220397855
25977,0.2589493954097974
25978,0.17448910342889198
25979,0.14623084426118316
25980,0.2337834206947387
25981,0.34291411695974666
25982,0.04235711560561219
25983,0.06066633120138153
25984,0.060439695067395306
25985,0.2362055721554934
25986,0.13792608538902107
25987,0.11885034989848149
25988,0.12912246818839757
25989,0.1183042173002024
25990,0.12753541192625747
25991,0.15962626279686476
25992,0.11443805864499705
25993,0.22690035444877243
25994,0.1336095404650454
25995,0.13193795947138856
25996,0.14600010014446949
25997,0.14707651741751046
25998,0.127823358468898
25999,0.15524995957526896
26000,0.14208395485819428
26001,0.11926045429927494
26002,0.12479725064062462
26003,0.11984312038612321
26004,0.1348034063517923
26005,0.13996562374559593
26006,0.14176362028244296
26007,0.12435863854460355
26008,0.16974100637967637
26009,0.136343087953361
26010,0.15825016193473396
26011,0.06869821260140392
26012,0.11866428153936541
26013,0.12935518030613688
26014,0.12198979672657793
26015,0.15339084847488138
26016,0.2152260195022243
26017,0.22717428786076457
26018,0.13082268118576404
26019,0.05689369008977219
26020,0.09672128799094941
26021,0.19095837147822006
26022,0.14446045379491926
26023,0.12345366527537394
26024,0.08599532825761957
26025,0.14199664816981458
26026,0.22081117896336974
26027,0.34609767268781727
26028,0.05822373076516533
26029,0.05294181260896397
26030,0.11156952358830152
26031,0.1442419086987094
26032,0.37955286120435056
26033,0.11912928348724078
26034,0.14811409371658849
26035,0.059824999765893054
26036,0.12119676058375817
26037,0.21171680633431955
26038,0.13498434273137938
26039,0.1610743927401762
26040,0.2267674899978762
26041,0.13924730046895153
26042,0.05841096803915651
26043,0.12431228399502274
26044,0.13067652113347247
26045,0.14249556954803036
26046,0.15092991917947124
26047,0.24469059025463413
26048,0.14009293360920005
26049,0.23311466558250485
26050,0.1459727611941765
26051,0.12316140310085495
26052,0.059117953040851025
26053,0.1543910770368828
26054,0.06092090278526993
26055,0.13160189183273338
26056,0.23835466426618845
26057,0.12233785433280679
26058,0.21795420866312445
26059,0.14885707197958323
26060,0.1402746504196646
26061,0.12119812746973758
26062,0.1327789030456666
26063,0.13784754241965522
26064,0.13551828170872401
26065,0.1685500641195596
26066,0.13602686488627694
26067,0.05958127898422683
26068,0.15125100341706263
26069,0.14168548390242353
26070,0.20264950768129064
26071,0.1258994481248546
26072,0.13571406423655943
26073,0.16136404123048056
26074,0.14856907930568225
26075,0.1469674475832315
26076,0.14047258194001314
26077,0.24097075056625217
26078,0.33675282311603194
26079,0.1539850488775939
26080,0.16473197961807257
26081,0.1437558222390457
26082,0.1120932307061367
26083,0.13487449293022283
26084,0.1145594006293608
26085,0.1263553666874918
26086,0.11544641678130363
26087,0.11602665231344515
26088,0.11727941533039381
26089,0.1377155091201169
26090,0.15319920464493725
26091,0.12439678682143755
26092,0.2508207000461899
26093,0.14304745594174142
26094,0.1363367531922949
26095,0.06099983139472312
26096,0.1363367437492898
26097,0.35628321589264766
26098,0.37553805472907387
26099,0.13779249087632348
26100,0.13300857396543975
26101,0.06787757238634888
26102,0.14087004589117727
26103,0.21828211652037255
26104,0.3532901582936545
26105,0.06504609412261597
26106,0.059290118550330534
26107,0.14717469004753359
26108,0.06467718173729753
26109,0.1495036674543957
26110,0.14638992511991153
26111,0.13429905861944225
26112,0.12548445891466628
26113,0.13221843776600825
26114,0.14727353090786657
26115,0.11833013440695406
26116,0.12097823332786183
26117,0.12884488585434292
26118,0.14266150174414524
26119,0.13721344681133893
26120,0.36053771924418004
26121,0.12648885202121815
26122,0.14887691989579435
26123,0.13540489961496965
26124,0.22882966517310122
26125,0.1420100739469508
26126,0.13180321608904702
26127,0.11435343909489419
26128,0.05742945080678865
26129,0.12451507775692712
26130,0.03725814682830566
26131,0.15221329892343105
26132,0.0653657862688699
26133,0.27566492965104566
26134,0.12505433255981654
26135,0.13065511453130016
26136,0.13574084995218497
26137,0.1356147302285837
26138,0.1305792556399734
26139,0.14218734349453985
26140,0.2351528898762976
26141,0.06239038663683607
26142,0.24244595869749905
26143,0.14157382354628675
26144,0.16642170397226216
26145,0.1460696531107759
26146,0.14176275928300025
26147,0.050320573850591556
26148,0.13510875185850113
26149,0.13962461146019844
26150,0.06421188426936057
26151,0.13344020220453295
26152,0.1234204483623604
26153,0.11286582846033989
26154,0.22567536089310414
26155,0.14005607505839765
26156,0.12961359328337937
26157,0.14192716848060632
26158,0.0633834623834084
26159,0.1402607257859553
26160,0.13504753128305944
26161,0.23254738850352788
26162,0.12887772926905228
26163,0.14452870303230744
26164,0.2410767797755521
26165,0.13764260949251722
26166,0.12992309199428176
26167,0.11781053241069117
26168,0.1741729890577027
26169,0.06939618137509196
26170,0.13558232255425814
26171,0.15819519626540354
26172,0.22277793361829687
26173,0.13776090884437162
26174,0.3551632610413691
26175,0.06345491923811143
26176,0.15508042918600737
26177,0.34543652943532765
26178,0.07649640911808357
26179,0.14615674122779215
26180,0.13125876478714396
26181,0.12876375152247124
26182,0.28675726935771295
26183,0.13845308842375534
26184,0.13668880383545434
26185,0.24720491791521515
26186,0.14491336386750633
26187,0.14155006462636988
26188,0.15317056543647223
26189,0.05948337972759656
26190,0.15092302996502024
26191,0.136466255065774
26192,0.1181126525755934
26193,0.13537565666781243
26194,0.14016719607838662
26195,0.08961987009916556
26196,0.06049584196742139
26197,0.12597629740227081
26198,0.15854420216701995
26199,0.14663615334064503
26200,0.23018541684856522
26201,0.11444545396387949
26202,0.2505956787239391
26203,0.2264503835703934
26204,0.1396597782900483
26205,0.22948416299963167
26206,0.12441410346273031
26207,0.17320334310097085
26208,0.35981372783134463
26209,0.22489430277764985
26210,0.1534088178064819
26211,0.37556446861609216
26212,0.05973911013396945
26213,0.20284197038712562
26214,0.3743221122801946
26215,0.1479636509234552
26216,0.15235407634356438
26217,0.13519334215215784
26218,0.11918823169868854
26219,0.15728953109166452
26220,0.13391684010999083
26221,0.14151783615370406
26222,0.14499934723976957
26223,0.13398807201978066
26224,0.1468120792867513
26225,0.13408137128681832
26226,0.11968838912477002
26227,0.14101812076855344
26228,0.15178573538451542
26229,0.1565884427132014
26230,0.2532143887510552
26231,0.0613377023163969
26232,0.14166023531714164
26233,0.14884154321864398
26234,0.11592358740892646
26235,0.23987899117130662
26236,0.11741404916440353
26237,0.12737836838338276
26238,0.1461358343422887
26239,0.24454259880007997
26240,0.12839765126444333
26241,0.11763495849830279
26242,0.11415869899624663
26243,0.14296534237316708
26244,0.14433784677598316
26245,0.13284128828801225
26246,0.1489001174953263
26247,0.14440034251859354
26248,0.14583249991323455
26249,0.283149585624371
26250,0.12558649154408016
26251,0.20938904685367796
26252,0.12197627500516077
26253,0.14477934999897024
26254,0.15079852095997287
26255,0.16050340406004648
26256,0.234889921103391
26257,0.11718601579784328
26258,0.22577752046549393
26259,0.3311819735549811
26260,0.14806834472214891
26261,0.15712480294224143
26262,0.13349309421288177
26263,0.15390020242986843
26264,0.12985837722425592
26265,0.14312819272641752
26266,0.12423018373808396
26267,0.16111463383461047
26268,0.1410891276613807
26269,0.11708637159136014
26270,0.13526277480819857
26271,0.2335319773802058
26272,0.18377933745386202
26273,0.14771766820810314
26274,0.13522203939464597
26275,0.12085640726380324
26276,0.14519769390507334
26277,0.1658864967886805
26278,0.1456456974903132
26279,0.1322577200721157
26280,0.15772127950534945
26281,0.06536809949972144
26282,0.1468995721701166
26283,0.2369051181914036
26284,0.12399663103687553
26285,0.20957746983235323
26286,0.054686499969370056
26287,0.14133826875257435
26288,0.20443400729771208
26289,0.14095455812084343
26290,0.13516226661333539
26291,0.1297640203900585
26292,0.1627517116556901
26293,0.15120806314302215
26294,0.36065949087687926
26295,0.05683341280530954
26296,0.12229298613024896
26297,0.11410159944052578
26298,0.06272126672997858
26299,0.11285345704547949
26300,0.13077897666507585
26301,0.20566994429817206
26302,0.13752645340309702
26303,0.13517425487215307
26304,0.11232901448968119
26305,0.22512682135400752
26306,0.13318395675507147
26307,0.11844743735319029
26308,0.25431320084206077
26309,0.24876857495891794
26310,0.1620201632656568
26311,0.36168642363178033
26312,0.15013798622814228
26313,0.06188660369012891
26314,0.11808499727957267
26315,0.14217463204835526
26316,0.13177244855512046
26317,0.3796270300949254
26318,0.15206356496231907
26319,0.15496814769081246
26320,0.13062764919263772
26321,0.1458090906266149
26322,0.12376405644135519
26323,0.15908289757594585
26324,0.14302004883531821
26325,0.17009782611734212
26326,0.041392315041369754
26327,0.059769761027007845
26328,0.13873692658843143
26329,0.14157865276425885
26330,0.13268270996075418
26331,0.3703936604865916
26332,0.15268415588227
26333,0.06306749560082664
26334,0.13760311888886984
26335,0.20184547135870157
26336,0.17166885054863837
26337,0.13308242477275087
26338,0.12778900112981448
26339,0.13858943280240618
26340,0.03727836622370346
26341,0.05423573241795889
26342,0.36802987802864306
26343,0.11910629096095636
26344,0.14696323851327506
26345,0.14437021484337895
26346,0.15380367405083975
26347,0.12811907495347574
26348,0.1377867305631246
26349,0.1250422790356386
26350,0.21264662279827143
26351,0.13753340468882244
26352,0.17007710137920595
26353,0.062157716884038615
26354,0.043062487022278155
26355,0.15319500079595452
26356,0.14299675985595026
26357,0.11905143000527929
26358,0.1271265716895258
26359,0.034546472719852374
26360,0.16310932317429774
26361,0.1215116280069952
26362,0.1337800041732953
26363,0.059655680028567394
26364,0.14215460332503432
26365,0.13039407912550727
26366,0.12747636787967548
26367,0.1641137620695449
26368,0.36199532840566634
26369,0.13155904820270795
26370,0.15560259451767586
26371,0.056504868229062116
26372,0.24351270163872996
26373,0.11995823917431166
26374,0.13817049721750305
26375,0.13850595479236696
26376,0.12627039587932318
26377,0.056830148777286114
26378,0.12738437486693746
26379,0.1196822559851614
26380,0.12741890618616594
26381,0.2440154338623258
26382,0.17019236947328717
26383,0.27272120238685954
26384,0.06119691621866766
26385,0.27874310906698085
26386,0.15686823387564344
26387,0.2735946987381343
26388,0.13862373611952616
26389,0.1186088312389289
26390,0.1388976471480958
26391,0.05878540938859844
26392,0.1375014838283762
26393,0.13159448482749045
26394,0.12866553545452228
26395,0.1240314830262867
26396,0.1436677184902623
26397,0.12741986765618574
26398,0.12626253542122856
26399,0.1584940034859322
26400,0.056546604963606494
26401,0.1540692706524448
26402,0.23361266343726952
26403,0.14327420462915266
26404,0.13611720397301877
26405,0.051849564112768774
26406,0.19755564928857142
26407,0.12907380776796626
26408,0.1483805253011878
26409,0.14693335652067854
26410,0.12538119067349765
26411,0.14592466420332026
26412,0.06118919946937112
26413,0.14667619876573368
26414,0.2297497648980623
26415,0.11207169982125541
26416,0.1481806186524828
26417,0.20655075519854307
26418,0.14881887754856715
26419,0.40697687471128097
26420,0.1487138300065141
26421,0.2468113908842463
26422,0.12642409423102352
26423,0.1237102992943097
26424,0.2217259135501838
26425,0.12561995528954056
26426,0.12924334302629523
26427,0.20633576473000548
26428,0.1359171561984616
26429,0.12408854735829578
26430,0.14784181630373205
26431,0.11788350179754876
26432,0.12154457201245723
26433,0.1326655296418484
26434,0.11232154150716088
26435,0.05971799354157716
26436,0.13572941842536834
26437,0.14080718201878165
26438,0.14548962970633972
26439,0.14502180268669482
26440,0.11978476053458435
26441,0.14635504611968705
26442,0.1553324560583617
26443,0.12693685700198354
26444,0.14025739374671362
26445,0.12949451743568688
26446,0.1513549448408357
26447,0.1400772152345177
26448,0.11529445312352775
26449,0.11418892722194075
26450,0.05787832214719188
26451,0.16364168577278407
26452,0.12467858271683134
26453,0.24385792048944102
26454,0.11862657621656934
26455,0.04733839703872567
26456,0.238075565418157
26457,0.12847211814111045
26458,0.14583386561458453
26459,0.24046775644893656
26460,0.12524253893384332
26461,0.17790401087324384
26462,0.12484561988722033
26463,0.35675086613001766
26464,0.12425699594725091
26465,0.13336405698953138
26466,0.22265657917882817
26467,0.21794015645875361
