id_cliente,prediccion
2,0.13895341125509728
3,0.06334101258883464
7,0.13648901392088844
10,0.06218606215138548
11,0.14942743235191483
12,0.03360533518248753
14,0.12294369442853255
16,0.14019270470310588
25,0.13249675842324293
32,0.11265483893748911
38,0.12009574372307348
42,0.14866468943671682
63,0.1197244912558177
65,0.1309554161195001
70,0.14235631274914118
74,0.13903989108283143
76,0.13398273539420433
83,0.05790609468339062
90,0.07006125753822588
98,0.15933333395849678
104,0.12088825353094183
121,0.06081591512243623
124,0.14393111119428917
125,0.15093764630192094
137,0.15734772533695426
143,0.05693044283892155
144,0.15520189989160307
157,0.14394475048033203
163,0.12377244411920983
197,0.07323932981198059
203,0.17005810695547538
205,0.1271987486590291
209,0.0363711604414993
228,0.1679271546034408
231,0.12834049460106053
237,0.1447903412758929
243,0.06965936255551528
247,0.12898321511493127
249,0.058279350901546324
253,0.1601498336972205
261,0.11887027935604562
263,0.028923057019232094
275,0.04811101374474854
279,0.17377990647525685
280,0.13231311667764137
292,0.1359796641797905
297,0.12403685242391294
299,0.11922749201658923
302,0.05020218873560015
304,0.14046205848223833
308,0.24631983060576645
318,0.15727383163548
319,0.16025282145079286
323,0.06461685292791945
325,0.14491362752035017
339,0.13902868002948232
340,0.12887834624546232
355,0.11434052804613552
359,0.14609525472698381
368,0.1522179559463287
371,0.12090682985297097
378,0.13346614728199271
390,0.1446361688293358
392,0.13298045957261062
409,0.12447441471104996
412,0.06727780390382726
420,0.1559617753247056
422,0.08656712240804589
428,0.1413256776791338
429,0.04822596459407
430,0.134836215154165
434,0.0585157804968581
437,0.14846176619198492
447,0.05809752841127038
464,0.05170949666703099
466,0.15147880976450254
468,0.2086420165048696
470,0.13682063653075235
473,0.12651381292332192
475,0.0588275016797821
476,0.1487460491943895
480,0.05071386141245271
483,0.14254197506135347
487,0.16789313418960405
495,0.15304574075837063
496,0.15964977449049303
499,0.13007814779852525
502,0.06526856032217489
504,0.13165736291923072
508,0.06035440836727098
514,0.12774020159713206
515,0.16109512019740027
538,0.11522475922100987
548,0.12921579345941128
551,0.12403425013930318
553,0.1379168726414547
560,0.051692523191944985
564,0.12928115721961228
572,0.06402207664625982
577,0.03390985172949181
578,0.23832844513030524
591,0.05014771802588683
593,0.12929166386218052
604,0.12574242588263992
606,0.137331778950848
614,0.1550375009802837
616,0.05782457205176785
622,0.12428768029634829
626,0.05269029185709406
632,0.054283870120317566
637,0.05506454577843933
640,0.07631866793161235
647,0.11446271059267454
648,0.05990321079680879
653,0.13798331023627794
654,0.05064512623845229
659,0.16481287312829943
661,0.036580443293381844
670,0.06065908867168163
671,0.05269815497483232
673,0.12902724427687817
674,0.08466350972317555
682,0.1335056898983561
683,0.1476714849989035
687,0.1381023961053355
688,0.06357450766642507
689,0.13880163017598232
701,0.12451475063529084
705,0.13649725026458776
707,0.11205813609630692
710,0.12284885483448539
714,0.1299231187029204
716,0.12024465936548351
717,0.15263012980966206
729,0.06716247638920612
732,0.1271723493819612
734,0.1538870137025683
736,0.14583361056554506
742,0.053274370963536856
750,0.1408340785589054
764,0.1335544634985719
767,0.11248130542184272
768,0.1416262193780537
774,0.15623780412715038
777,0.05682813795223921
784,0.14624943374108454
785,0.1504800501726823
786,0.13616857143766392
787,0.22794051782669403
788,0.13088664580975742
790,0.154365556939262
794,0.058325768829347736
796,0.13052787494012352
802,0.055340737471911504
812,0.1422480291662213
814,0.049588033023401666
816,0.05252061108244451
817,0.13601351948849102
834,0.12358412366827194
835,0.15066643419069967
836,0.11951427254291663
837,0.13159174395845472
840,0.04118676498471658
841,0.049406806131100524
854,0.04241184415413476
858,0.11518240913654343
859,0.057462863124946056
883,0.12016979827059937
887,0.05985893888365713
902,0.14408372204066028
913,0.12972850006305367
915,0.11548467238743206
916,0.1403919644956555
917,0.12703584575293597
924,0.1225096213849123
929,0.1357628297278585
933,0.1319865935145286
936,0.13533113135382777
941,0.05613218909122878
946,0.06433519112353221
948,0.059867585265994526
952,0.12879256075690873
959,0.12630172156520206
963,0.1298930589075983
965,0.08765100340604909
970,0.15927920817802863
975,0.1671261443648886
979,0.13005555711380667
982,0.11397954239321595
986,0.03345072886180284
992,0.1436721094283601
1003,0.0390307909804779
1004,0.12971370211441013
1007,0.13897120468123114
1014,0.08114616319883815
1017,0.05127581087982844
1018,0.1179454656712831
1043,0.0632602553570258
1046,0.1342166501398853
1052,0.13573285100917185
1061,0.0497761364151646
1063,0.13110490152275192
1064,0.13898533755515582
1067,0.13198505028546823
1070,0.08073422433573339
1075,0.050688628765811976
1105,0.051101822302529465
1116,0.23151610183012672
1117,0.17881653882298543
1123,0.1382707452463411
1125,0.14391026340289068
1132,0.11915736297447778
1160,0.05434117813691434
1161,0.14837973858749245
1165,0.0657605920423034
1171,0.23438492575414735
1181,0.07873506077071575
1185,0.14333323897323758
1197,0.15460392696144518
1202,0.1472304925223466
1205,0.03688363904946613
1206,0.16821347607133594
1213,0.14424195880830612
1216,0.059832731291042225
1228,0.13045618800701927
1232,0.12900092361463097
1238,0.09915818603130562
1241,0.06341454947978743
1246,0.11359633780010962
1258,0.10360022024606137
1263,0.15508680535016015
1289,0.12753493650584158
1301,0.15796814864530795
1302,0.05133025767026391
1303,0.15684168426166725
1312,0.13183186754768159
1314,0.13231705618393264
1322,0.07937491102141196
1326,0.05833601702156854
1328,0.06297387526154423
1334,0.13622144734736974
1336,0.13383756865921884
1337,0.05558466115447793
1338,0.11989126343119676
1340,0.15220536486117467
1361,0.16067702296982475
1365,0.16832908718525944
1368,0.28627402953457687
1370,0.07124133824074493
1378,0.14626924884181566
1381,0.152189929777336
1388,0.13934664309869685
1393,0.1283629192680866
1395,0.11081319259991447
1400,0.12556286241722395
1404,0.062084407982196
1405,0.06437300114974405
1411,0.14707326877264598
1414,0.16092196837010544
1415,0.03331885757463054
1420,0.10792028560238676
1425,0.07172254286685097
1434,0.19545815828393
1453,0.16348252077563066
1455,0.23960764297384018
1460,0.15862422558158681
1465,0.2589742344794687
1474,0.1471949418196933
1475,0.03186682552075028
1476,0.06375624175269237
1477,0.11105390821065474
1489,0.07387834217027887
1495,0.1253526610368324
1496,0.06834201899568922
1501,0.12540177310732806
1504,0.051039548993533884
1506,0.14678773145972582
1516,0.14776260909928088
1535,0.06881630776346094
1541,0.05920344463313277
1546,0.05142276679261809
1552,0.05966897348746695
1558,0.14277252828033374
1559,0.12537994142423695
1564,0.1125804507859678
1566,0.12845013456151164
1567,0.1717200091082157
1573,0.15202946011950028
1576,0.06439846119423731
1577,0.06059386586574344
1578,0.10439340146285987
1586,0.1359023933737087
1587,0.07326053851875997
1589,0.14305655964091804
1591,0.1269803058937853
1592,0.07104245616955908
1598,0.055644844900200614
1602,0.15621236365119603
1604,0.06839331403789353
1606,0.06388567738228705
1614,0.0363436615460544
1615,0.21148207900454352
1619,0.13416537554759395
1623,0.143279030018768
1631,0.13544612112487864
1639,0.05314603905587797
1648,0.03480735730495043
1659,0.12851353580193667
1669,0.14864281761200993
1673,0.1296935108026032
1678,0.13402730191252385
1682,0.22621821462216798
1683,0.13177841020953168
1692,0.12291582279912106
1693,0.16496078109660894
1695,0.15038435422010446
1698,0.1529365125479222
1706,0.23330069540216503
1709,0.12412576705465757
1710,0.15745092665822522
1719,0.12094774776053478
1720,0.0403885567727825
1726,0.13189485637847423
1730,0.1292825944078245
1732,0.1269890116726156
1733,0.13686092091482183
1736,0.06738698290838797
1743,0.13965304242873036
1751,0.12793155936967035
1752,0.14080325188932355
1754,0.15836440101680702
1756,0.0404249339969275
1760,0.11301740088148009
1765,0.0627777667496592
1776,0.12572142777799575
1778,0.04106160627385545
1779,0.13985580962496671
1781,0.05310249632004097
1795,0.14571963999700302
1808,0.027985327205443528
1809,0.14825373927351562
1814,0.13951961561959594
1821,0.1281873995463609
1822,0.11202073870467553
1824,0.14694507779128435
1827,0.13033848456367075
1834,0.155728507843808
1844,0.18751032815961396
1851,0.1578055041484077
1867,0.14304435033081378
1869,0.12492822416417539
1875,0.2334651985732972
1882,0.14639577254527314
1897,0.14777963783740258
1910,0.12985386930301032
1917,0.14185980322680647
1918,0.09367759506096592
1935,0.1407777985674548
1936,0.1487642264062751
1937,0.05443074922090116
1949,0.14322313417034874
1952,0.049285317831149
1956,0.14398365283300762
1969,0.05553209011862253
1970,0.12318805389205945
1971,0.1334052566506023
1977,0.15198874533108267
1982,0.1384625301417487
1995,0.12804285810276247
2002,0.15179254642136572
2004,0.13709488834485317
2011,0.16483961617809528
2013,0.162343906110571
2014,0.12974890297356928
2026,0.13506380521757191
2040,0.13074267523117264
2043,0.13668471081988767
2060,0.13341818652074114
2069,0.09143539730380519
2073,0.08453939027636953
2076,0.04600621473448793
2082,0.1185195727696775
2089,0.05067270758432155
2091,0.15804725293870467
2103,0.06526579103387535
2109,0.05932117864203565
2112,0.13689378064633143
2113,0.1590466811594276
2119,0.05572399183809785
2121,0.14474542759287237
2125,0.15380121144698314
2127,0.2196783048350306
2128,0.14764102707689827
2132,0.16069829680623673
2146,0.14559403248033612
2148,0.04205086387984203
2149,0.16656471100097317
2156,0.057629137898761625
2157,0.14399117352622634
2159,0.1429595980555707
2160,0.1222745917322721
2169,0.1492254076518507
2170,0.06131077713944472
2186,0.06424254761327747
2188,0.0528994659594356
2190,0.12072478401440234
2203,0.10557437188938253
2204,0.1458527487530857
2205,0.15145851368075472
2207,0.13719801722944844
2209,0.05788361505925068
2211,0.08104454367210022
2220,0.05347628138467351
2226,0.14113926949016384
2229,0.12774140691797076
2234,0.1223614511147782
2237,0.15194963819153573
2240,0.12905019986101865
2249,0.0567736937863391
2252,0.14003544177516628
2264,0.16697372179860778
2269,0.14517870620814896
2272,0.05741663742332322
2283,0.11841262197468788
2284,0.14855994286827592
2287,0.17020087740240478
2290,0.1196554753501466
2298,0.05781894020530761
2328,0.1274048194387477
2329,0.1634850989030865
2330,0.16453225345843467
2336,0.14476608687301773
2338,0.15033053787914621
2341,0.19337846284118895
2353,0.16431551671335087
2356,0.039312646488949436
2366,0.1264193130642294
2401,0.1157053783589131
2404,0.05709694528855481
2408,0.1138470760278113
2409,0.13161328868403877
2410,0.1454109907498272
2421,0.24932433206835133
2425,0.1426286480241019
2427,0.16921986558591717
2429,0.13290190879154853
2432,0.1393155467307087
2435,0.12313713960962806
2436,0.1302566699003308
2447,0.12392904056066352
2449,0.05354838666112922
2454,0.0636024386031435
2460,0.04019646097997898
2472,0.14460746082624512
2479,0.1151852907463861
2483,0.13782560633580884
2484,0.1356917299238378
2492,0.15527261041418614
2493,0.0598830841707553
2495,0.13080046437133108
2498,0.18435291231820436
2501,0.12662017806908585
2510,0.13207961029546705
2512,0.03965656840183011
2516,0.03648583625528743
2517,0.13731962421043054
2538,0.036152524798791476
2561,0.14419770720256406
2563,0.12369425743216622
2567,0.1357657025592611
2569,0.0803569372306379
2576,0.12392850419319539
2588,0.14571965413313248
2592,0.046815343437535545
2593,0.14083123527987443
2604,0.12403579409900885
2613,0.11445971636822184
2620,0.12801841489534663
2626,0.06699422149637775
2629,0.06139445791759813
2634,0.058426485876812595
2637,0.15080304482211157
2649,0.1599917509836503
2653,0.1729394059088328
2661,0.13765119601213308
2662,0.09156490318062545
2668,0.08760811042673118
2684,0.1330119810817284
2686,0.12384516815368159
2706,0.1298812860161003
2709,0.12388433788104725
2710,0.13055046637982187
2712,0.088967158152806
2717,0.12154156708789299
2718,0.1457796431341849
2720,0.11358974267316352
2726,0.1530526566609138
2732,0.14427303912048164
2735,0.15315076495017785
2736,0.13052124412895838
2754,0.12524056223460095
2755,0.05782169774332449
2758,0.12880279956678134
2759,0.0645755043382864
2768,0.15545031375499543
2769,0.15715237731002518
2770,0.15661435032532256
2776,0.05217428145698608
2779,0.2031498407980343
2790,0.05629463739701137
2794,0.12085397357642817
2796,0.03782470056943521
2801,0.13314002303019043
2810,0.08084726698360996
2813,0.15329167298095694
2820,0.1332647218670294
2822,0.15692750043952564
2830,0.14161409612635434
2831,0.147330421273854
2835,0.13987000697859386
2837,0.14785200123726994
2852,0.14542855977714272
2861,0.12502764766062494
2864,0.05079307290352194
2869,0.05249383027900071
2870,0.3198048769551169
2883,0.03482268036920271
2890,0.05212839897438559
2892,0.06129569915866942
2895,0.16541288919162186
2908,0.1572023402125189
2911,0.045851361615275095
2918,0.12210976733202039
2931,0.151597853406326
2936,0.13958826095591903
2938,0.22887693945589146
2940,0.1565684842585198
2942,0.1299723045337173
2943,0.03304485892632677
2945,0.16935951583764008
2949,0.05504640421887919
2959,0.14525664800451324
2966,0.1543504838782026
2969,0.14149202936945396
2970,0.12482255061059679
2975,0.11810388288051192
2976,0.13562269708464011
2987,0.12399570386994918
2993,0.06052013835229123
2995,0.057743816943891656
2998,0.05281161855446803
3002,0.13811564670440588
3004,0.12411843122685152
3008,0.1466091829586206
3010,0.12567331225115017
3019,0.06528256509646745
3027,0.05952273674477216
3030,0.1686451141385292
3031,0.14316434345490722
3037,0.14004305664108116
3038,0.11307324128401387
3039,0.06586062482269174
3043,0.12573255249474366
3048,0.05918135371931941
3049,0.12786681252716892
3053,0.05308525171695246
3054,0.059200995451106186
3056,0.11236805456814507
3069,0.24422578357754723
3071,0.15277462636459713
3072,0.1473431154305283
3075,0.14217090719934436
3078,0.1356268718967649
3080,0.11790866141001084
3104,0.1426962054004263
3109,0.1554678029101607
3126,0.07790472245510864
3137,0.057540059473830306
3139,0.1120152748531124
3142,0.14182420773994753
3147,0.05624919280928547
3168,0.11280524030451854
3169,0.14074499229540852
3172,0.11672798586010603
3174,0.14227963518687656
3178,0.16823081042052823
3179,0.059659567961185454
3181,0.10984799094602117
3190,0.1423223418481354
3192,0.15040529380345397
3196,0.14902472516343937
3197,0.16293024386600605
3206,0.15142286247325124
3208,0.03630659240376613
3210,0.10823339123163996
3214,0.2167096459811718
3220,0.07197339071867853
3228,0.05656386222652216
3232,0.11758915193766713
3247,0.12798093968448224
3253,0.06799380460585312
3256,0.052386487353978495
3257,0.12679050980251552
3262,0.10465333383992288
3269,0.05079193018600853
3276,0.06277076415697312
3279,0.23533610247376377
3282,0.08003168146414034
3284,0.06420901487153582
3285,0.13804900588231403
3295,0.13542680200263724
3297,0.07657314612564221
3298,0.11204540019351063
3311,0.05673515364117352
3313,0.14866550981763946
3321,0.11705071277858824
3325,0.12505396855962692
3329,0.21235633200017182
3345,0.16827656548094297
3347,0.11208297567109411
3349,0.1440584905155884
3350,0.09324150936253195
3354,0.13603449638815399
3356,0.219853202820098
3363,0.11714366355256654
3372,0.11090172623161319
3376,0.12899924306106866
3380,0.11503718637576511
3383,0.13713859300066072
3385,0.1303609994170243
3387,0.1373111069155772
3395,0.05375641875750261
3396,0.05237159771626687
3397,0.1167996045533607
3411,0.06760483267766629
3413,0.05331500699248686
3415,0.08186313935032942
3444,0.1523585484485647
3446,0.1486812470149598
3447,0.057625703852059285
3448,0.10398131305166025
3454,0.059505463331522734
3466,0.1294949861689224
3471,0.14031129882487
3474,0.056188795939547044
3488,0.14425369246914396
3496,0.06472315885591205
3498,0.14397031270354357
3508,0.12328054838352043
3511,0.058868267878143844
3514,0.06871861887389334
3524,0.06588318213228207
3526,0.11957780925903565
3529,0.03918597573669369
3552,0.03502818857638743
3561,0.05560536878594944
3564,0.20031713356303438
3566,0.054107531243415025
3576,0.15816391317450687
3581,0.055780996152593444
3582,0.14448197817107067
3583,0.24916658540437267
3587,0.13136248240952078
3589,0.15244414736472614
3590,0.10233038652839643
3592,0.14828722662598712
3594,0.05645650639614639
3598,0.12812254399648912
3605,0.15029305641967422
3608,0.16964535506964976
3610,0.15163081939479198
3619,0.13183352828010955
3622,0.12246954853129065
3623,0.18375414130339632
3628,0.13920875436086158
3629,0.14636786482618133
3647,0.04873705081203914
3653,0.13715889771638168
3657,0.15344072729573158
3658,0.08556178754786153
3661,0.035460824492887476
3665,0.13560383792921069
3668,0.05604496925769278
3670,0.07848698248643891
3672,0.03358247913610777
3675,0.08886116329338518
3680,0.03803694397591371
3697,0.06007320531094575
3698,0.030797661910824045
3699,0.14377251498649687
3703,0.04614727275566314
3711,0.12949121805259176
3712,0.15854538538274002
3716,0.13267668495922405
3717,0.15235527602033536
3721,0.15302572883809315
3726,0.1354790950197127
3735,0.1494774155457748
3736,0.2370311245383677
3740,0.12359448278589895
3748,0.09997260601112311
3751,0.07704372845471845
3753,0.07336786566974066
3754,0.08700919100967447
3755,0.06394719572538629
3764,0.11500902353507769
3768,0.13737097091939993
3781,0.12464644863688897
3782,0.1548472333438776
3787,0.06426644968611812
3800,0.1245879742822489
3804,0.0626953949307306
3820,0.15309783056624104
3821,0.15306829244839507
3824,0.07938844097614746
3825,0.1311422853583204
3826,0.16853086941408194
3831,0.12665540312564125
3834,0.14055981022568273
3835,0.1307574043169778
3836,0.12122555776212246
3840,0.08522803191405563
3841,0.1663281150420355
3848,0.16322820199751695
3863,0.16019990092058134
3869,0.12565409121899285
3875,0.1259673639646577
3877,0.2304354688244802
3878,0.13963842915458238
3879,0.16326466018740063
3881,0.15973706746871172
3882,0.053027695507000004
3887,0.13405339316459733
3890,0.12866909715828534
3904,0.033916801947620014
3905,0.24463350371941384
3908,0.14463180922340776
3917,0.16425844363448375
3927,0.14872291819945843
3931,0.16496449726058998
3938,0.15031272837162724
3944,0.15685489709845887
3947,0.11845421417247275
3950,0.14231766958023695
3971,0.12036445054042866
3982,0.06844139633589237
3991,0.03326345519179952
3992,0.1295682004218702
3997,0.0840285064723814
4005,0.05678205598809747
4008,0.12037105053019591
4016,0.054215181826385274
4018,0.13751654646107592
4020,0.18429069711067333
4027,0.06868729699793788
4038,0.12051634931846662
4045,0.12337658016367105
4048,0.1436238449959838
4051,0.11911246966013696
4054,0.1441941829177237
4055,0.12093731238721923
4065,0.12202837969309599
4066,0.13078342125005535
4073,0.09279603046299241
4079,0.057379567528938503
4084,0.12088717103202949
4087,0.1806181575768929
4089,0.048121387768895595
4091,0.21683004134995712
4092,0.11533459225874236
4102,0.24031383525528935
4108,0.16263434947349104
4113,0.16113191586402187
4116,0.14617318875815877
4117,0.054436643884589575
4124,0.13484632597237034
4125,0.13819950574130543
4128,0.1385441812999619
4129,0.14381650541176047
4130,0.13242208719152668
4134,0.14458105723253678
4144,0.13903605744905692
4147,0.20810951042366257
4150,0.05534365563699332
4158,0.16443074489318377
4162,0.12814565657654936
4163,0.12234074641429328
4166,0.033206118417581594
4167,0.1314553636247203
4168,0.13140988205473844
4175,0.03591567537278172
4179,0.07157062257934656
4180,0.15969774556237462
4189,0.13653329102260467
4192,0.16641978957010842
4195,0.13449840309938202
4197,0.1516844397646273
4198,0.1405765170738514
4202,0.1237991660152991
4208,0.12720513801388914
4222,0.15070003155554387
4225,0.03415332064258562
4227,0.1442990195212276
4229,0.1295491800678649
4230,0.13438632257912156
4244,0.21858021984592643
4247,0.12672719384106892
4249,0.13848476240210905
4258,0.13504359602387905
4266,0.15919836581563926
4283,0.09515551120106754
4286,0.11595229943053646
4287,0.12486862692989363
4289,0.08888171309276811
4291,0.14667319223198094
4292,0.14735251846517164
4296,0.05550601161474799
4309,0.03438211247848825
4323,0.1496456001912042
4324,0.14539182963108818
4327,0.10716205713632747
4328,0.1447783948749455
4330,0.06403735418896152
4334,0.04192111792455073
4338,0.057198662725656706
4341,0.15262565472854803
4343,0.20009701546434955
4349,0.05705424495342693
4366,0.11598895288569912
4367,0.059442448013868256
4373,0.08794726256471684
4374,0.18869998062020996
4384,0.14348243825799947
4390,0.14238059530996797
4403,0.13252667805371698
4409,0.09448986091464005
4419,0.15518820685817228
4427,0.11853391624793119
4428,0.15885211895204462
4429,0.13184066615785722
4430,0.044875531363505194
4431,0.13454335543847437
4433,0.05906089832903708
4434,0.13230554173363926
4442,0.04905715510930544
4444,0.1205103627770258
4456,0.06429032163377216
4457,0.13270382848997492
4459,0.12531550451894882
4463,0.14161159171553817
4465,0.16246328108160685
4466,0.0650469057315342
4469,0.0703355522321294
4486,0.1225099856533443
4488,0.13688686721850615
4490,0.12819306789724072
4492,0.1457547503671505
4500,0.06253996619838324
4502,0.1368239551716758
4507,0.14574721250776057
4511,0.13511845857101334
4512,0.11663179401324592
4516,0.13365546591476477
4520,0.12932329301233494
4536,0.08248188275952983
4538,0.05501781719062381
4549,0.058306644392156014
4554,0.13245974651210865
4561,0.15009766012756687
4564,0.11229431634832628
4566,0.13868134144470326
4568,0.1687886497102189
4580,0.1474280212084276
4586,0.056830147375945356
4594,0.14222414437733424
4598,0.12090511991022958
4602,0.1280723539365199
4609,0.15669687041820468
4610,0.11772011402249112
4611,0.1186923747679096
4619,0.15298385660590533
4624,0.15630844227711843
4627,0.13106246710696604
4631,0.12091868218249939
4632,0.14784928294023927
4635,0.06491451411166332
4637,0.15055968976893905
4641,0.14302471506050474
4643,0.06414720351221755
4660,0.03283373757726562
4665,0.1556319013662799
4667,0.04301062047670798
4668,0.12864947007620534
4670,0.1411456170810875
4674,0.052412301903580906
4676,0.1380846256908973
4683,0.1792805774395767
4684,0.05850665961793102
4687,0.1283889774034553
4704,0.13248159172591953
4706,0.13960436665381112
4732,0.14064747996156232
4734,0.1574361724535177
4735,0.12121632718946936
4744,0.05994784366604324
4755,0.11436866949713298
4759,0.05498881880029075
4762,0.05860365798130901
4765,0.15566159543787564
4767,0.12966029278532282
4775,0.13262261504005124
4780,0.14883770668304883
4789,0.12891467862207745
4794,0.14741271602756875
4795,0.12155124909284605
4797,0.13006152880954444
4803,0.0530855917067356
4810,0.1589584449757898
4812,0.16556204488292006
4814,0.12751634453639052
4818,0.12080864180595374
4820,0.06005075929106917
4822,0.13328441617227715
4827,0.08015557901823869
4828,0.06454239369484792
4831,0.03396306462010185
4839,0.1507097758504846
4841,0.12509672775372274
4842,0.038000567710072326
4844,0.1252875594402906
4852,0.050389317338746
4861,0.06838741590264309
4863,0.22462555050575153
4878,0.1296104144668416
4881,0.1333370204618398
4883,0.15870016857027788
4884,0.12259601018109849
4890,0.1331637755719372
4894,0.03419316910121218
4895,0.16943512767892957
4898,0.12649226662907537
4899,0.05026510612346702
4901,0.06683568047622249
4902,0.04202263866724412
4919,0.12001889207978304
4934,0.06156793321489649
4937,0.1245492150216197
4939,0.051700203163072035
4945,0.04648065582481097
4952,0.11704449996910497
4953,0.14726170220728615
4954,0.13106883637943378
4955,0.11430247590849929
4967,0.05441025809836334
4970,0.1439565051599175
4979,0.13582626093412511
4983,0.12457868709988003
4989,0.10967586124561028
4995,0.1303816060663373
5004,0.16025541088948883
5007,0.14460350404280234
5009,0.05626764756539382
5010,0.11707015069335118
5016,0.13364559701396503
5033,0.052480133331643315
5038,0.03324545985019476
5045,0.08242384197412618
5049,0.05520354112138296
5051,0.051872848454280494
5055,0.12432113326022064
5058,0.05994766796455652
5059,0.055745003194433214
5073,0.14815867647584555
5074,0.224561957037381
5076,0.13620477105975223
5078,0.05908686991466749
5081,0.1349783768549694
5082,0.12658165385375808
5084,0.03388236619180473
5105,0.13701917771869832
5107,0.14073753994381044
5111,0.06855832221947375
5120,0.0353313693923642
5121,0.12519408855105932
5123,0.1448164419225563
5141,0.12508916949967253
5144,0.14244873180108755
5147,0.15062682396114344
5149,0.0344530115027513
5152,0.03866434921238159
5160,0.13565646303857407
5170,0.14513524104319622
5171,0.15629479949887587
5176,0.16552284762297073
5178,0.19647260881538633
5192,0.05134689894649295
5195,0.07139613628843658
5204,0.1376885266282958
5208,0.14484284130109856
5211,0.08983570566411657
5216,0.04055332401839596
5217,0.13247467819537798
5225,0.13548306810990385
5228,0.16940349494312726
5239,0.04374170078248455
5241,0.06483472042450002
5243,0.14083441852574155
5246,0.14676347503189677
5247,0.17228135435787836
5249,0.05372367098307671
5251,0.17379984961856632
5255,0.15077222359029288
5257,0.16273267105996828
5259,0.0717311559449938
5260,0.15141321039961628
5269,0.14991407077463684
5281,0.13748766486063468
5284,0.16618185323851198
5286,0.06763074016451581
5292,0.060951125763078796
5293,0.13950566298495526
5299,0.12904681526169062
5301,0.11896779659536576
5303,0.10758045217595143
5305,0.13303465922838562
5319,0.08570111179532997
5325,0.05581448712713664
5331,0.1340961699891933
5333,0.08703981188127113
5335,0.1350718064321104
5339,0.09647247854592585
5340,0.11563047015267462
5341,0.12193877252364498
5343,0.08531953486561326
5347,0.16593202396254517
5353,0.12883327251765544
5355,0.12612088696012297
5363,0.13873395874576686
5365,0.14851732060117814
5373,0.1199417456330804
5377,0.1446781744729598
5379,0.06364436070550922
5385,0.1414332639446258
5386,0.05163227013667171
5387,0.13876991562808064
5389,0.039946919113768416
5390,0.07095000688148902
5396,0.06062018055254226
5397,0.03473782031588044
5404,0.12576601475251228
5407,0.13659551387287672
5410,0.0311918645526303
5411,0.05506682719745495
5412,0.11985215843946488
5413,0.050957192377322685
5418,0.15825940368559824
5424,0.12522061132199
5427,0.16041762482718028
5428,0.12695660404828554
5433,0.14495886102406197
5441,0.14701396034113415
5448,0.11809740164267446
5456,0.13954091003998267
5460,0.047652833761538595
5465,0.1601155503041244
5468,0.06159890977088039
5470,0.14945328009018752
5475,0.1241119733058586
5487,0.15221687117656832
5501,0.05609930063741034
5504,0.12463753737983456
5508,0.12936198449195585
5510,0.10245820280187089
5514,0.052741018444348975
5528,0.14506778600279116
5540,0.12037604126732988
5543,0.12121194226807232
5545,0.11924557343124846
5546,0.12821489605063371
5548,0.057495968861530466
5551,0.2434220939175047
5553,0.128464425669184
5556,0.14061461299254766
5560,0.141760184298142
5563,0.13719062863872258
5569,0.035464635563021214
5572,0.05751106305291689
5576,0.05969972804825712
5582,0.1326071576003751
5586,0.05575523130142646
5598,0.053347091821736255
5605,0.1267860094587262
5608,0.14363063495947145
5610,0.122060171133976
5622,0.07016625576846719
5628,0.14457917973390383
5632,0.131732007096944
5640,0.0563296629244559
5641,0.0752178652945793
5647,0.05636237065473062
5654,0.17026044568217338
5665,0.14875066396359177
5667,0.1494756184925838
5674,0.07261221691945054
5691,0.14061355648930848
5694,0.14201000997844426
5706,0.1394694819041493
5716,0.07127398510822287
5722,0.060992131021576884
5738,0.14545617711955303
5745,0.1354624373395518
5746,0.09068786105761185
5755,0.14575444711608052
5756,0.03327610300541411
5760,0.14635973587529827
5761,0.13778409702436337
5762,0.061077301261374985
5763,0.05240767952321143
5765,0.15105173537822278
5773,0.13389242444786056
5781,0.12994312164819394
5786,0.1419783943522607
5789,0.1427761242765002
5802,0.12392971803400228
5808,0.14967055983174224
5811,0.12040429029983464
5812,0.22025580650133558
5813,0.12690816361871388
5821,0.14498329939971483
5829,0.1706703297590807
5838,0.13634695932212276
5842,0.16250200635362394
5861,0.13286953933602988
5864,0.13823740648516378
5871,0.15195327588587526
5875,0.14103920925823674
5879,0.1416918122885816
5881,0.14951075878232167
5891,0.0578077146052039
5903,0.042220575107353685
5909,0.14011414297039507
5914,0.17134491217377978
5918,0.13024909692058276
5933,0.053251504639806026
5945,0.057103307287177725
5948,0.060141478259471394
5949,0.036561372898623
5950,0.1411912669002067
5952,0.15013942513569653
5955,0.1503763974548137
5959,0.1612891056320854
5961,0.13483990484180164
5964,0.05192766969094254
5966,0.17232806859410235
5978,0.1414821945147133
5980,0.12364074085520109
5983,0.14921632295976628
5985,0.1254920776778892
5995,0.14048062163598818
6009,0.14835435348257497
6016,0.07997702207373437
6021,0.13910290205583875
6023,0.11362762347225641
6029,0.14400668818565387
6033,0.1389199894812678
6036,0.041013333341432416
6039,0.131635873704383
6046,0.1831614418578117
6047,0.10416610426924482
6051,0.12786910521932365
6054,0.05379663354453107
6061,0.14934451111987757
6065,0.12023192372525698
6068,0.11460606847806953
6069,0.2081025872451525
6070,0.16484049509381163
6072,0.10300058372735717
6076,0.14501200141591117
6082,0.060462581176797224
6104,0.14243692915039693
6110,0.13086122166055267
6122,0.1288362994377776
6123,0.14800834799917031
6126,0.0499047615427809
6128,0.12706023779848072
6131,0.059039686024412286
6139,0.1160108662433819
6140,0.14329914822200382
6142,0.22497766694219204
6143,0.0901842293417376
6147,0.14590467120956277
6152,0.16980437134062024
6164,0.13274724415083408
6171,0.17846663014493278
6173,0.14479931698755225
6175,0.17080198715325345
6176,0.035734117168789326
6179,0.13560342090196933
6181,0.12230430752441519
6191,0.06948179442669798
6200,0.1207311004365526
6201,0.14665234313222802
6208,0.15590262081867948
6219,0.14672511978589722
6223,0.05963433487351616
6224,0.14327751878018943
6237,0.0717954220611036
6255,0.1232653083459581
6265,0.14784785351510407
6273,0.11608274505842427
6279,0.1242684770669528
6284,0.13847151329171384
6295,0.12624147012538522
6306,0.03656116322625116
6311,0.2148709667527738
6327,0.1041047810162546
6330,0.1269756528658719
6338,0.14414493008021456
6343,0.16037949853163977
6345,0.21510679471788038
6351,0.12960708772373444
6357,0.0390070950195603
6360,0.1251421816227937
6389,0.060191740327177286
6392,0.14304219489871275
6404,0.13149992145291015
6406,0.06263238789543635
6407,0.1392566803838291
6414,0.06472243733627338
6419,0.1340053406591198
6425,0.1269543572528878
6428,0.054934400914167854
6431,0.13109966906948647
6435,0.13403450951282378
6436,0.0579297170165278
6440,0.0947797078453605
6446,0.14419717712425034
6465,0.11758751404361939
6473,0.12943459667260576
6476,0.06068927653718458
6477,0.10310528183114694
6478,0.14623362066422804
6494,0.10242485862726698
6501,0.1534457172146009
6502,0.21423119087192918
6503,0.12490934681399173
6514,0.03836371182748601
6516,0.11741000574509843
6534,0.13810297449740158
6541,0.05549438079871116
6553,0.13751777049809155
6557,0.12151602567553078
6559,0.1369995999169742
6560,0.184751936394976
6562,0.1400466024475169
6575,0.14145946491068162
6583,0.03800189509760133
6588,0.13602179688450924
6590,0.08336611047493188
6594,0.09832545957443722
6602,0.1394113739433355
6603,0.1276058075172026
6606,0.10517008854147276
6614,0.14725601611402936
6618,0.12265613986630026
6628,0.13253657054613494
6633,0.055877868223046114
6639,0.11604570247791333
6648,0.15130728826943413
6654,0.1222919232374358
6656,0.053050008363318746
6657,0.1770264547479834
6663,0.036870584753150325
6664,0.1131348829496005
6666,0.03155835844304214
6670,0.12398340352200031
6671,0.08880036248314542
6683,0.06097127975457986
6694,0.12604003071782355
6695,0.13920987195679443
6699,0.13860961251036877
6701,0.13310023354847103
6706,0.03141151657006092
6707,0.03428366239480875
6720,0.11246101009605743
6721,0.06558363259455942
6726,0.1553041137976606
6735,0.12663872815176813
6745,0.14221821763338668
6746,0.11413396688445071
6751,0.036843294200898956
6759,0.16124742764700245
6760,0.09723005614553093
6765,0.12128082803642616
6774,0.06224766081488612
6776,0.14505762108278897
6779,0.13773085121395479
6789,0.12397560899405728
6792,0.22222139116448758
6797,0.03588557664899304
6807,0.1447917304563675
6808,0.14205893415579998
6811,0.1491369259254859
6813,0.06760391086660728
6814,0.12983917972731798
6817,0.1323031574633177
6826,0.13277514574567129
6830,0.058629715191058446
6832,0.15666940195880982
6838,0.1809165162904871
6840,0.12249990607552624
6850,0.11783055741967478
6851,0.13192715869033342
6854,0.20718781941654862
6856,0.1845174464380578
6858,0.08698928879770867
6866,0.12246929599704363
6871,0.14672985739613195
6872,0.13045101641595358
6879,0.13227925075251568
6881,0.05730408283155832
6882,0.14935442886707895
6883,0.1369261060850776
6894,0.15856170362225444
6899,0.0538575928378203
6903,0.14719064651411695
6908,0.1482562496336137
6914,0.14580958128339672
6915,0.15169331959324414
6917,0.1417964401480965
6922,0.04547260610714445
6933,0.05917150405160491
6944,0.12791613257570822
6948,0.14260805030336066
6957,0.11487691146404944
6964,0.1292715963753316
6987,0.11895777302435052
6989,0.04472030744857391
6991,0.12353780827014739
6992,0.0866462631636176
7019,0.11860194091450149
7021,0.06152577072954644
7023,0.13463601909050374
7033,0.060624999985439076
7034,0.12246070511541386
7043,0.12457032008704455
7047,0.1176349934928687
7050,0.1187703372874695
7057,0.08269800010468942
7069,0.06339422446011261
7070,0.06636354048581226
7072,0.1550042408802267
7081,0.11960272371508035
7082,0.05990182813134152
7088,0.14181336830091543
7093,0.14636536163243086
7100,0.1545077284523999
7104,0.07886028844345222
7109,0.054646845137986864
7111,0.14823365354454315
7113,0.031906179218391444
7119,0.12122222959600519
7122,0.05356888838665175
7134,0.2598468383938337
7147,0.06655767582003623
7155,0.13566108417452313
7156,0.14431494566284017
7163,0.25807645257735057
7173,0.07512663940073915
7177,0.12955535943086263
7179,0.16908960519362903
7191,0.14971434422610283
7196,0.16247247487809566
7197,0.03370904822241964
7205,0.051954827981874764
7209,0.0602311868627635
7215,0.06357636926806472
7216,0.08711055663626466
7217,0.14280769756296635
7224,0.1299509260300536
7230,0.1442472456980665
7235,0.17100747630577026
7237,0.16438012590127551
7245,0.14075597564316022
7246,0.12149571808920166
7252,0.06577980177396697
7257,0.13035134514061628
7258,0.128457223624585
7261,0.08939568857077368
7269,0.1383788156185367
7270,0.12877810261779962
7283,0.14524408872591174
7299,0.12502147022020624
7301,0.0523171158852982
7304,0.1415075132000293
7311,0.14548389747629453
7314,0.1521141186012476
7332,0.132164572848242
7333,0.1608022968427427
7335,0.1428485483194334
7336,0.06416244860592524
7337,0.15809754991786307
7344,0.13500633566751555
7348,0.13937503893044847
7351,0.13022826133526363
7352,0.06726368172915301
7371,0.14683111309508323
7373,0.13271367185999852
7376,0.08071925712506972
7383,0.22876636506367443
7390,0.044234722140502364
7391,0.06948116036342171
7392,0.12565221545522556
7395,0.049186222225256065
7400,0.14696469792064615
7403,0.1334991740632677
7404,0.12071457862537727
7414,0.11941642714226441
7429,0.13627240319111156
7435,0.14526577979356062
7436,0.1227308978027452
7438,0.1200954731261183
7441,0.036902672789119836
7443,0.24816046241931997
7444,0.1809843886226563
7452,0.07998296889631214
7456,0.11509144995546479
7462,0.07854507650474694
7483,0.09679812454806265
7490,0.14582239291519392
7492,0.14154531599766867
7504,0.06702503102936826
7507,0.13310337745084597
7511,0.05323050086519978
7519,0.14115249918987594
7520,0.2523248184598972
7522,0.051858430658773325
7530,0.056060840082847986
7536,0.15622834357714552
7541,0.13193909232726794
7543,0.05934460796453467
7545,0.1303059189886975
7558,0.16010814793132996
7560,0.13897191726828395
7561,0.1359702281024043
7571,0.1277765690479838
7579,0.12894415397034478
7580,0.0975010662746716
7581,0.1336828086731171
7586,0.13521891658745325
7590,0.17261683236453304
7592,0.13704151167645343
7594,0.12728824683102322
7595,0.15530735595226272
7601,0.1266087123177563
7602,0.1433796571945992
7603,0.14255508842814105
7611,0.12919605457560343
7617,0.04189886064155927
7618,0.15453832397210662
7619,0.13204466122498448
7625,0.05883707801613245
7628,0.13195458212317557
7630,0.0485750392824806
7631,0.05316857333531675
7633,0.1564867594101905
7634,0.1257052351007444
7641,0.17015249540408406
7642,0.16668471227810167
7646,0.10507697343569926
7662,0.15359624666548188
7666,0.13078860641050338
7674,0.10894979562308683
7676,0.11160363903053395
7679,0.15568488013853646
7681,0.13416221232693584
7686,0.05314618831885216
7696,0.17926335469892174
7707,0.05634873595561002
7708,0.03489626964642017
7712,0.03898741070546475
7715,0.13293928727170054
7716,0.07093086761319986
7717,0.1753649516864019
7719,0.05664466782538884
7723,0.07100478932088805
7726,0.14683037351175054
7734,0.17990141988233857
7739,0.08233420412834558
7743,0.12446526965196529
7751,0.057276302352592096
7752,0.14620042523614288
7755,0.13022069933834582
7758,0.05164266330679782
7761,0.1348850351087901
7767,0.054120114714085094
7773,0.1175588602875644
7779,0.06777999146100318
7785,0.06500980508758407
7792,0.06414474958798405
7800,0.13579052615608098
7801,0.11184225948950281
7802,0.10994323062449857
7808,0.1579074767654303
7811,0.12343029987564191
7816,0.06220363455476374
7822,0.06444375230039813
7823,0.06262467011888909
7832,0.12131449502649293
7833,0.14619522509808927
7838,0.06308970471521444
7840,0.12245721371456568
7857,0.13769972364635855
7877,0.05859884932261713
7885,0.21095268381458232
7900,0.1343484904867973
7907,0.1390169904428846
7910,0.05210931058837013
7918,0.15833221167494846
7919,0.0718750430376541
7928,0.14031161251028793
7933,0.14706643764660132
7941,0.13018205394958163
7947,0.07909213363152266
7955,0.13637236883591006
7956,0.1501851353246326
7957,0.12462500374775877
7964,0.14093086818283151
7968,0.13572518674732437
7980,0.06101453902339541
8004,0.251012649433958
8016,0.13342512283406496
8017,0.05133690532268833
8024,0.16927597723306906
8031,0.12014857020078802
8032,0.05637680138491469
8035,0.12685194722065704
8036,0.1335636573606478
8037,0.053798726197132614
8052,0.1416904806447686
8055,0.06038425907440274
8059,0.13811640972479167
8063,0.13142820033255767
8064,0.12920067416613976
8068,0.12925009452207203
8070,0.06133916537100518
8072,0.13720779278325845
8085,0.15226862041327746
8089,0.12959545864915847
8097,0.04931845307821544
8100,0.14047292599429242
8102,0.16176429900154482
8105,0.059983991763777035
8114,0.12288105777330459
8117,0.13249643254269464
8120,0.12040007044463917
8126,0.12623763355162246
8128,0.06828058478675446
8135,0.06138812354004174
8137,0.13586630679701775
8148,0.0938448240304491
8169,0.05088989496860032
8173,0.0575482268354669
8178,0.13961520721066747
8179,0.1892524772557942
8182,0.04033202970978156
8184,0.10891809585119007
8186,0.15001207256345458
8189,0.13912202388042272
8196,0.15221745806684478
8216,0.1358594446845641
8219,0.13059616676610306
8221,0.1314269377058859
8227,0.06644449922677441
8232,0.12283441370549797
8245,0.12638164217850759
8248,0.13195095818618083
8249,0.13720788788940894
8250,0.13796651190161735
8256,0.052631272095297256
8258,0.15881553502605492
8259,0.0321753117600707
8268,0.13682868187283115
8271,0.12036615615214302
8273,0.14431318289295994
8275,0.14331114458312155
8277,0.14583734976446006
8283,0.13181122126559672
8288,0.055166547530204335
8299,0.05804960674765975
8300,0.12196219307787455
8301,0.05882133495802863
8307,0.1620103689298227
8315,0.13464397454632374
8324,0.10269667553028451
8326,0.12350830161419825
8351,0.05970100878361834
8367,0.03855148378461035
8368,0.150067124496178
8371,0.19027582805998686
8383,0.11891371424725676
8386,0.1563931673319452
8402,0.057567847552445206
8404,0.13800133072559947
8421,0.15761276928619095
8422,0.05387580636254616
8425,0.15574945750756194
8429,0.12327640555151259
8433,0.15147734126173554
8437,0.12178359440197369
8440,0.05089996888961745
8455,0.15599166181103483
8479,0.17953293018241276
8482,0.05486294982192988
8485,0.15046447066730956
8489,0.06125842145113295
8490,0.03148432645419976
8492,0.05654912084534
8496,0.14411597508703264
8497,0.1356611403680308
8498,0.1380223184664375
8500,0.143700823105013
8501,0.14976640257080576
8508,0.15032381634051808
8512,0.17249584342841504
8522,0.16634412439328247
8536,0.03969295517080349
8545,0.1343228866028931
8546,0.1240699651301234
8554,0.14613520215678158
8556,0.12278973007991634
8557,0.1409180358335449
8559,0.13510022374558042
8560,0.1350367464124889
8563,0.12661178830539568
8565,0.1490273316167475
8574,0.10957905165082532
8578,0.06106634214844969
8585,0.05023901130907437
8602,0.1594543083871296
8605,0.0870267504927363
8609,0.12493750153913392
8614,0.08156401508954082
8619,0.12970253269902213
8629,0.13934110442028894
8632,0.1435247359530333
8635,0.05733166032292564
8639,0.051380976935561394
8642,0.06264019237489872
8643,0.11653139609510532
8655,0.14320871752976114
8657,0.12127354081235947
8662,0.14144838236139332
8666,0.14662866619830314
8674,0.05476639927151571
8676,0.1416720842130584
8686,0.13395205596020957
8691,0.11459759827159954
8702,0.14308204625931753
8714,0.058294548147174996
8718,0.13088926174301543
8731,0.15140357393362455
8738,0.15168954663104398
8745,0.05247788399474604
8749,0.1284640341095649
8754,0.13885221587627197
8760,0.13200900871017177
8762,0.05713745796255657
8767,0.031046247448549117
8768,0.1286485554143131
8769,0.033463985195225004
8771,0.13609269639142238
8795,0.1202681453873653
8796,0.05749083478809908
8811,0.13195765221030814
8815,0.15554175151717922
8820,0.13010828612038755
8825,0.1505786739896193
8832,0.11898563135432806
8839,0.06968146525712607
8841,0.13820393664648567
8848,0.12234135001782022
8849,0.06843173484572536
8856,0.14349059134974407
8875,0.12640570583626132
8879,0.06055219375590875
8882,0.1214493083073796
8885,0.12255877722541202
8892,0.13710008068731946
8897,0.13836898040483644
8905,0.03797703689508781
8921,0.061837300882339796
8928,0.1185652937050183
8935,0.13705426566960457
8939,0.05460807940772631
8941,0.14608882515732433
8942,0.03405367979995531
8949,0.12093058556639076
8951,0.05863473825899254
8958,0.1411249423138022
8964,0.05885796662050053
8972,0.032552924707678135
8978,0.15410748350995737
8979,0.07083671131819261
8988,0.15167608888866457
8997,0.13366234354594728
8998,0.03213312946558158
8999,0.1395501877338167
9006,0.05970234765262927
9012,0.17145774544784553
9024,0.12876201167693246
9026,0.1365112972766088
9030,0.14546124299822413
9034,0.05607956305394634
9036,0.15288546675939826
9038,0.06025019088772424
9040,0.1477928915782436
9041,0.07297468407068221
9042,0.05646109726211285
9046,0.05608677485020914
9051,0.15814705072651938
9054,0.15885591569228277
9057,0.053165402497359564
9062,0.0661985339727104
9072,0.1271656981456735
9075,0.12241441783109253
9079,0.1449732805726642
9081,0.06377369757316731
9091,0.12440800178191176
9110,0.05650848865225421
9113,0.14713031429667348
9116,0.1363148576493446
9120,0.05862385463056396
9126,0.17184544234539886
9133,0.1280299850867677
9135,0.15082253033086673
9144,0.11281423542761099
9146,0.14464688045660257
9153,0.11623665254598427
9155,0.06452209628919131
9160,0.06788007303095538
9165,0.1489236071039965
9172,0.15137931430687857
9174,0.05218985921095359
9179,0.07991694109495083
9180,0.12338300406664125
9195,0.2493166942153199
9199,0.12980664661573568
9204,0.08290575229909432
9205,0.05914171235996805
9210,0.13914265133044065
9228,0.1232359332658035
9233,0.14445220595909167
9235,0.14188120756861547
9237,0.05788204414138545
9239,0.05445339714900538
9240,0.04981865566236718
9241,0.21466254498479823
9242,0.12167027825715127
9246,0.06130203108238321
9248,0.14156530510514012
9253,0.1365623371770056
9254,0.1323146633655293
9260,0.1180975535125014
9261,0.03987918018541441
9262,0.1358242339077904
9263,0.1803600208595543
9268,0.12984626188573553
9275,0.06552441435877276
9278,0.14077280968499853
9287,0.12556905021339346
9292,0.14487085878760492
9308,0.15714701123561356
9309,0.15144461802190567
9310,0.16893306130812324
9312,0.07784297645166949
9314,0.06126876261025649
9316,0.05307580315462668
9318,0.128056708984683
9322,0.1535745575730438
9325,0.16077177864147446
9327,0.13968831896186648
9336,0.11460172019302049
9340,0.14850768600961525
9342,0.14410880487643732
9346,0.1157445361738937
9351,0.21973137280542612
9357,0.12304250285873368
9372,0.14209218603046528
9374,0.04021226160275914
9378,0.19739441287126458
9385,0.07157570350602595
9413,0.06127757567278408
9418,0.14103333797958553
9420,0.13775239387871263
9422,0.06262318766687973
9423,0.12381942612669578
9425,0.13660714442432598
9426,0.15703867396076368
9434,0.15504848690220868
9436,0.09031664095275492
9439,0.040081388918387785
9446,0.06047241452306095
9460,0.14282098224333736
9461,0.14267923138604255
9467,0.13459400144529354
9472,0.13067459977438048
9483,0.10716720192804981
9485,0.1391760592293579
9492,0.07008858293662713
9500,0.12490782274372943
9507,0.1464772596165187
9514,0.15599977828947031
9516,0.15126852855784503
9520,0.07753391692390016
9542,0.12137351099498302
9544,0.2344958384457315
9548,0.1638875324062238
9556,0.059304346944231555
9558,0.15287512117561503
9565,0.15229023389113702
9571,0.1410582928542967
9575,0.1331709050070005
9587,0.1402496632999087
9602,0.16651655315870226
9609,0.05567856741471101
9618,0.09696833306447707
9622,0.15142127237264613
9624,0.1378902725858028
9648,0.12939602451231427
9658,0.14634177856163433
9668,0.13071129993602262
9702,0.05426620555341793
9705,0.1414889046869707
9706,0.059080157250441266
9707,0.14275590463255086
9708,0.08375398214695762
9710,0.16873532204148725
9726,0.14295568028306416
9753,0.03985572899518427
9757,0.0987963876739552
9761,0.06070498025657808
9765,0.2101638713278258
9768,0.16276529009769058
9769,0.14859011878988374
9775,0.03340487580707253
9778,0.13772075887937604
9788,0.10236773454584681
9789,0.1487517419973493
9792,0.13541966369504574
9815,0.114935578556173
9816,0.062110879994616314
9822,0.061228837330552094
9823,0.1523119028054958
9827,0.11930424699235555
9835,0.13870131374040495
9840,0.03828112604744618
9841,0.12826566774426923
9849,0.12535657742185957
9853,0.1447378982129629
9869,0.06267251070627851
9873,0.05685913958561061
9881,0.04270125483704775
9892,0.15339798774384897
9898,0.1320486098075331
9899,0.14860107157915295
9915,0.12252639028210377
9936,0.16304960016645312
9940,0.14570799349149585
9941,0.05632230987147691
9947,0.031931803480869596
9957,0.12471442664425643
9962,0.057631088256071585
9963,0.12575494711727556
9964,0.15195258999970532
9965,0.15084334210240705
9968,0.14311728912680718
9971,0.09369386919077537
9973,0.14912827658239422
9980,0.061193798062444314
10002,0.18540502866914235
10005,0.06104659143151661
10007,0.12074640006471164
10010,0.15741912011202017
10013,0.15079959338495721
10014,0.05617955161661931
10017,0.12282880424171273
10024,0.1336786321620629
10030,0.10003513668886434
10037,0.14983442797490795
10046,0.0999436499002191
10051,0.12367058654962249
10063,0.13987427809760508
10067,0.12723741025480095
10073,0.05969125561967442
10096,0.049901605825856794
10099,0.063433502164121
10100,0.03882602790581404
10101,0.13308721388499295
10103,0.058770837968933724
10110,0.15559404338225283
10113,0.14111632291507095
10116,0.05632409483600446
10124,0.15466592616719482
10127,0.11449282792438487
10129,0.16903090130078527
10139,0.15701189933984572
10140,0.18984356705033964
10145,0.24876888917489146
10149,0.09953147080713225
10151,0.1691327607655432
10165,0.05978635205543995
10166,0.04906778560032885
10168,0.13439104992383863
10174,0.07752188493639948
10186,0.06715096399213688
10189,0.13697282450294151
10193,0.14158691411416105
10197,0.05372329294593669
10201,0.13373689057825336
10206,0.14971642041142566
10211,0.12574003309907575
10216,0.1423253715445529
10224,0.12769734116630768
10234,0.16294155883827965
10236,0.1255526193221465
10239,0.1578580943210625
10247,0.06404841113697558
10250,0.038656112507249756
10253,0.13862105238281988
10254,0.1286254878556373
10263,0.14889927611744186
10264,0.16465110772379646
10265,0.132443529126556
10275,0.05091445540059288
10280,0.1266172753943236
10286,0.13602660158375088
10287,0.16218611859252194
10293,0.13342115029977322
10294,0.1148699563325603
10303,0.05829198617444814
10308,0.14555828436659804
10311,0.13522077049660866
10318,0.1423687506757164
10323,0.14978843283353935
10324,0.12095947386532911
10327,0.11218414843008828
10330,0.12876739679243343
10331,0.12473569188646932
10333,0.055595732926049614
10334,0.1456032478060925
10335,0.15720835576684863
10338,0.13764424573279374
10339,0.13673746249776095
10348,0.05443410554654126
10354,0.23585843353084765
10356,0.11215220478157456
10367,0.06471586733176325
10375,0.12872561106719507
10384,0.14806656292383405
10386,0.05790631920597924
10389,0.1293717824547054
10393,0.12191168891130781
10404,0.13187252095680554
10408,0.057550381046533705
10416,0.1326917548269116
10434,0.17948106790546978
10448,0.1626863979430954
10449,0.07035469585179686
10452,0.05189173469709377
10453,0.1386077495026181
10454,0.13171748101134184
10461,0.11884545424019262
10462,0.05707546778167686
10472,0.06594951635103517
10474,0.16574836313824737
10476,0.14985009092256457
10478,0.05493356389535792
10483,0.08631839087513299
10492,0.12941660990470963
10493,0.15607250785428636
10499,0.06512127101484078
10501,0.05122454453819697
10509,0.1283929447130375
10512,0.13571893098347912
10513,0.11383061164349399
10516,0.12057216564007785
10517,0.12974229361092696
10525,0.13438961253660756
10529,0.12043934606440582
10532,0.12979614199532266
10537,0.12778044649217915
10541,0.15271335716545084
10545,0.10836125005909074
10548,0.11403470135737337
10552,0.03668651961495114
10554,0.15827386509125782
10557,0.14790404193035658
10564,0.14955415874163988
10574,0.05480196172879157
10591,0.12109770047682138
10596,0.14824201862845546
10600,0.18354691943869517
10606,0.050911356120855504
10611,0.12286212030185421
10622,0.05441955562593274
10626,0.12546287211919738
10629,0.06410989708339464
10630,0.13953767736401232
10631,0.15005007629335243
10633,0.03951625304138436
10638,0.1405105163429929
10639,0.18199481472762233
10640,0.0643264636915341
10657,0.14078894717497725
10663,0.13174246714937166
10664,0.13698907449547063
10667,0.12504006190764003
10671,0.14581123094091672
10672,0.12915318452591762
10675,0.13514139975056902
10679,0.15223397742967862
10681,0.1400196110702646
10683,0.060355583597362227
10688,0.11906534494754249
10701,0.15635232344771358
10704,0.1481311010740554
10709,0.17211443673067459
10715,0.1316606176260617
10718,0.057191882443295074
10724,0.12679616422845852
10731,0.06373372174169521
10733,0.12252801995705527
10737,0.13869671950118193
10744,0.045441972890285676
10750,0.08729121520502531
10770,0.10973757411496189
10776,0.15011192531778236
10780,0.053820913949920494
10782,0.24618985329173815
10789,0.13881370583935523
10793,0.14996073585319122
10795,0.16122567235043941
10807,0.12157107446792755
10813,0.12460916229811377
10815,0.1258316393934412
10817,0.13253449725355218
10819,0.1182457057855704
10824,0.15185662155463409
10828,0.15532633053038922
10830,0.06237468971615954
10832,0.14222426091654164
10836,0.1559993098638679
10839,0.15283321809373165
10843,0.12223305385243237
10844,0.11332424652964196
10866,0.24171730007440173
10872,0.11613069456119535
10873,0.056800133490142846
10878,0.1975774505101335
10889,0.061124160424134544
10899,0.1683903096429654
10901,0.1507102552184776
10904,0.15233300690608695
10910,0.13004628648465377
10911,0.1243958083396058
10917,0.11729517004079944
10920,0.13518676228842033
10921,0.03363128818536504
10922,0.06259983421868727
10929,0.03293400039347455
10930,0.052434033576829124
10933,0.13745821846169762
10934,0.06053137814291088
10939,0.13824402693643767
10942,0.03498494395800577
10943,0.03602842065416984
10945,0.15969489423195762
10946,0.13241862536880097
10949,0.08079966135196683
10951,0.11823879724208214
10952,0.14821771344641757
10953,0.05377460684797741
10955,0.03471049735607475
10956,0.1527171453153756
10959,0.1706806376828879
10963,0.08478167560002516
10965,0.13335681092284069
10971,0.06500058366195752
10975,0.14407670302184206
10979,0.11621587413750611
10983,0.1344207381452648
10984,0.12693170066479176
10989,0.06335865000257518
10992,0.12104010211765194
11001,0.05967637501532461
11003,0.060913099194796955
11004,0.0427404236183741
11008,0.05326400999200372
11016,0.0632214572732448
11017,0.03151607004575277
11021,0.18813931130128977
11028,0.2105855665164935
11034,0.13170928386633082
11035,0.05784116401497841
11036,0.08096771767442429
11041,0.10958737091172455
11047,0.18988537123389468
11056,0.1917649171361072
11058,0.14410627860142186
11059,0.07906666380571559
11060,0.08927350523178101
11064,0.14319186967575517
11066,0.06433341044879594
11069,0.13541861614806164
11071,0.122004100532963
11072,0.13235976063699276
11077,0.13369004065623113
11080,0.11954055244952554
11092,0.11902501766775425
11097,0.051218067032795384
11098,0.1292812034845989
11114,0.11816653360829071
11121,0.04238394851863835
11124,0.1577827447032438
11131,0.14047565835233564
11143,0.1503798570825529
11146,0.07343235770935601
11154,0.13236441094532028
11164,0.1553444426366213
11172,0.13414240104908856
11173,0.058446552850060486
11174,0.11412523430643534
11175,0.12822477366342902
11180,0.14935394663687965
11184,0.0594713685916868
11188,0.12141787539049943
11189,0.06070625147013775
11190,0.08149118680973967
11197,0.04950677682535334
11201,0.15608296896028465
11204,0.15679766268400183
11211,0.12499100242185612
11212,0.13889852311279402
11218,0.1401706798605582
11219,0.14301077754187572
11227,0.12719585017503074
11241,0.13653752906521752
11251,0.06232270667899268
11254,0.040833087827183714
11260,0.07760683340483622
11264,0.11934131158066881
11273,0.06782974347027672
11276,0.06019632023724331
11278,0.055190006447085126
11282,0.15008193158511654
11283,0.1283290249486648
11291,0.1284362427472726
11293,0.14047019082649656
11302,0.14815422373069775
11304,0.06563222471669561
11305,0.15393275636942474
11315,0.1530519404089097
11321,0.09776916490949566
11325,0.1379170014241007
11335,0.13557955514614292
11341,0.12338563488338883
11343,0.13826602469782293
11344,0.1638667804191866
11361,0.12220689543365221
11375,0.13158581855637816
11377,0.06870339796957274
11379,0.17655934592657654
11380,0.15979257972610666
11391,0.12383575981745491
11393,0.1550067153914699
11394,0.14947791727888757
11398,0.14335749910351828
11399,0.13170161744694667
11408,0.11302439578381122
11412,0.13495268652566075
11420,0.14130280433293765
11421,0.1743631774897071
11430,0.06421448524404004
11437,0.12631512587946364
11446,0.22852354975094738
11471,0.11068563790084825
11472,0.1428687472283703
11475,0.06297882531112681
11483,0.13337537222250662
11492,0.12324669617507138
11497,0.13796055107214814
11498,0.11144839802643057
11502,0.13165032914514907
11504,0.2606457639918611
11511,0.18945177671146163
11512,0.11539318731516335
11514,0.05891361576846756
11522,0.1392361777915827
11524,0.150730004800007
11533,0.16151289066472527
11534,0.07219403383478334
11541,0.12855018796669257
11542,0.12285959492205419
11547,0.11746378210122145
11548,0.07447878034098304
11566,0.16099257663848865
11572,0.137702752484853
11574,0.08347646839390284
11576,0.13609287381947324
11577,0.053965773670734025
11580,0.12554453724291045
11598,0.057877204530647736
11603,0.1138489245915713
11613,0.14588478625712462
11614,0.14529721895938283
11620,0.11813452189817318
11621,0.15659593554595583
11622,0.05228495159485457
11626,0.04618868842994555
11630,0.15306294566094067
11636,0.13255907484546342
11637,0.06389014507950097
11639,0.08343761118336712
11647,0.1515603440448863
11653,0.11474320146398719
11654,0.0425938212750984
11660,0.1297413204489661
11664,0.14329508424357798
11667,0.1387336603752716
11679,0.11822781199469795
11687,0.15602604660677052
11691,0.05920364519429432
11696,0.13125440009630698
11702,0.17092223821567387
11703,0.055627673085862826
11705,0.14810343100807247
11711,0.14399476692704405
11716,0.09917957221717826
11717,0.15478338279342063
11722,0.059816377299744684
11724,0.1237032953754204
11728,0.15409712082077662
11737,0.11008783677947354
11738,0.13189338837712275
11744,0.12411199480072625
11747,0.03964273129232517
11753,0.05098383902787775
11757,0.14294699668242614
11758,0.06692848715308437
11760,0.07692277443752321
11762,0.12679590637752652
11764,0.14126380470472671
11768,0.057661297828458004
11773,0.06327280901878386
11774,0.17868552681578206
11783,0.11763293295843114
11785,0.0897445664812423
11787,0.1358616220282315
11791,0.12522020748041698
11796,0.050797232960401374
11797,0.07031636687099661
11798,0.04963614454830708
11803,0.06337370954984908
11808,0.13229027237326385
11810,0.1364335212608935
11814,0.1415494446107447
11822,0.14585811314679087
11824,0.060394340051825
11829,0.136945664187814
11846,0.14508635424756514
11847,0.12219528177585932
11850,0.23609928226354948
11853,0.054008753603212695
11854,0.06722679433401553
11857,0.1389924761215006
11862,0.11374278824428237
11883,0.05712200563491345
11890,0.13011349695936766
11909,0.03213555739484023
11913,0.15342265488505732
11917,0.14591461252634777
11919,0.12015648695996133
11920,0.056982084876726846
11921,0.12449900227404605
11928,0.12248657107561588
11929,0.15073207193630914
11935,0.04001328670754186
11936,0.049291534014386816
11939,0.0591491137510163
11942,0.05601503463249038
11943,0.12951403809810016
11946,0.12457245157248571
11947,0.1172754116340086
11952,0.15414438874659311
11956,0.12901442264705557
11959,0.2229220053826386
11969,0.12835997426349144
11973,0.14630297458821545
11974,0.14766548501865123
11975,0.1400861880171018
11993,0.15565760965120992
11994,0.13791233644458709
11995,0.07524800003245778
12002,0.13365517729593004
12006,0.09546532645667065
12007,0.11776241028912528
12014,0.14211587430060194
12017,0.1702783120098462
12021,0.1419188748228796
12023,0.1647571780526387
12024,0.12965578740227757
12027,0.17097903023413605
12034,0.12642877847118805
12040,0.12974102278869695
12048,0.12033762383076035
12052,0.06124544889999067
12057,0.15933063395230015
12058,0.17780368074222638
12061,0.12343399642155571
12062,0.13626840827316145
12064,0.06054615450212708
12071,0.14902598293859465
12080,0.16744041089823591
12085,0.05471171335557517
12090,0.1720108984454709
12100,0.12942897372313697
12103,0.14319345025332217
12104,0.1362460700078296
12109,0.03864976028165079
12114,0.13937025464302058
12123,0.06271235370315086
12124,0.06434247392295388
12128,0.24343359352772
12132,0.12365328223024032
12135,0.1291201234557664
12140,0.25473655303225856
12149,0.052993801585868285
12155,0.11229635763642033
12158,0.13699204144337104
12161,0.1531192847285641
12163,0.15601220988620082
12164,0.12602763524834248
12174,0.057239847842598134
12175,0.14450880536207925
12179,0.20837400812600335
12183,0.1407956121440053
12184,0.14937264646030537
12186,0.05993378313977001
12190,0.13593102067725424
12193,0.1379346051892609
12195,0.062052238712531904
12196,0.051125420962427
12205,0.14460633446031187
12213,0.14439141152010967
12220,0.1477055484029095
12221,0.1418704121377254
12222,0.06575376519281383
12224,0.13790602208007213
12230,0.13043020580778752
12239,0.12889895614291047
12242,0.1192132417085585
12244,0.14002831797197546
12245,0.14611413146428306
12247,0.14888945527650085
12254,0.16162226502304763
12258,0.13313934248581152
12266,0.06283165100034031
12267,0.15861644636125435
12272,0.16555279117688618
12273,0.12588318610464586
12276,0.15377881639996216
12277,0.12845014038317845
12283,0.13483015897573256
12289,0.05368772541459766
12297,0.13130200896385705
12300,0.28233226909978276
12302,0.06371531141775866
12310,0.0633146496322967
12312,0.13073365753691377
12314,0.053670099373352924
12315,0.03299196130974486
12327,0.11841816134074307
12329,0.1297992122727073
12332,0.1259250982722774
12342,0.06471302318013324
12346,0.12488837824421471
12347,0.22406632096191717
12349,0.05934563941633655
12350,0.11178870729435524
12354,0.1262755044875643
12356,0.044628770869274415
12359,0.1469527412767009
12360,0.15191799457810495
12369,0.1393112110040959
12372,0.060506894498925455
12373,0.0313885745332634
12375,0.15571629486500949
12376,0.14808301677580657
12379,0.0652897828801147
12382,0.11799507028568246
12387,0.06710157808951683
12389,0.13592814822705976
12394,0.16532096806357485
12395,0.13164912428286912
12396,0.15440320204091254
12404,0.16914348188696793
12405,0.13019044996578447
12412,0.25840932689798635
12419,0.08445236376133164
12431,0.11731954522699695
12440,0.13659231179523226
12444,0.16189033501549208
12447,0.06006968290550047
12452,0.12887737040968708
12454,0.13216523817635362
12456,0.1406767092860306
12461,0.06190750633996998
12469,0.12590992563377212
12472,0.07049389239923178
12473,0.052555200477056495
12474,0.13362948529014337
12476,0.150377573966557
12479,0.18814271624347365
12481,0.1345266244360264
12487,0.06416076520950492
12493,0.13735332066438652
12501,0.1345717798873519
12504,0.11711997983343331
12507,0.12301530507054659
12510,0.12455452593757509
12512,0.2628027991692449
12520,0.13770781267080304
12526,0.14450495246562836
12529,0.1596181974839848
12532,0.12238441173687675
12533,0.14568493607441538
12544,0.21783235481427832
12546,0.12619388490528247
12551,0.14726086033185604
12555,0.24065459383819018
12576,0.12904272393954294
12581,0.1419843727035713
12588,0.13840715127615294
12593,0.07657370793209214
12594,0.1147780685921893
12598,0.1315253282496187
12599,0.16020251854548748
12601,0.13365395755702913
12610,0.17577342629404133
12622,0.05854861295235477
12624,0.12002275598591268
12625,0.14580927662948254
12629,0.3183358598266504
12632,0.0342596686027837
12634,0.05716058435682434
12635,0.12873767178672554
12638,0.15252135258646382
12640,0.049904751524764014
12641,0.13483038580096293
12643,0.11715918933401333
12644,0.04326872974704466
12647,0.12263238569277042
12651,0.17331626270050352
12657,0.1322017066462172
12658,0.1433237987312286
12660,0.14418555964849225
12661,0.11139603215300908
12666,0.12181678622599362
12673,0.10324667723013786
12678,0.13210083781613896
12681,0.15307782569193312
12682,0.22040894409912826
12684,0.038423781346024956
12689,0.14319085594189507
12699,0.1390418126739649
12701,0.1339331653236621
12710,0.08734621746817257
12712,0.14229201378409448
12713,0.142327336989618
12715,0.12488932592686669
12716,0.1317723976826264
12717,0.14409086990760225
12718,0.13881995293237007
12720,0.11913956148738557
12724,0.12858824388889514
12725,0.15576512086879357
12726,0.1216102876577156
12741,0.155459817814959
12742,0.17741164307238877
12743,0.141064093856567
12748,0.12325074113683716
12749,0.03992971934299135
12751,0.13855511819704303
12752,0.14861400463986402
12756,0.12999886847501732
12760,0.1239424621939862
12761,0.13904060584022948
12764,0.1474212062769297
12767,0.05979754079059385
12774,0.1434514259706374
12782,0.06612144919986503
12783,0.2226381251452972
12784,0.13716099102341736
12785,0.13636873118262224
12787,0.16925419007580825
12798,0.11470831247561912
12805,0.11523555014964636
12806,0.13057342570330757
12809,0.10811305003044176
12815,0.14222569628744589
12820,0.054260196751659516
12824,0.1104979748923101
12829,0.12655100774780423
12833,0.13110385447420514
12841,0.13844951080700524
12843,0.1082419817165291
12847,0.1282468682990427
12848,0.13221812085055792
12849,0.1361414580992919
12852,0.1291226174866517
12855,0.13488168995344996
12864,0.16680335290398007
12872,0.06383181232313882
12873,0.16403487394589622
12874,0.1474923652346665
12877,0.24388868940134453
12879,0.12824739320644368
12885,0.142071138104246
12893,0.13823266647546775
12894,0.15081499358978093
12895,0.20886601900323742
12901,0.054398505151061004
12912,0.11643267775645004
12919,0.14132294851025984
12924,0.12555915676586418
12929,0.1265175467099248
12931,0.145949018519459
12945,0.12286007974163371
12958,0.045204204682982106
12962,0.1424143250224574
12964,0.14594251128875285
12974,0.16005639957878245
12976,0.04015876086716764
12980,0.12970548307877308
12984,0.1329670044437858
12987,0.08242887439743736
12991,0.1387378083716627
12995,0.1382492101033854
13001,0.20492072323553215
13005,0.16088967056264905
13006,0.14448353905290123
13015,0.12962998531869394
13017,0.14157255383037412
13033,0.15001573190648262
13034,0.14132647621526814
13035,0.13050990708232763
13038,0.20103070555561842
13044,0.05477919454922253
13045,0.1458907452652712
13052,0.05170841890715935
13059,0.1319442103396535
13060,0.053189382938630604
13061,0.14050171095459477
13066,0.21081209963009737
13080,0.22604756162550652
13082,0.17413959402857723
13105,0.1530666490363167
13106,0.22929250658666267
13121,0.1739633845937121
13123,0.16157723887152495
13125,0.059328391473029735
13129,0.1281901302611168
13130,0.10102176779654763
13132,0.16419782265655872
13133,0.12491310489987915
13135,0.14480249012087656
13141,0.1195020548571611
13145,0.24849430492838964
13149,0.062195122953109194
13153,0.1523171964262177
13158,0.13094344368430297
13159,0.14508336267749153
13169,0.34539362515355165
13170,0.13324545724320133
13178,0.13594154922079207
13179,0.06332650350209026
13180,0.13268698421259048
13181,0.13432734595215934
13183,0.05995482175183917
13196,0.12694226919285137
13200,0.15700627240878262
13202,0.0821930160650889
13204,0.054861503819589076
13208,0.13200206682333093
13212,0.12842013360121204
13213,0.14459203173087123
13218,0.13524208072328017
13225,0.11423466870416608
13229,0.1269423444440971
13232,0.12866042749401088
13233,0.15318648346690567
13234,0.05771699802126862
13249,0.060630360140396244
13253,0.13439011169188309
13255,0.144079214439732
13257,0.2153363100442431
13266,0.051940833169806
13269,0.05459148730884974
13270,0.14160645482081122
13274,0.1406155962416347
13281,0.1296384314978881
13287,0.09214993699535008
13305,0.13767026988958292
13308,0.051738123193584847
13309,0.06333358015068986
13310,0.16390850419061717
13314,0.13318094201131003
13315,0.03682745480363032
13324,0.10343712132484655
13326,0.141028770243549
13333,0.14847919344649654
13336,0.11726429585206284
13345,0.15056253848274523
13348,0.15248775524408784
13350,0.20310967783728132
13354,0.14380076899401348
13360,0.1502239091953246
13364,0.1451796101800478
13366,0.15291430946276363
13368,0.13316311302384257
13375,0.08428110332813372
13376,0.12013874757988412
13380,0.1202881173583658
13382,0.03456970140490401
13384,0.1641135228204144
13387,0.14111092244360424
13390,0.07451953967129817
13398,0.1373562867588103
13403,0.11834501261360732
13404,0.1048270148585027
13405,0.133490421856617
13409,0.15770062770836432
13411,0.12754058098777665
13414,0.1350327726099293
13416,0.12242123997588213
13417,0.05734376385390522
13418,0.1459134008301846
13422,0.057882806291071946
13430,0.2484404132968996
13435,0.03328208370855631
13439,0.13982925031528415
13446,0.1192208476911214
13448,0.051538286912626796
13449,0.11477512817251308
13451,0.127080705028095
13455,0.141089844300044
13468,0.1461235746908758
13470,0.059325059922326895
13474,0.05755233182355629
13478,0.14926386302665756
13485,0.13249169169346656
13488,0.15448364474294485
13489,0.1218983073520858
13500,0.13581019436545003
13505,0.052882889246427284
13506,0.1317405953910181
13517,0.06100404801050308
13518,0.07318325242435166
13523,0.12430287073231262
13529,0.13978656529633007
13532,0.06566332199727161
13534,0.13022988327112558
13539,0.1291395030576939
13547,0.12563661649217847
13548,0.14105188872467403
13550,0.32192125595757975
13554,0.15207839539428458
13555,0.18567850220653534
13556,0.1572638579481572
13558,0.06217192547521596
13562,0.1333382915542102
13566,0.14842463185367927
13574,0.06827117375513764
13576,0.1324559116843513
13577,0.17383273636581056
13580,0.04505892454685192
13586,0.19682122280223036
13598,0.24141654463707948
13600,0.1267744938782671
13602,0.11769194830701925
13604,0.1280035306053996
13616,0.14631639307172617
13623,0.1420527897947038
13627,0.16760459822354756
13630,0.06498775076786804
13633,0.15704066776209777
13635,0.1353895500444923
13636,0.16298599253783175
13640,0.13578066940140499
13642,0.22277270714447572
13647,0.14390321254594526
13648,0.24161212756387232
13652,0.12665163516265174
13659,0.039312886907990154
13660,0.1100218261923041
13666,0.1489220915089903
13667,0.06423152846984509
13672,0.11866505120337366
13673,0.1498128806088633
13675,0.1180666853034067
13678,0.14409029295152093
13682,0.10207788653618421
13684,0.13969981185780914
13689,0.12430151059878058
13690,0.11947460013971356
13696,0.14455967398074593
13706,0.1401347915005395
13710,0.3483895030368613
13711,0.13018155492755937
13712,0.14502878849705714
13717,0.05705731793659726
13718,0.1330582921483817
13719,0.12821948921612292
13720,0.08929786545915021
13722,0.12529392573261175
13723,0.14382595734182813
13726,0.11908877271410763
13733,0.03720482592862015
13739,0.1526812536421878
13743,0.14532906076730892
13750,0.1383305095240389
13751,0.11009145530209764
13754,0.17063297320472884
13756,0.06655492022206888
13760,0.056399624692902384
13762,0.14742900099954825
13763,0.12947813056722288
13766,0.06164725245419365
13767,0.05818750510383982
13769,0.08040035752360473
13770,0.12107285081240543
13774,0.15996055064130815
13776,0.12941524997914258
13780,0.06845160321376481
13784,0.06185246934444136
13789,0.13190805402965458
13790,0.15175211101025637
13792,0.06996138124669081
13795,0.14219380923431757
13797,0.12099410791011041
13800,0.1171616962343563
13804,0.13405074633749622
13815,0.12722554396129396
13816,0.141916250891185
13817,0.1563759216006201
13820,0.21105144131435402
13824,0.15621309778890857
13830,0.16901277201205037
13838,0.13148339301884868
13840,0.0592994094439401
13841,0.057407884787012066
13842,0.14509131437078068
13843,0.06105922321984577
13849,0.14986890869022523
13852,0.146206011111687
13855,0.03305268745273506
13858,0.1320459178582969
13863,0.055687225592614055
13871,0.24457604222045304
13872,0.1367937311403254
13873,0.11515057776013722
13874,0.14393671097012237
13877,0.15232670611423504
13879,0.14298950533397128
13885,0.15393017415237775
13886,0.15244002565370016
13892,0.1211901673176163
13895,0.059036463516196826
13906,0.16358989549470812
13907,0.1393943278787654
13908,0.05925513083509281
13909,0.12231565129829568
13911,0.1078580226730562
13918,0.17121447292491188
13919,0.14274167722255324
13927,0.17531316995527338
13930,0.061427416045978435
13931,0.14155257135807653
13933,0.1552872753793306
13938,0.15199145558213648
13943,0.052500335665793284
13944,0.06201742607516824
13946,0.14020922653387335
13949,0.07597980734979674
13952,0.17870589375063886
13957,0.1446842942833965
13958,0.07609907780823942
13965,0.1122963633706826
13970,0.04974470911633274
13972,0.1556843025088798
13981,0.14901608245853673
13983,0.06974426945178551
13985,0.1172339524276571
13986,0.11170495473795257
13993,0.14653953656999072
13995,0.12953175516350393
13998,0.10714019552252013
14000,0.05252075405102389
14002,0.03767396962812963
14003,0.07245714246136219
14019,0.147259707313907
14021,0.34979986128734497
14026,0.1468702210699073
14031,0.06842171220432042
14032,0.14928452700242711
14034,0.12308522682783614
14035,0.13095810398996469
14043,0.06750155964322514
14046,0.15679690810565713
14048,0.1494764904871467
14057,0.14833508713103646
14065,0.11816102202532137
14067,0.06334236381535928
14082,0.03914085744909096
14086,0.13725838699855383
14103,0.2273052364558895
14104,0.16553438682573465
14106,0.17239137889818482
14107,0.14610773210059227
14111,0.055447919715676204
14116,0.05281208110715623
14118,0.06247341687929684
14119,0.1432865399975979
14122,0.11432270187220776
14123,0.13038233207123295
14124,0.06077914806501623
14125,0.1405299385801532
14126,0.14507387525904086
14127,0.12370471131363588
14133,0.14215680352635907
14137,0.12957379483753004
14139,0.114458157789742
14143,0.11615706360293461
14148,0.1259323374295368
14149,0.12557262215919118
14150,0.06145367264042931
14162,0.05840665171855638
14163,0.13876500864649952
14164,0.12156297665161096
14173,0.14544830993054178
14174,0.16160254195554383
14178,0.14243540133403768
14181,0.061579370112325914
14186,0.11939886102157467
14187,0.14117494137399134
14188,0.11925046983655803
14192,0.15134491934072206
14193,0.13840998726025736
14198,0.22265987154886605
14200,0.14148887910958968
14201,0.12398966914136504
14208,0.21558956565292134
14214,0.1452428613415582
14220,0.11117009165609097
14224,0.13234205638566898
14229,0.12013008568161905
14233,0.12084369287184267
14241,0.05682353626963885
14242,0.14165821036834428
14246,0.11780100756366269
14247,0.11723964778546393
14250,0.06722468352741504
14251,0.21598103537553412
14254,0.1603232872388878
14257,0.04209636481472271
14259,0.13573761382228253
14261,0.12773058978201293
14281,0.11312530342302106
14282,0.13952725821218537
14285,0.05321509815870545
14286,0.14245708575622598
14293,0.1447289834639149
14297,0.055744859675239185
14298,0.11945309296609063
14301,0.05471037437954315
14308,0.12089415471541477
14311,0.13496224532239517
14313,0.24640884229570612
14314,0.051167145275379716
14315,0.05108277035450401
14320,0.13059723686404656
14325,0.03217637575530344
14333,0.12778151446551272
14336,0.14636228595467024
14338,0.14547639185111513
14354,0.14229828909231318
14359,0.14166342612779317
14361,0.13338093355282196
14362,0.14383696100069795
14363,0.15393768494261048
14369,0.06878426431522032
14370,0.21410123793628721
14376,0.11867196189110836
14382,0.23795789864287298
14387,0.1158445501489329
14389,0.17051754634179275
14390,0.12775908103294062
14392,0.12990083519863502
14393,0.09909859209368016
14396,0.13417898803218956
14407,0.12365193763614098
14412,0.09735256493756762
14413,0.1537682293808916
14414,0.05052049131846539
14416,0.13822480744676882
14417,0.12647526571220505
14423,0.1558794655618829
14427,0.1513814206470867
14430,0.18209319660434234
14433,0.1225027574775275
14434,0.12395801500653934
14435,0.19549803299610793
14436,0.12636848568495437
14438,0.05280618033307971
14439,0.12629283121914342
14442,0.10741107982827146
14444,0.1091065808811824
14446,0.128778305391662
14449,0.23322146343750946
14451,0.12215055472268911
14459,0.1548859586976723
14464,0.13581808198243406
14467,0.14480464740142673
14469,0.15960891098645938
14470,0.05662805876347302
14471,0.1497941325813132
14476,0.051815995381223466
14477,0.1384696504428964
14479,0.056059188211574906
14480,0.15646183177293152
14481,0.03259986265115098
14485,0.12041188676415608
14486,0.13145882603148615
14493,0.13828288900619498
14504,0.1549925756342945
14508,0.1477272244231924
14509,0.14255690670863672
14516,0.15867314657745601
14520,0.13149142578274367
14522,0.1444345510271848
14523,0.12672638280384563
14529,0.15393162474898595
14532,0.05382214077845591
14537,0.05187331437486186
14540,0.12722691534861644
14541,0.11704284631527972
14544,0.14006740073840648
14548,0.11353575704551173
14550,0.1748348454741768
14554,0.058489014617406
14555,0.06249283717579494
14564,0.13587123304665094
14571,0.0667381341532095
14572,0.14786496739274133
14576,0.12223353427861516
14580,0.05601667992526475
14581,0.12546722506884048
14582,0.16421027535415422
14583,0.13589732372528926
14586,0.12674972347168284
14591,0.12868497196187262
14593,0.14758605236482014
14594,0.1264081912015712
14601,0.13594929813419873
14602,0.11211860346838452
14604,0.15705171970410903
14610,0.18132055788655474
14620,0.13116635354877731
14622,0.17055673625680698
14628,0.05721048096423187
14629,0.2382261384709563
14630,0.12727734207265573
14632,0.3329225194821151
14634,0.13518328332138999
14646,0.057310037280544235
14648,0.15892677395850655
14651,0.13040361299167483
14658,0.25671354648269634
14661,0.13865221751812862
14666,0.05458987031413337
14672,0.15770886220035144
14673,0.12025949327061441
14680,0.12066487449445251
14685,0.17570051469878856
14688,0.1421603919993829
14694,0.13242207571540066
14695,0.1755352573304386
14702,0.14607733458107353
14705,0.050408089099260645
14706,0.14752912161884035
14707,0.1451562795999294
14711,0.14485792777542597
14713,0.0629485065705631
14714,0.13014238697106612
14717,0.14606403068384122
14722,0.22146347754088436
14726,0.13373907925253964
14735,0.11208875357491847
14736,0.15893159419560085
14742,0.16674079034661504
14744,0.38550532246009905
14746,0.14396088739734675
14748,0.13803985878356353
14751,0.15665538272712917
14753,0.157633482331191
14754,0.14255911100338434
14759,0.16530007135911662
14764,0.14544356334918324
14766,0.1518328343378768
14767,0.14873320950979962
14768,0.15488126720936643
14770,0.12405905898214271
14773,0.16598242331664992
14777,0.12552088145182203
14778,0.1287461321579814
14779,0.1133416806744037
14782,0.13858864514746091
14783,0.14978929839689903
14784,0.12521118284798882
14793,0.04075129545463544
14795,0.129584574159066
14797,0.13564023317631088
14800,0.05538602045344279
14802,0.13359201714479416
14803,0.05661096404280558
14805,0.16222096866653105
14808,0.22430129520249129
14809,0.06619991114362224
14812,0.3528517874355559
14813,0.15567470246433848
14814,0.1435123113873108
14818,0.1617415244219099
14819,0.08197196844314486
14820,0.0524626530692174
14821,0.23292018797090167
14822,0.13743919285111425
14826,0.14431995573649473
14827,0.13057341098260777
14831,0.15666152083032034
14832,0.1324421640800655
14839,0.14960483432314023
14842,0.1569623404539734
14848,0.11705853018338334
14849,0.055808547845899094
14855,0.13543658229328223
14856,0.15696428220131928
14865,0.06485255820522806
14866,0.06747411378118479
14869,0.1168933814817656
14873,0.15514795106920945
14877,0.121570292253248
14881,0.057650896413429464
14882,0.22321433172451066
14883,0.1415376186142018
14885,0.1507320965063257
14889,0.1717004523994312
14890,0.15935877642580965
14892,0.13696986326324145
14893,0.05260807249327409
14894,0.060245430498204085
14897,0.14948947561901108
14901,0.08727959256015112
14904,0.05405786995327396
14908,0.13795361380733942
14914,0.1358333907577631
14916,0.09992342411442168
14917,0.058392494746864844
14918,0.12310264285282335
14923,0.1403101161750834
14927,0.13327558222316216
14929,0.14778312235525423
14931,0.13145234202691822
14935,0.2426409994550658
14948,0.2340264577210028
14950,0.12706654242308663
14951,0.14432417429543307
14952,0.05623713968501539
14954,0.21253940041634511
14960,0.0636164621617038
14962,0.05058115862799651
14970,0.12308637589825878
14973,0.1355427568143868
14976,0.16925808904979464
14978,0.13334647784598427
14982,0.13441750127773583
14985,0.05498069280474879
14986,0.11889551996720131
14987,0.10313367760087289
14988,0.17246893362955307
14991,0.1315540254405584
14997,0.1409011236528063
14998,0.1383192016637492
14999,0.1466881279877038
15000,0.12526035104760205
15005,0.15849180990333803
15006,0.12954962693997937
15009,0.16848703627670714
15015,0.1343206850986892
15018,0.13729037954233828
15029,0.14906581369027708
15037,0.22963291060291754
15041,0.1420119931244641
15042,0.12588602572402466
15047,0.1345391631044204
15050,0.14512530427343043
15053,0.16428247209959632
15056,0.16598351329449945
15057,0.15383548508080233
15058,0.12426929385017309
15060,0.1249933655842397
15062,0.14455658362526003
15066,0.06617681641955936
15067,0.1475205844145984
15068,0.06300495771261118
15069,0.062111750093195695
15072,0.13922136187560255
15077,0.1437739258464341
15089,0.14485199561324008
15093,0.13709146012284573
15099,0.11753643023645442
15101,0.16756012652346985
15103,0.14700371174649718
15104,0.1394367702462719
15105,0.1250764447281766
15108,0.1190951553306724
15109,0.13540727897170443
15112,0.13321068151234258
15114,0.15271962234092804
15117,0.05269934557927255
15122,0.1227462182549568
15130,0.052217897034694184
15132,0.061042264748875585
15133,0.1348025955475248
15134,0.05646797419332445
15136,0.14877778836188796
15137,0.20493476730014895
15142,0.06704313212411973
15145,0.11534235664488394
15146,0.03844588941113358
15147,0.12232580437404734
15150,0.19796316089002533
15163,0.1657916325906889
15165,0.05777558896197175
15167,0.119846586763884
15168,0.05084265939461093
15173,0.12563016441390282
15181,0.1313735062174063
15183,0.15921041462344376
15185,0.16503598836001132
15186,0.159302390890962
15189,0.09698775619455079
15190,0.0644400463640689
15191,0.11958736167064643
15193,0.15024407364075
15196,0.12650074344215081
15199,0.15576954078123886
15200,0.1536967857504965
15201,0.16797132786929772
15204,0.15647256389119726
15207,0.05756592238116113
15209,0.16300342680655003
15212,0.13710913190030058
15213,0.13094664421621338
15214,0.15504151637656338
15215,0.15864804994005668
15216,0.15957792297389325
15222,0.13679155277134167
15223,0.11463853074752457
15231,0.12431403390578055
15236,0.14013892401617203
15240,0.1738744443335852
15241,0.15542568097590628
15242,0.16916943611023885
15243,0.145786314308182
15247,0.1533149970063806
15250,0.11801197447649187
15253,0.134586574051795
15254,0.13935052305120613
15255,0.15935967490135683
15260,0.12157774520428022
15265,0.0543448551799266
15275,0.12069528420034097
15280,0.14229916581914237
15281,0.14794774881611153
15282,0.16382633309297617
15283,0.16500509131917146
15284,0.18331726708575413
15292,0.15222670729467977
15293,0.1112858900386553
15300,0.16544431851210348
15301,0.12658159374430358
15302,0.34407978613068985
15303,0.13441685920809646
15306,0.12459965074469288
15311,0.13943041597578046
15313,0.1454315108142207
15320,0.13305511552610597
15322,0.05246570145984137
15324,0.14059052859283175
15327,0.1656246854886644
15329,0.14051064731234883
15340,0.23284329063200349
15349,0.1297676395402958
15355,0.11802268871429429
15356,0.15072678040336654
15359,0.35409935634154005
15360,0.13612864126062246
15361,0.07276900011635597
15364,0.15350575761528354
15367,0.06621194393215711
15368,0.20489473959386953
15372,0.21713798379391377
15374,0.06070637170664506
15377,0.15423280677734397
15383,0.15358681911109692
15386,0.033945450997323524
15391,0.13409383701386954
15394,0.052015728628575904
15395,0.15427190866404358
15396,0.06806297837910841
15397,0.135366630677943
15400,0.08579759414900012
15404,0.1313970289754444
15408,0.11549443668320762
15409,0.06253551971963672
15411,0.2265506455147971
15414,0.1591791814447249
15416,0.1201517672514526
15421,0.07530985010717788
15423,0.12086119322700543
15425,0.05332195104818859
15426,0.16167673029532606
15428,0.1535813397797848
15429,0.12695379452289238
15437,0.15295167335967075
15438,0.05830666317310298
15449,0.1212117813636961
15456,0.1497597009135247
15459,0.17717982631956475
15460,0.14456417128196664
15465,0.15359262174421653
15466,0.15249857025196106
15468,0.15915502239998033
15469,0.05649922943056183
15470,0.12344306937691447
15473,0.20589322695148995
15474,0.15635196069479937
15484,0.10898175795106102
15486,0.14577121397844087
15488,0.1256121855730745
15489,0.03330067155905897
15493,0.13771605566145076
15494,0.12487446368069871
15511,0.05353558183138404
15512,0.1589779677868047
15517,0.16876115218221677
15518,0.13758451241927036
15522,0.05464880926286799
15524,0.1503973974210238
15526,0.120355212605331
15527,0.13460159357496182
15528,0.11930632349394665
15534,0.1343861749355559
15537,0.15567610506938803
15538,0.1476464654708076
15541,0.038099940490483375
15544,0.14776327707153422
15545,0.13119786848635961
15546,0.05547105701473023
15547,0.0666956604656007
15548,0.16424397957958925
15549,0.16704488335425452
15550,0.13207123772389165
15551,0.06692494301667895
15552,0.054193495453479214
15553,0.13452431736994552
15562,0.12028539661996711
15563,0.22203791327510256
15564,0.16171091595659196
15567,0.14748211992750046
15568,0.1366254882265148
15569,0.061119630794476854
15573,0.0528356418761541
15574,0.11297486102585763
15579,0.13953151314535625
15581,0.05780929315466116
15582,0.13848836818517682
15586,0.1521936018416977
15589,0.13409212437558557
15591,0.11695824137308287
15594,0.11470782404467221
15596,0.1350124190330584
15598,0.135494645450394
15600,0.1263286044290492
15603,0.16381691653395894
15617,0.0518885515584979
15619,0.15256427880364334
15625,0.11189232490463936
15633,0.05990315877296417
15636,0.14864478371990614
15637,0.16000469713241158
15640,0.12533542417766852
15641,0.12584801026154827
15642,0.12175339797684352
15643,0.08029901539664337
15650,0.11959892070584492
15653,0.06906663587361243
15655,0.17614417178218392
15661,0.1648020476720069
15663,0.14005715612297384
15665,0.05872129374894052
15667,0.13748455162206663
15671,0.054748661208423775
15673,0.21828633027209934
15676,0.05590713365237706
15679,0.1443616869617514
15684,0.2222229182619606
15685,0.05490866996619768
15690,0.11911144423709331
15695,0.11867185040145116
15699,0.19442628674756168
15701,0.06653581985216174
15705,0.21788874842630127
15709,0.054048671999208826
15717,0.14275877887728294
15718,0.2615622395333948
15724,0.1539079246330087
15725,0.12416413445883867
15728,0.13269806699004685
15729,0.14246932461647047
15731,0.12703920383510336
15732,0.12568842533981003
15733,0.13542717635366622
15739,0.21719113107481322
15742,0.054067524927687426
15743,0.057564477359751565
15744,0.11841748881356118
15745,0.04775210293312304
15748,0.0632695791711028
15751,0.1898857899502838
15752,0.14418277472337274
15760,0.0597716538463183
15761,0.059305871270727395
15764,0.1408971095093389
15766,0.1769903993785437
15770,0.05451024081339099
15773,0.058888241467166424
15777,0.14326163486951615
15778,0.17808781934799167
15780,0.06528592290136104
15782,0.33009122099398813
15783,0.15146285549422397
15785,0.13584369389483872
15787,0.14437893741569943
15788,0.1738811245352053
15793,0.22340243219158895
15795,0.13769613923089621
15798,0.17038286957600046
15801,0.17514038246133878
15809,0.12911859552459518
15810,0.12610273126488328
15814,0.13975596007859603
15833,0.2505826004655871
15835,0.16942722654372658
15837,0.049847182573160405
15841,0.12778709438656102
15842,0.047288352725927275
15845,0.12994627510965065
15849,0.061467295918571134
15850,0.06443420705553345
15851,0.050087371292752904
15853,0.11691279748187826
15854,0.13860445761664156
15857,0.06122522968365666
15861,0.23636849698134502
15868,0.21064330972349168
15871,0.1275739706325936
15873,0.1098498571440719
15876,0.1300893035549935
15883,0.12598532203834376
15884,0.1210122322511712
15887,0.07860696127471906
15888,0.11786687374319878
15890,0.13924898056828625
15891,0.157612680952999
15892,0.12587103920588685
15893,0.1292519435535678
15897,0.12916556396222728
15898,0.22969458086507946
15902,0.17664634749443678
15903,0.06489680493525896
15905,0.15547557908657825
15910,0.14049041690681593
15911,0.13541406551743523
15912,0.13046730476956567
15916,0.06309580228564171
15917,0.05261115496865835
15924,0.1775737115404177
15930,0.17787997788000376
15932,0.17169627109956442
15937,0.12609752671769411
15940,0.1353585233948706
15942,0.1442273884798211
15943,0.24463738142300553
15946,0.1287727193580438
15948,0.05391254599318936
15949,0.059311503476422174
15952,0.12394498246801135
15954,0.05809326629252615
15956,0.13693210580650092
15957,0.08313990099843117
15960,0.06446242378677593
15962,0.1226892873129325
15965,0.1273862351582554
15968,0.1597866512667017
15969,0.1330198766988442
15975,0.11776909827390626
15977,0.22851689455511404
15982,0.13884850061583034
15988,0.1417772250891388
15990,0.05981898244795978
15991,0.05532391732883527
15992,0.04481902938303852
15993,0.1916870205813165
15997,0.14468018002468316
16003,0.12389908758783315
16009,0.1392274460786518
16014,0.16105074548003553
16015,0.14737353577141318
16016,0.06119455693950249
16019,0.13890702372370933
16026,0.12126004237922416
16029,0.15131061314866878
16030,0.15132984531934007
16031,0.05456636094285375
16032,0.13288239032741153
16037,0.0637784703548136
16045,0.18219237507866104
16049,0.15122729981283034
16051,0.12747893653382544
16055,0.17462556018413758
16061,0.16372771444620166
16064,0.15055536577379314
16065,0.04083413486053044
16076,0.23926861875632097
16078,0.22139000394582084
16085,0.14228219305516285
16087,0.06033299431020544
16088,0.16878789937323613
16091,0.1304419268524046
16092,0.1348928786895317
16093,0.14771802259156122
16095,0.15441757761066438
16101,0.12691630208642546
16102,0.15007180415688806
16110,0.15182469969405674
16111,0.14091008014282935
16113,0.14481013914599253
16118,0.1617809766662953
16121,0.04422907519094188
16123,0.1977433428142319
16127,0.1407034780518903
16129,0.03404248686571984
16130,0.1311329561045342
16133,0.12874407492097045
16135,0.13972711423803633
16136,0.12159048439990926
16137,0.17252120248348624
16138,0.056714601968537136
16140,0.17559622032388
16141,0.15281999649064823
16142,0.12112509260882852
16145,0.14993351341948713
16147,0.1627918518116553
16148,0.18830030022839747
16149,0.14881000661903843
16163,0.21302699110020215
16166,0.050210750893410504
16169,0.118402496983546
16172,0.15199612522347994
16173,0.17027184807237905
16176,0.1547420405634898
16177,0.14150537918391778
16179,0.15078380878801453
16181,0.03542688016860576
16182,0.2689712689455504
16197,0.1718074867130932
16198,0.12752332864592916
16199,0.12974312841400557
16203,0.09072614456802282
16204,0.07084972412695416
16218,0.0803372757774668
16219,0.17239216469973617
16226,0.15152364741447857
16227,0.11241699463712623
16228,0.14511192986906984
16229,0.16257992312356762
16230,0.1426132483742889
16235,0.1246250089946707
16237,0.05963392021853917
16240,0.12123258939492816
16242,0.13356545133851502
16246,0.168648804303708
16247,0.15003940066927393
16248,0.13480346225422576
16254,0.3749176933146992
16256,0.14769060532196507
16258,0.12091275598007106
16260,0.05131419344485786
16266,0.14838757071650477
16270,0.14202935528773508
16271,0.14236128895699693
16272,0.13938014760837267
16274,0.12757183205315722
16275,0.14093877748885583
16276,0.05551612003198569
16277,0.13675403425864666
16278,0.04083028567558908
16279,0.13976271359705908
16280,0.1641479579062343
16284,0.126521331247427
16286,0.11658176263835997
16288,0.16734457971851777
16293,0.12512029632186464
16299,0.22179576948411286
16300,0.1452611002277108
16307,0.12136143685445334
16314,0.14414564038132682
16315,0.1298963878581284
16319,0.1468327436669885
16320,0.1635642962506017
16321,0.139363068754182
16325,0.04986609638012538
16329,0.05783064613813014
16333,0.0409390604943887
16335,0.154566190189691
16336,0.15748297663847244
16342,0.13887954181110848
16343,0.2148474011934219
16346,0.1569899962405508
16347,0.12779665486066616
16348,0.15934346453109843
16350,0.060419275176016224
16352,0.11410041403098226
16354,0.15534349902165567
16356,0.14713761602933076
16357,0.1772735764391601
16358,0.12615471227368225
16362,0.12054465301911328
16364,0.05760138908142571
16367,0.14385170594925992
16371,0.12285412841541749
16374,0.14365720553044445
16376,0.13634689208613857
16377,0.18389530185999017
16378,0.1543750680194588
16381,0.07638037935726828
16384,0.1379077166023178
16386,0.13865589582665575
16388,0.11827566583452824
16391,0.16607599117700092
16394,0.13610982609329056
16397,0.05848093925874993
16398,0.16790500359125082
16400,0.1425163080601925
16404,0.15700353857486424
16409,0.12090957873809778
16411,0.10644067206481038
16418,0.2523978591161106
16420,0.12912894361389018
16421,0.15299548262569385
16425,0.11555195574984001
16426,0.13365251354876875
16429,0.1540758457834272
16430,0.14947355009462218
16431,0.05174807490481483
16437,0.061868821696830605
16438,0.03837491363072967
16439,0.12252330511258704
16440,0.0540588193903608
16441,0.15268579523533607
16451,0.11678025872824054
16461,0.1398064026294648
16464,0.23674440187589696
16466,0.1975882440305945
16467,0.12334178994652796
16468,0.1587047425221604
16469,0.13861746336714434
16470,0.15804767222823513
16483,0.174613945287826
16488,0.056568669254552846
16490,0.060893312539311684
16496,0.17003305944687194
16502,0.06396668747581015
16511,0.05404694202167554
16512,0.13915554623473156
16513,0.134478368455085
16514,0.0308125542200324
16515,0.05111268136525877
16517,0.14024750335022063
16520,0.05935802318803676
16525,0.14945928116959176
16529,0.12673097093647392
16532,0.13720125431054023
16536,0.2568295256656192
16540,0.061663516159408606
16542,0.14345715266403714
16548,0.12819965942007758
16549,0.11148864182889873
16551,0.2815013696297894
16552,0.1247262953724096
16557,0.13314118934929053
16558,0.11657898806695695
16559,0.15546758580658998
16561,0.1368546326620074
16562,0.14201876387590648
16564,0.11680982734357748
16566,0.1301458358295239
16572,0.15448234822428483
16573,0.15708829422742662
16574,0.16792349511832436
16575,0.059713941159207175
16579,0.16814771612946325
16582,0.1189029893406313
16584,0.1587959691106561
16586,0.1342904440775816
16588,0.14550658449979761
16595,0.13616852464610693
16597,0.11803828501764813
16600,0.13982410092075756
16601,0.13538992568660013
16606,0.3438005168830607
16608,0.03900882486857655
16611,0.14145336621919577
16613,0.15844284953044777
16619,0.15109179369223708
16622,0.14902941618035787
16624,0.13763405812781124
16626,0.15666506970482094
16628,0.13086257983153468
16630,0.12495097692119282
16631,0.06587679290865339
16634,0.1370621216252975
16638,0.1542304178051247
16643,0.09624165782949146
16645,0.19192139100885006
16649,0.14322102268763234
16651,0.15206871692341759
16652,0.13679232951741405
16653,0.09873832890015831
16669,0.1447475330239986
16672,0.1424357906839129
16677,0.1454586198749677
16679,0.13604783271348633
16680,0.14926303572796226
16681,0.05781158132611474
16684,0.04159239484772656
16685,0.13143045477681634
16686,0.17515728923328233
16689,0.11451489557798648
16690,0.04117996537055934
16692,0.12859299505342667
16693,0.054489032954828605
16696,0.060943394535349436
16703,0.19922404668418003
16704,0.04019396812613383
16707,0.1161607786999535
16711,0.11074492053831551
16713,0.11964912658168632
16714,0.35655536107734626
16716,0.1205053795960949
16717,0.1506092780346924
16718,0.13693133113164127
16720,0.051047896646695234
16723,0.1161744864460532
16724,0.22505401510616685
16728,0.2865699184610091
16730,0.12917678934420543
16743,0.10718780206942101
16744,0.036229711484332294
16748,0.1383105347859757
16750,0.13801915317994354
16752,0.15033858756228305
16753,0.12445442440244836
16755,0.15724310678466716
16756,0.053442905130259254
16760,0.14123691572492622
16764,0.057234002099098714
16771,0.13145354654611371
16772,0.17256466869591336
16776,0.13332253060012048
16777,0.07090526311804514
16780,0.15620410205451118
16781,0.1355252663767462
16788,0.12647147163492292
16792,0.1309740125678708
16794,0.1694838387950878
16795,0.053603525648141054
16796,0.04525731238691389
16798,0.11683802413162343
16801,0.14629902771696032
16802,0.12620091913395867
16803,0.15555876538762922
16815,0.12899120451642246
16816,0.11862423955008532
16818,0.14993295884350433
16819,0.18070863049239827
16824,0.10965604910933202
16829,0.12988155135515037
16833,0.1387706889391804
16834,0.12129867519634119
16846,0.14960879688979747
16847,0.15397029442153082
16848,0.132851589736891
16852,0.12379586251036818
16853,0.13995140794923644
16857,0.12851186639900172
16858,0.16217729838764938
16861,0.14521237135882067
16862,0.1637354819450403
16867,0.11803125731992292
16869,0.13791570554716712
16870,0.14023969104130338
16872,0.13206102532167963
16877,0.09326314501498685
16883,0.11759234759753621
16890,0.06788523818348302
16893,0.12800016583383544
16894,0.06210248687849593
16897,0.12857146134815664
16901,0.12862321396447995
16902,0.0976755012941175
16906,0.0461758630134203
16910,0.042182325044619336
16911,0.2562916110137039
16921,0.11967692763017451
16926,0.15920553526377432
16928,0.1565278411858582
16932,0.1843400226564107
16933,0.13320419405799436
16935,0.1459973561667645
16943,0.15095244895891655
16947,0.04034948760833342
16948,0.1454771640214164
16949,0.05599764248909691
16953,0.1439811537679733
16954,0.13081943798294546
16956,0.13272095302485296
16958,0.04222203139100747
16962,0.13188652686134075
16969,0.06046617302573739
16970,0.03635131575036447
16979,0.13348386821857272
16981,0.14640104465099382
16983,0.14863344974973644
16984,0.11012699983265943
16985,0.12858715396934337
16987,0.1585804057231194
16989,0.2560554357861406
16990,0.14608697038554122
16992,0.13655922319284328
16995,0.13005468732218015
16997,0.31748444785721947
17000,0.15151869639839177
17002,0.15912656973488462
17003,0.13843666159959891
17006,0.21194346083120333
17007,0.15521964175291073
17008,0.04889136439598052
17014,0.12814264353025348
17015,0.1485419369853163
17018,0.16100746302896426
17020,0.07944563436656989
17024,0.2447394794823601
17026,0.21179034309634748
17028,0.13413136354806013
17035,0.13300123881190684
17038,0.1436662366385785
17041,0.2350313448222963
17046,0.17282597686948975
17052,0.04459540959200497
17053,0.07496857114118595
17056,0.09792528229741938
17063,0.1433916483554506
17068,0.12822328920087087
17073,0.06250185303138645
17077,0.14117660588934627
17078,0.12026227136262659
17081,0.13940803353776973
17083,0.14228292268425932
17085,0.12990941628531769
17086,0.15048790829434974
17087,0.13492979967800733
17088,0.13037779991469686
17090,0.1411231238237011
17093,0.05415243633519807
17094,0.06182854041439185
17095,0.12396070873419586
17096,0.06544682539297593
17099,0.16712748433098792
17101,0.14388353080024344
17102,0.147241039607885
17104,0.14151402639250785
17105,0.13731707272426807
17115,0.12663210553262003
17116,0.14628472059557843
17122,0.05707022701857087
17123,0.05660206013647317
17127,0.1463711171630647
17128,0.14048700842194187
17131,0.15860245817102472
17136,0.1360013260024502
17140,0.052430198988738574
17141,0.13310954504128059
17146,0.1033726473971721
17147,0.050574950944215595
17149,0.17740170978672584
17155,0.1439602308925738
17158,0.18244317335816285
17159,0.12218610630791805
17163,0.13681938254854006
17164,0.12244792755887768
17165,0.1477928580869103
17169,0.1958189547896829
17170,0.1173782979593042
17171,0.16750045946111017
17172,0.0988760115549367
17175,0.3490095318669039
17177,0.1268869589960507
17181,0.12293675379446063
17183,0.050596046559513524
17188,0.11468639045691159
17189,0.13255361535672316
17191,0.12077567864631715
17192,0.128433151838251
17194,0.12642975062521208
17210,0.11691240943525366
17212,0.17524964046660255
17219,0.257584758665461
17220,0.1318491104344874
17225,0.1418444127306608
17227,0.14395553987279439
17228,0.05126969379350987
17229,0.054773745194440344
17231,0.14453471342573831
17232,0.1493313708959059
17233,0.04981299813709378
17237,0.1262651678692993
17240,0.15320866797386914
17241,0.1285359608009616
17243,0.10670812600530706
17246,0.18366450409151605
17247,0.11761456869746399
17251,0.27645083636578055
17253,0.12633164338649164
17254,0.055602747265735164
17256,0.052687874899186145
17257,0.12705207237763388
17262,0.11370889824775587
17267,0.07411260814815938
17268,0.13180370587262902
17269,0.12604021130253118
17270,0.14959541352923525
17275,0.16694516724729316
17276,0.17487618459085788
17277,0.2399234699299142
17279,0.13752373000313028
17283,0.060140630165171245
17287,0.14173062560235802
17288,0.06328440587986295
17294,0.1295473502271116
17295,0.036931087738705355
17298,0.13663981416633753
17300,0.047785496535900855
17302,0.1643876690458812
17303,0.13050794946422742
17305,0.15125579973915823
17307,0.1740559730563498
17310,0.11610758587955071
17312,0.06679181506768621
17316,0.14488407881459234
17317,0.12265707784455271
17318,0.05394636240940415
17320,0.05478045530263151
17323,0.12834802357284228
17324,0.11579079115950867
17328,0.20587071847717664
17332,0.1418821556191887
17333,0.12301451467746383
17335,0.04839071654248345
17338,0.12805088410981202
17340,0.15651338408726295
17344,0.16826685089930685
17345,0.17340723262043742
17349,0.1542536325343437
17351,0.13573978896527325
17352,0.1318655001096423
17354,0.0663950056842277
17356,0.1977187316804455
17357,0.15624198373136344
17361,0.06267784055566016
17362,0.17705160383446886
17363,0.16024832137083936
17366,0.1445028658040078
17367,0.12448918869638788
17369,0.06415819171001962
17371,0.16136253287111557
17373,0.14835892447679463
17378,0.17235444472011172
17380,0.14780469934833326
17382,0.14957516404544868
17383,0.1468905184041981
17387,0.13742274237322893
17389,0.15629582730547487
17391,0.08185180101351558
17398,0.15187447077862448
17402,0.12814218897238006
17405,0.2200173972217694
17407,0.05390432267753099
17409,0.12744327177075113
17411,0.14504974403286996
17412,0.049422620178829146
17413,0.12494414968820834
17415,0.13721883951697042
17420,0.12129088489971755
17421,0.13237519264778097
17422,0.14391701922340103
17428,0.14336460537523008
17430,0.09704212510082388
17433,0.13140412410156924
17435,0.14751903282061982
17438,0.10861116061799488
17440,0.06184432540452977
17442,0.13381920049690965
17444,0.14216184858134692
17448,0.14861802605564492
17449,0.21054385282242197
17462,0.15350642242773802
17464,0.1404846853045885
17466,0.06448775641397224
17468,0.17211026104723923
17469,0.13724851240043442
17472,0.10418646301295915
17473,0.14560797231451594
17475,0.14169641211115633
17479,0.05057004222774935
17481,0.12564775764535788
17482,0.14406819693716524
17485,0.05122630799571896
17486,0.23845468523767152
17488,0.15102833368460497
17489,0.04065296489491221
17490,0.11554258360828933
17491,0.06544944939296134
17492,0.13723251437928607
17494,0.08250148447295956
17497,0.21653970933225763
17500,0.1411718435280457
17506,0.1493495891121913
17507,0.14227651740965266
17508,0.24942491502370934
17510,0.1285770803027206
17512,0.214161744225592
17513,0.15263454038736549
17515,0.1484246490810698
17520,0.15338551381984664
17521,0.14419762622380633
17522,0.16088797298480262
17523,0.13428544549452157
17524,0.12390279366419917
17530,0.23605301988094152
17535,0.15496891206173624
17536,0.12652684634233985
17545,0.14274562592819348
17548,0.16521004449718155
17549,0.13070237934250775
17553,0.1486790399645008
17555,0.16769184214140154
17557,0.1355713617948809
17558,0.13332124808365878
17559,0.15111379237130196
17562,0.1680137144097588
17564,0.037438110435935305
17565,0.20239861919161836
17566,0.16609464726753723
17567,0.14646842404220803
17568,0.059377150432785936
17569,0.14001361680958616
17572,0.11555851106902866
17573,0.1769454653507625
17575,0.1279145978878984
17577,0.14386154357903863
17578,0.1367928001819936
17580,0.12090550766490217
17581,0.1607207733863889
17585,0.13115147519532291
17586,0.1657047721121284
17591,0.13543869772132058
17594,0.15928942876258576
17596,0.11069452333848483
17599,0.21703336843126
17602,0.1551133543361675
17603,0.15779362432307978
17606,0.05892188832569243
17614,0.17128225511711706
17621,0.15777523474781852
17624,0.1749699922203676
17626,0.2384116571414158
17628,0.039923929845433685
17629,0.13649524132110263
17630,0.1729602280212413
17631,0.1503592884988452
17633,0.07450666379784641
17636,0.1719582354721038
17641,0.138308478615756
17642,0.2310486594705351
17645,0.17711330606471365
17646,0.15522792544767114
17650,0.1302632266883724
17655,0.1274884545159178
17659,0.13834821221210739
17660,0.13111907084957775
17662,0.1473811826155168
17664,0.06929543548728943
17671,0.03463404319989036
17673,0.1521142026206884
17676,0.15738752313498897
17679,0.14567808652171074
17685,0.16848728042166417
17705,0.1767075495004867
17708,0.1467779781116719
17711,0.1548632265210638
17714,0.16214671270461922
17715,0.05835090928553397
17721,0.13025127657303112
17724,0.24575867079889938
17726,0.14948132118833765
17728,0.13972140022290183
17730,0.1213561998439519
17732,0.12443877114951969
17735,0.2667231853446336
17737,0.11462066895274674
17738,0.15816297109271732
17739,0.15326262925565048
17747,0.14635107004583295
17749,0.14420021192717844
17752,0.13186619695801116
17753,0.1655192451173454
17756,0.13441991035546455
17758,0.07176164953914597
17760,0.14376869606156115
17762,0.13921116195524572
17763,0.21539536906085907
17769,0.06033132630792268
17775,0.13757272279987232
17776,0.057816582682119456
17781,0.16563647803093517
17782,0.12704489258257565
17783,0.05368308500395314
17784,0.17383827020430223
17785,0.1287887205219016
17798,0.11631342890373018
17799,0.15258620694842537
17800,0.26979291546078543
17803,0.1279486017801645
17804,0.04282939758697577
17805,0.12833485364256744
17808,0.14933911495004257
17817,0.13650985560090187
17823,0.2843625760225296
17824,0.13407199225761116
17825,0.14419130790224474
17827,0.05497477085256718
17828,0.14759928758174326
17831,0.13019573893651212
17834,0.1293154406495661
17835,0.26986706124120025
17837,0.1306465272677757
17838,0.16224459515891293
17839,0.1333804108148224
17843,0.17388542511829064
17846,0.3450151587922799
17847,0.15243878128114755
17848,0.1483766557989246
17853,0.06933517713000924
17856,0.1357270654800423
17859,0.12512901252600536
17863,0.0635572519508059
17868,0.06139464420513708
17869,0.12443990924866204
17870,0.18399368965052842
17875,0.059474123925938795
17876,0.14580019300197958
17877,0.15279652574100436
17879,0.1665483948336786
17884,0.1434091023360363
17885,0.07050439404393366
17886,0.038091781673823384
17890,0.15989576763130445
17897,0.0739833969485057
17900,0.07946535428021845
17902,0.1381833768983396
17903,0.14034615601032213
17908,0.14333826704777472
17914,0.14854050938996924
17915,0.14261773975570666
17916,0.0573197746020583
17920,0.14703369220872428
17921,0.19995465495243978
17924,0.1468628775813746
17925,0.0948451755446858
17926,0.08392364330224338
17928,0.18844035276323765
17930,0.12507534733648074
17932,0.10964360052359749
17933,0.16041018377190255
17939,0.15960462652144
17941,0.2270169388043447
17943,0.20792462813147602
17947,0.05654844002240001
17948,0.12765543016870107
17950,0.14520817490311408
17956,0.13141402384989298
17959,0.127262033283679
17970,0.16910963561682957
17973,0.14049989979105024
17974,0.14972311036383157
17975,0.12488828684224655
17976,0.15063615131060282
17980,0.08129268831789899
17986,0.17024143494763763
17987,0.06348486560123555
17990,0.20574593342435313
17994,0.12955179381783408
17999,0.1348907116835198
18002,0.056361654640463804
18003,0.051111824277350525
18005,0.20344740438973585
18007,0.21171683444864087
18013,0.11862002564544454
18015,0.05484870429427154
18016,0.12877039194655934
18018,0.12744506536932418
18019,0.1408904379301689
18026,0.13961347500889068
18030,0.1529751168176833
18032,0.16170035792585813
18035,0.13548537805141533
18039,0.14934568418651387
18042,0.12642322404338732
18044,0.14746455489005655
18045,0.12329216705328845
18046,0.150635381397936
18052,0.1323803672674917
18054,0.06256002443625132
18055,0.15027360461468023
18059,0.11013998981656803
18066,0.14132624450398662
18072,0.16620666823785915
18073,0.03648065424047369
18077,0.16596642054163815
18081,0.05591411194038117
18083,0.12144888787036108
18084,0.14016116767451817
18085,0.12889611498571477
18086,0.12695964149566
18087,0.14855800939582797
18092,0.14316422635656315
18093,0.08866046774336465
18095,0.06157953982955897
18097,0.1195444317608051
18100,0.14757224622763906
18101,0.09865121349806509
18103,0.15227457504952505
18104,0.1503460874061259
18105,0.12370125035293626
18109,0.11179151175458522
18110,0.177372656970351
18113,0.18481616161561887
18117,0.06695866951038149
18119,0.1298769234475612
18126,0.17767526478840798
18127,0.054935767511425315
18128,0.04712700390648473
18129,0.14876293760218548
18130,0.12412223447529547
18137,0.3655177283905228
18142,0.14908907437902993
18144,0.049453785954899056
18145,0.1212595429243084
18146,0.14772824718122834
18149,0.17107479145534374
18152,0.054052622843566385
18153,0.19405083397996317
18154,0.14458254890265396
18155,0.1384514549783301
18156,0.16198741001000297
18161,0.15950498765117274
18163,0.06757070911177869
18165,0.05874661106594506
18166,0.1366848649594663
18168,0.15398082091859697
18172,0.05074675188430619
18174,0.15434007798339944
18176,0.062206433045410715
18177,0.07165581424243526
18179,0.16365354056188772
18181,0.15974106624483184
18182,0.05473980509711531
18183,0.15576745666476977
18187,0.12950449519096827
18188,0.22503381757851515
18189,0.14695443871272515
18194,0.14442024880285131
18196,0.14240289081413612
18197,0.14860842562355428
18198,0.0852193821513856
18199,0.15603745216942208
18201,0.1545643154083535
18205,0.1345684389469345
18206,0.1394261398396532
18207,0.16661760252443636
18210,0.12614467855530345
18212,0.14161297824448407
18214,0.12177000473568515
18215,0.12748540931829994
18216,0.14229275904584024
18220,0.06226503777284192
18221,0.21808912576209502
18222,0.05697136424305325
18223,0.17951299164282086
18227,0.15451546004241623
18228,0.16823820805135228
18229,0.06153164276108524
18232,0.1802256426114385
18234,0.1563178434650181
18239,0.13919807021138797
18243,0.15047722324471943
18244,0.058340012418572416
18245,0.1710590644196448
18246,0.08077163594472563
18248,0.14577307468128367
18250,0.2415177766001786
18253,0.2536555870630503
18254,0.13289841548228826
18256,0.1408377224957143
18257,0.131562199293307
18263,0.05946784633454679
18264,0.03428752498568236
18266,0.1325789174040539
18267,0.03309549307665941
18268,0.12066995292468354
18269,0.16165532140039496
18270,0.15136077655079108
18271,0.2657326747602484
18272,0.12043940404422128
18276,0.15207260355536226
18277,0.0585092497049731
18280,0.12793294367252456
18282,0.05292774789050159
18285,0.15464020140297038
18288,0.34547251002322904
18295,0.05356210203561098
18298,0.10470401895516639
18300,0.11925256109777821
18301,0.12811055549188877
18302,0.11711416996070191
18304,0.057822954398930954
18305,0.14731345743622057
18306,0.20837652014579064
18307,0.06065431119892097
18308,0.06129670559026448
18309,0.13023556783747323
18311,0.15872922877625203
18313,0.15150869918741963
18314,0.15041340541178613
18318,0.16330652926484446
18320,0.20562083126543498
18321,0.11937398132777943
18330,0.15585772934171238
18334,0.1222915904484823
18336,0.05392331988750781
18337,0.13694729716363593
18338,0.12157353814669342
18339,0.13859129158689767
18341,0.2305655869239666
18347,0.067712088493181
18354,0.05895917726422214
18355,0.05388328227989253
18356,0.14045024313806906
18358,0.12839906293660183
18360,0.16736884112106246
18361,0.13257288450359025
18363,0.15560684149014814
18364,0.22547206869066042
18367,0.1406558960189672
18380,0.05552753500270338
18383,0.13049561138733243
18384,0.13115307116195724
18385,0.16090576910487905
18387,0.34983479904615494
18390,0.1401824918384267
18391,0.19360409233002793
18392,0.1319549703690965
18395,0.3438293599027035
18396,0.16262029944121983
18397,0.1361733072918031
18399,0.1516936359320001
18400,0.2114776980367392
18403,0.16290116905039811
18404,0.1284317011881331
18406,0.12543360904482437
18407,0.23986251935925515
18413,0.13610089149327412
18415,0.15379359876545282
18417,0.15983358045131887
18420,0.056614476770946165
18422,0.11814881919575304
18425,0.06065728068705433
18426,0.3610558714568373
18427,0.04554619627715275
18428,0.13494562673231905
18429,0.14992332766278343
18430,0.12621284764693572
18431,0.13388301159702096
18432,0.16218142091630602
18433,0.36902611386542156
18435,0.13188187368942017
18436,0.1003832074759647
18437,0.05062576217225995
18439,0.11932843896571599
18444,0.13326282368997458
18446,0.14492779210994278
18448,0.15641504197436207
18455,0.07854320117032622
18457,0.14371233615958837
18459,0.16607863946514523
18463,0.18952356638588297
18464,0.13078723190181382
18467,0.1352098756173648
18469,0.14540445482034667
18471,0.05708852130256104
18475,0.13033740381184347
18476,0.056745061590103486
18477,0.11869015369065061
18483,0.12970386937650977
18488,0.16327664753042895
18489,0.06574140119302113
18490,0.13349852280488503
18492,0.25207682907081963
18493,0.13395176425717195
18494,0.1409545666132607
18498,0.08593165075209101
18502,0.1249800487347611
18503,0.04216121526678986
18504,0.1479062857612145
18506,0.1276605548768386
18507,0.14708439466836307
18508,0.13104195920478698
18512,0.13048055896731703
18515,0.05036307175497273
18517,0.1557043447353297
18518,0.13762904231233108
18520,0.13280374470438494
18521,0.11785612944130912
18522,0.1435844782103803
18523,0.13058773689086656
18524,0.0647624519894414
18530,0.11960871474657843
18531,0.14823124306427196
18532,0.05448344111145236
18533,0.1423049800039439
18534,0.16041445188579886
18540,0.12507043840842724
18542,0.12846159682186478
18543,0.12701293519954637
18544,0.13652442825935796
18547,0.13772913558476582
18549,0.03631911088442758
18552,0.15363438903544713
18553,0.18700425933000062
18555,0.13964023679259732
18558,0.16417915954880835
18565,0.0626227698115497
18568,0.24596299957913179
18572,0.12318419208599111
18575,0.15663044396143158
18576,0.1684606743387754
18579,0.1309764514773456
18581,0.15230462021977556
18583,0.08566088607413891
18584,0.03414188051814691
18585,0.05719355847232579
18590,0.05498719376686239
18594,0.14249644108972195
18595,0.12288312311247146
18598,0.12760402632790704
18600,0.1801933581212156
18601,0.3469193141080212
18602,0.11670298519404203
18603,0.22386898443650502
18604,0.037460173311420535
18610,0.13121714325909373
18611,0.1393985515689171
18615,0.15661337789204516
18617,0.12842852975200766
18619,0.16450798238630612
18623,0.05766483297786984
18630,0.12454310313119828
18631,0.1653354125594152
18632,0.05623645381447781
18633,0.134612553820445
18638,0.13371544608570804
18639,0.1102333650781173
18640,0.13308101380150691
18641,0.058914960443680144
18645,0.1731029967574156
18648,0.08608817888280325
18649,0.13364147368356308
18651,0.12961482002629746
18653,0.07815477650949736
18656,0.1596926619758802
18657,0.13839669677201458
18658,0.1490638115749983
18659,0.12974297678138447
18661,0.15670506000942613
18663,0.24373191932526272
18668,0.16177728324425497
18669,0.12552683977588855
18671,0.12895600956191025
18672,0.07222407715605024
18673,0.14898736077117802
18679,0.128184115871209
18689,0.14050317485252972
18690,0.1480294630696669
18692,0.13848471166075196
18694,0.14469064729789652
18695,0.19261804442109046
18698,0.14729066339992716
18699,0.13152023538311583
18704,0.14934602332752886
18706,0.3421805106720224
18709,0.1564349789744279
18712,0.16770702126487988
18713,0.16826213008796986
18717,0.14757580336434664
18719,0.38077353390239327
18724,0.12011465886792022
18725,0.0647880790397926
18728,0.15754288575012476
18729,0.12242408592776928
18732,0.04117903797063055
18733,0.14077717023550937
18734,0.06608662194945707
18735,0.15744921397802275
18736,0.1560347129871588
18739,0.12092352574887243
18740,0.14551563581590565
18742,0.15163009686457152
18743,0.24786215422930194
18749,0.055246127053332185
18750,0.15098279976389398
18751,0.11742652713742319
18755,0.13204629988540253
18756,0.043558877588772214
18759,0.1445164136098957
18760,0.06834641682678509
18762,0.15994768578286497
18765,0.14317327012694395
18766,0.13960455353994514
18769,0.12161253694330477
18772,0.12962008436058955
18773,0.04337248898602902
18774,0.14815232794851155
18778,0.13688192261895016
18780,0.06485668338817369
18782,0.13983857263639454
18784,0.1264955503903437
18785,0.14622294377009742
18786,0.14570335652861102
18801,0.08651460364830717
18804,0.14315985568117442
18807,0.14811209881207724
18810,0.21264217660159776
18811,0.12555701821047385
18815,0.11996410946679344
18816,0.15642076841372618
18818,0.1479762433377852
18819,0.17269836711169548
18820,0.16995994043727092
18821,0.23647911699196825
18822,0.1937563211212164
18825,0.15407820623596036
18827,0.22019769365003317
18831,0.12771934030028467
18832,0.14331353445752942
18834,0.21306197941727278
18836,0.13061121494656716
18837,0.12294982444621726
18840,0.0655857845927752
18842,0.11138247889907188
18847,0.12943813735931153
18849,0.13891927907211485
18852,0.12549659932621157
18854,0.15590311330514148
18855,0.12999611870150832
18857,0.12218268592127912
18859,0.1789838675632939
18860,0.13452588191444853
18861,0.15393984768603222
18862,0.050784962710094944
18864,0.13030304993986558
18868,0.13399426763913314
18870,0.1448338934470498
18871,0.05519876128995307
18874,0.1364038749649731
18880,0.18531079803464498
18882,0.1255420060999836
18884,0.12606734078250115
18889,0.1676671518665517
18892,0.15816975035120517
18894,0.22700189156521255
18895,0.1519712328860204
18897,0.18776622168027482
18898,0.05429596003156759
18900,0.20180528202252276
18902,0.1574199976791986
18907,0.15495777462490604
18909,0.1689140222805453
18910,0.3350833739237011
18914,0.13711693919548648
18917,0.1332502010366535
18918,0.12844656643676147
18921,0.23722025307101072
18924,0.1352819343470131
18925,0.11823437661643327
18927,0.13535309179277547
18928,0.056520155145293544
18929,0.11475935959912364
18930,0.13310736426491102
18932,0.15660277526768426
18935,0.05104082355073027
18938,0.05247258982945369
18940,0.12068124181824401
18941,0.13301240010912296
18942,0.15369865156880314
18944,0.0579003913512656
18946,0.14983783927234942
18949,0.12232050780259174
18954,0.06046085413805955
18956,0.15207238575952067
18957,0.0638309196042793
18959,0.15106864987140473
18960,0.08676394246418066
18962,0.15128151212627214
18963,0.1808272424525187
18964,0.2571909968522998
18965,0.1382238531306551
18967,0.1149299595534256
18969,0.13998877156066067
18971,0.19792977969700298
18973,0.13878922262628682
18977,0.13539125341499111
18978,0.15543446091531185
18981,0.16336479980091534
18982,0.062048421192209685
18983,0.14168898072120464
18984,0.12451830241999784
18985,0.13338304819958505
18986,0.1584819860879819
18987,0.12851442506370414
18988,0.11932962754753003
18991,0.06876442313516586
18992,0.13259651170626693
18993,0.1482575196238336
18994,0.24877395744479738
18995,0.13708071074094846
18997,0.13689352177094408
18999,0.13419215775821133
19002,0.1191586341500321
19004,0.12556917685989874
19005,0.10305484240812512
19007,0.12330981156497339
19010,0.14919933102130759
19012,0.12909964177441427
19014,0.12004283969628597
19016,0.15059594103691043
19017,0.1706149666014911
19018,0.1365438570992361
19019,0.1386509759708464
19022,0.18846438328576062
19023,0.2592646748736232
19024,0.21697191423662068
19028,0.137134064987057
19029,0.052990902891925595
19030,0.06548018839125375
19031,0.17594231901890978
19034,0.1440213585299338
19035,0.0507580250538458
19036,0.16506741455027737
19037,0.1336853224940642
19038,0.15812406995670594
19040,0.04353359802785186
19042,0.21659275309376355
19043,0.1251866289662252
19044,0.10668769593680971
19047,0.20507942761854178
19048,0.1851366811189136
19049,0.14260364673013648
19051,0.15568554344104413
19053,0.12976755080447114
19054,0.2317758832436827
19056,0.1210350267709333
19057,0.15871352599469354
19058,0.13278843616284194
19059,0.12017181911029533
19060,0.13137834881290955
19062,0.14889079949268316
19064,0.1511451900482731
19071,0.23761300910367464
19078,0.11590787278581498
19079,0.1397457621005357
19080,0.11132483444314095
19081,0.0610669769389553
19085,0.14869935487426336
19088,0.16121759975176178
19089,0.14631518439676336
19090,0.14766880441936553
19091,0.24373169502271028
19092,0.11244047937667989
19094,0.14245543052264936
19099,0.16578742252328468
19100,0.1445132206078789
19101,0.06151000414544361
19103,0.13847458507530094
19104,0.1695909135795728
19106,0.14178277277230866
19107,0.22757175509907723
19108,0.15109195110664034
19109,0.03338943521165529
19111,0.14389037937545576
19112,0.15729907502385806
19113,0.12781952321569914
19114,0.13919105271801288
19116,0.15862983638634312
19117,0.1637943251877464
19121,0.13503158046785124
19125,0.21074369733381407
19127,0.20480882220531804
19128,0.1347801479948779
19136,0.12663314249872937
19137,0.1214707079210507
19142,0.15763867349733274
19143,0.11979944231775501
19144,0.1334991065660558
19146,0.14466282883563628
19147,0.11445280354239518
19152,0.06903492840321551
19154,0.053875063935364294
19157,0.14138891844948553
19160,0.14266437036946725
19161,0.06318925832341715
19162,0.2069837175957138
19165,0.055493266483737126
19167,0.053514804895369174
19168,0.16268573287012855
19171,0.060345750959415995
19172,0.04097112494960232
19173,0.15285173335325505
19174,0.14630967158055067
19176,0.13045353393216666
19177,0.15694410997236963
19178,0.04445288270655049
19179,0.2125597664730674
19180,0.19606239463051625
19182,0.15283910784070046
19184,0.15241547828944488
19185,0.04094343903760188
19187,0.06481695722899569
19189,0.23112140590310923
19191,0.10970015404863387
19193,0.14615102684702258
19194,0.16483499464530335
19197,0.18542020834386416
19198,0.12919878599777515
19200,0.1667139728315472
19202,0.040576066730628156
19204,0.08378825804888085
19205,0.13601619583685384
19206,0.11895093819445512
19212,0.05578249486795641
19213,0.12941509953523767
19214,0.36393774138953755
19222,0.14963880072453495
19223,0.15442793224143214
19225,0.21880989621708646
19228,0.15472022139355915
19230,0.36195949414510115
19236,0.148414154201212
19240,0.15913685990485268
19241,0.1477596153507911
19242,0.1399569967858697
19243,0.32415498872350407
19244,0.1256519458401082
19248,0.14405380167525816
19249,0.1604305562684816
19250,0.13884453606792985
19251,0.1643026454302162
19254,0.1541448127700959
19255,0.14627263380494115
19258,0.1583671288216074
19259,0.1363939287456821
19260,0.25514485357497324
19261,0.11914269769612351
19262,0.06018410609768358
19264,0.12923292437808148
19265,0.17825956018608982
19266,0.14869169052822165
19270,0.12838191750532915
19271,0.13021080053001616
19274,0.1489269595659253
19275,0.1434476859649422
19276,0.09460492687687416
19278,0.0526606239893684
19280,0.12760531511373585
19282,0.14037599128244857
19287,0.17097986009376984
19288,0.13213977510016464
19290,0.15222611572645584
19293,0.16073719016061994
19295,0.2180724585489898
19298,0.18840267567284272
19299,0.18471755956257874
19300,0.05998686322736726
19301,0.13215143835177326
19304,0.14772903853771946
19305,0.16332931646059445
19306,0.11888671573906977
19309,0.15262388017210204
19310,0.12664966602109973
19311,0.2284744966093385
19313,0.18867136465314338
19317,0.15445561409381922
19320,0.1700158172475438
19322,0.05412358682340674
19324,0.1694055806647614
19325,0.1494761608178505
19326,0.11135475073843436
19328,0.1390816848573642
19330,0.15096536804908545
19331,0.39622874983125905
19332,0.14805824663841585
19334,0.1476587033114695
19337,0.1401482052689759
19338,0.14600199160579644
19340,0.13052180882467163
19341,0.13282403333955375
19342,0.14131800963472896
19343,0.1622760117406162
19347,0.34597687233274943
19348,0.17269387283988513
19349,0.22253434356734117
19354,0.15137828033619846
19356,0.14204350584847356
19357,0.1298197204899659
19358,0.2076562306346532
19361,0.13173454197121617
19362,0.1386943170670434
19365,0.1354007332738493
19366,0.12449671584913695
19367,0.16311532183891253
19369,0.12694829067148614
19372,0.15095955405041972
19376,0.050725865055584705
19377,0.14740175381219833
19382,0.06070995134708785
19383,0.22685146131789577
19384,0.16471272470801815
19385,0.14067384733174101
19386,0.16658976288445704
19388,0.15056910482096608
19392,0.13611163045925814
19393,0.16236172341353838
19394,0.11636707992747569
19395,0.21497731337919135
19396,0.13533957000813632
19397,0.11717337577817326
19399,0.1689486801430483
19400,0.15750910053001402
19402,0.1462781666851718
19403,0.1590601785869323
19404,0.1169277692081998
19405,0.13940659924407658
19406,0.145886938264249
19408,0.11647204406722174
19412,0.1682738660813687
19414,0.14373757028155587
19419,0.22530081870713856
19421,0.15075849948162212
19424,0.12158382333504851
19429,0.36363511947766297
19431,0.14742294255232893
19432,0.14014898154682595
19434,0.0631067928759649
19435,0.1359887160097989
19436,0.1279206183400768
19438,0.13113497775616298
19439,0.24396667430994826
19441,0.0616196232459831
19442,0.05798659631200304
19443,0.13674444988951054
19447,0.1067246634911585
19448,0.12903419199184762
19449,0.13477026456732183
19450,0.15718635094656944
19452,0.1452215010228544
19455,0.2534105405622739
19458,0.13446234457345416
19459,0.1626781724826075
19460,0.14328345419832447
19461,0.035486025048138296
19462,0.13131416057470105
19463,0.14084173045136614
19468,0.16175974612112645
19469,0.050315808594035914
19470,0.34362045853429835
19471,0.22916455848871162
19472,0.13809949804708765
19474,0.14205603014400345
19475,0.12868673150507592
19477,0.14089604931923047
19478,0.13599389642183068
19479,0.23859200870716676
19482,0.14446687282652107
19484,0.24607825433835984
19487,0.13357506848533143
19492,0.13141671416985132
19495,0.13795013342302384
19502,0.1378404199283996
19505,0.11964964126779176
19506,0.12327651826451318
19507,0.12274591480791792
19510,0.125612905399709
19511,0.3642369004453189
19512,0.03785221255011092
19515,0.15000263380635773
19520,0.15822963923782418
19521,0.13777199088355307
19526,0.16497369487780825
19527,0.14348443584605877
19531,0.25469630530086623
19532,0.12551318999415467
19534,0.14741118777355433
19538,0.16754456572149912
19539,0.053695297320837145
19542,0.09845745826047385
19543,0.11578776080820752
19545,0.13814987016402802
19546,0.14430089135210597
19548,0.19289803743083986
19550,0.16959486382586886
19552,0.13050067060797124
19553,0.02497875627400578
19554,0.13246271169251175
19555,0.1324903250665337
19556,0.14281105713299
19557,0.14315058847349182
19561,0.15252678507660689
19563,0.14701040675842003
19570,0.12344965633158328
19572,0.14311210493304774
19574,0.2110381595141685
19578,0.12191155926703541
19579,0.15011683526431388
19582,0.17771081587399784
19586,0.038342563997276334
19587,0.0868721410288245
19589,0.11933923875844787
19590,0.06183282088859939
19592,0.1382946410579108
19594,0.06881989815924609
19596,0.211623639581122
19599,0.11856450046774851
19600,0.11506702535729324
19603,0.1143823517024431
19604,0.13314599734951696
19605,0.17217106729868983
19607,0.12291828033746079
19616,0.0555350784848313
19618,0.06793127325953002
19619,0.05706646280269909
19620,0.1320087688761485
19623,0.12147272168592961
19624,0.18461673645142987
19625,0.14938478258155208
19626,0.15600746510504251
19628,0.13569003373515356
19629,0.1672992705592485
19631,0.12236696575438238
19633,0.12980557664266187
19634,0.13285227630599686
19635,0.24257344961788677
19636,0.16536927765166617
19637,0.12850095250869686
19639,0.16500125577204958
19643,0.14319138570425546
19644,0.16334220426413418
19645,0.18826395890862
19647,0.15936943372264642
19649,0.16047602196805794
19650,0.15165057040797392
19652,0.15767342780081964
19653,0.17117003502232794
19656,0.12426199346275905
19660,0.16022284820548038
19663,0.14271777933182964
19664,0.1608718906298699
19666,0.1555388762141954
19668,0.13587949505809885
19671,0.13479061226367653
19672,0.13960952428669954
19674,0.20920643728574215
19675,0.13728093478976947
19676,0.1483138803326887
19678,0.16375692931839084
19679,0.14540434138362393
19680,0.1923300741803585
19681,0.14885870188673567
19682,0.12837114451919227
19683,0.14883378149214985
19684,0.12176281646848981
19686,0.1327838502706229
19687,0.14774313041712636
19691,0.13258290649983226
19692,0.13447445804939806
19698,0.20560074885945193
19699,0.13634762494689848
19700,0.12885032954756392
19702,0.1349887126388829
19706,0.15169313107163
19707,0.34716411399042
19708,0.13350318727051866
19709,0.16347091233431799
19710,0.1224068704446754
19711,0.14234952287355032
19713,0.07554075876059697
19714,0.134198963760605
19716,0.16347635714675754
19718,0.1136392674527249
19719,0.1666259920179433
19720,0.10472691514094927
19724,0.05607629232038819
19726,0.2398658903297511
19727,0.14471984267568666
19728,0.054137682747372205
19729,0.15465080601605988
19731,0.20881808499378862
19733,0.1541746689969268
19735,0.12157190413705882
19736,0.16039492954825477
19743,0.14096419594710813
19744,0.1410542235268407
19746,0.12424920007412123
19748,0.1483111953642335
19750,0.1481600718949185
19751,0.2131091763194328
19753,0.12886794273235247
19754,0.14961725943658885
19758,0.12485897311551035
19760,0.15037415470732696
19766,0.05861895780749995
19769,0.04718710409097915
19770,0.15132008226515092
19775,0.15208545560352815
19778,0.11720798685419691
19779,0.0515670840978655
19781,0.1327902660166768
19782,0.361853754019236
19783,0.13188489753959598
19784,0.052223577331421335
19785,0.23817613473623186
19788,0.22999934738094052
19790,0.13984926943543682
19791,0.0617151313272206
19792,0.05282251412954087
19793,0.1375592346661858
19795,0.13214829074072296
19797,0.25315963631606403
19802,0.07013865174725108
19803,0.1714928030676266
19805,0.15510247713368616
19806,0.14726749348382465
19810,0.16466184155861907
19813,0.04332314828840067
19818,0.10369049725973349
19819,0.14901005531886868
19820,0.1609904955977159
19824,0.18028160386317513
19828,0.1287336576964712
19830,0.1354587519235914
19831,0.23568080380622938
19832,0.04055020084033931
19833,0.16821766989587175
19834,0.14913278363118657
19835,0.1341933831057214
19836,0.1287790134405656
19838,0.1500852643961882
19839,0.1570598632285465
19841,0.15277412255412395
19843,0.12993017966899925
19844,0.12829939654566438
19845,0.13400622523730676
19847,0.22332141567927208
19848,0.16322245522985668
19851,0.1995457581774033
19853,0.15945409663576388
19855,0.13874807251316723
19857,0.16051310011052755
19858,0.1404459220787387
19861,0.06415606920351723
19867,0.14208073937622623
19868,0.14838713596203776
19871,0.11681334396726711
19875,0.15242454501158523
19878,0.14096756517570833
19879,0.05935860304890068
19881,0.18166477454656674
19882,0.13733554350535251
19883,0.12932912250918807
19884,0.23498218618234099
19887,0.3607807372520897
19889,0.14174078668286139
19890,0.1438773844802078
19893,0.19477302981413092
19894,0.24483184960981622
19896,0.13431523140944743
19898,0.3434483466270182
19900,0.24959738716942761
19901,0.14929928394587957
19904,0.16005758412400026
19906,0.3674204505779906
19914,0.03732132404303141
19916,0.060572890194651674
19920,0.22802734749253858
19921,0.06026673879493078
19922,0.13051556794138033
19924,0.2560094999216253
19925,0.1385355905547686
19926,0.1610944711740778
19935,0.050127888168229474
19937,0.10347632965293084
19938,0.12273374175077272
19941,0.1524145430540246
19943,0.11282156961437756
19946,0.14672688128491929
19949,0.0599902497807917
19953,0.13708613607334205
19955,0.14840537126085906
19957,0.14589143406751315
19958,0.12894959875787235
19959,0.17073026892126628
19960,0.14894889092724506
19963,0.13670688865644337
19964,0.35068238147615677
19965,0.16614948812014887
19966,0.16209705439905864
19967,0.12848953221540407
19968,0.15692355334098135
19969,0.0502791898130757
19970,0.04368118597361911
19972,0.10976835064700115
19973,0.1369718235017324
19974,0.09566934727143127
19975,0.13758364316873087
19977,0.26065582777684115
19983,0.05630390866629623
19984,0.07423519672994751
19986,0.23918248704731446
19987,0.14694191785774122
19988,0.1383502928913767
19989,0.11839744415797959
19993,0.11299869446719986
19995,0.12082711550459697
19996,0.1670399813972655
20001,0.1372010986146229
20003,0.11626786536348448
20004,0.16298584350357034
20011,0.2540112749636681
20016,0.19314219332347204
20019,0.14740290821679344
20020,0.1293734234871028
20024,0.14501593226608486
20025,0.2600052699429964
20027,0.14091337974034446
20030,0.16536358392458506
20031,0.05181296140973083
20032,0.1382437113830087
20034,0.14940585388238867
20035,0.13451399203574824
20037,0.0708384650945703
20039,0.14114026486076817
20040,0.13721475159505747
20041,0.1416896174189652
20042,0.1531568255169872
20043,0.1485932130960399
20045,0.1193957215345879
20047,0.16520697589371078
20048,0.2502650350910491
20049,0.13528206576683854
20051,0.2632639028845518
20053,0.1453321638280299
20055,0.15563443189238688
20057,0.23114068890218564
20058,0.15389516861159933
20061,0.15045091127577412
20065,0.15046979487477632
20066,0.129715712505026
20067,0.14150268025816237
20068,0.05368551747842212
20070,0.17371696430119368
20072,0.13904422142854556
20073,0.1709755816852155
20075,0.16499528455984247
20077,0.2122657110112359
20078,0.14000734004880078
20079,0.1521144840816973
20083,0.11974008896819943
20084,0.09458816197691977
20085,0.13336171221063667
20086,0.06171996672336513
20088,0.1254059332570622
20089,0.1499128750641178
20090,0.0466543520208996
20091,0.2910393071080715
20094,0.17994998523095773
20096,0.14803360916907507
20098,0.11502602233194799
20100,0.15522655191969167
20102,0.1877174420486228
20103,0.15376380951386265
20104,0.16999945336799027
20106,0.12735273919632142
20108,0.39420814242769664
20110,0.15220954235166542
20117,0.16735472238891458
20118,0.34605905107605794
20119,0.1343556494390209
20120,0.2728759977670559
20126,0.11296409701731708
20127,0.1310755728685851
20133,0.13166074669583222
20138,0.12261368361797483
20141,0.13789030373668912
20145,0.16766933599665831
20146,0.06539889916578928
20148,0.14974093308496794
20150,0.1506661026358008
20151,0.14165680674377565
20152,0.1582782487164427
20156,0.11948642328058658
20158,0.14029855173175346
20160,0.1492642291151944
20161,0.06370807829125007
20162,0.14182766937004573
20164,0.1685043915144759
20167,0.12393955017930171
20169,0.15224452183599704
20170,0.1487917402101244
20171,0.13777386147748644
20172,0.058739167448274225
20174,0.11993404369468291
20175,0.1422491164288061
20178,0.13625665706747134
20181,0.1447022741476312
20184,0.05345466625397752
20187,0.25546505152762805
20189,0.13678695896959153
20190,0.14091756293684457
20191,0.1387331202886346
20192,0.15308198399833117
20193,0.14982004765836912
20197,0.24206503294035855
20198,0.11853689360201959
20199,0.12347385327678205
20201,0.13562230452678978
20202,0.10983735712138935
20203,0.14961792836491278
20204,0.13881767622822141
20205,0.15192300114627127
20208,0.05665051025253698
20210,0.14078547365733476
20211,0.13859513364448237
20212,0.14808022315556668
20213,0.15778931944804087
20214,0.15912272109148623
20217,0.12179599509612242
20218,0.14169493056188096
20220,0.14240788283252057
20221,0.11732090637593784
20225,0.13163230372158433
20226,0.1483646720037652
20229,0.13342730589745513
20234,0.15487516557710812
20238,0.14323427097935804
20241,0.06818041304919296
20242,0.1530084973209265
20243,0.17196388197961668
20245,0.15069168115754558
20248,0.16271529379332808
20250,0.13386546520911288
20251,0.22143326645159345
20252,0.12748800743951585
20255,0.0566787018305584
20256,0.13751011317149478
20259,0.055999451834076515
20260,0.062364598767282654
20261,0.132638349649846
20262,0.12721851475282253
20263,0.12059722167386712
20265,0.03428312920057863
20266,0.24146169646037088
20269,0.052584933896676976
20270,0.1470393119149505
20274,0.1121306451827979
20276,0.20368430804451845
20277,0.24392868600915232
20278,0.1195788345507069
20282,0.13808739781790935
20285,0.13312879077846804
20286,0.1819280790249197
20287,0.068199409118308
20288,0.23339930941073597
20291,0.21613733814176392
20292,0.062113039847785524
20293,0.14361239422249128
20296,0.15407529996438088
20300,0.13740172409122445
20302,0.13485907623140228
20303,0.1446600113172837
20305,0.16855779764051615
20306,0.15783068789587681
20309,0.1333545725590308
20314,0.22632279611898634
20315,0.12356526242892947
20316,0.13396775639761163
20317,0.12540113734720018
20318,0.14888742660957122
20319,0.11742921013009494
20320,0.17145541361203023
20323,0.15329011591423716
20324,0.060909597023468355
20325,0.06023976411905659
20326,0.05915549840176342
20327,0.12394863130381789
20330,0.12234041336146591
20331,0.14214841364995
20342,0.15536172958539562
20343,0.1321909753019895
20345,0.1458544794490544
20347,0.07183435275965815
20348,0.13615801146820086
20352,0.10649665085926696
20354,0.059575968748778886
20355,0.12696193217146656
20356,0.23827956158617228
20357,0.15310578324826307
20359,0.12672978642435417
20361,0.14272170075631385
20363,0.06036695648467404
20365,0.14833676511986102
20367,0.33338743928981956
20370,0.05661121295632474
20372,0.11055958070598747
20373,0.14289506590413803
20375,0.3507099991126938
20376,0.13669239916553608
20379,0.060534367475156586
20380,0.14344311267819207
20383,0.12474627629454478
20384,0.16492770581618799
20385,0.10890643506496524
20386,0.1293931243981005
20387,0.17730945945007237
20389,0.1379293873896783
20391,0.17390280416354043
20392,0.07413974114996534
20395,0.14223671732104648
20396,0.22885391533055122
20398,0.27931159493506
20401,0.13672890057435338
20403,0.13956098509782247
20404,0.14305192540047398
20406,0.23889327991811082
20407,0.15107558380223257
20409,0.14515892890749105
20411,0.12667026682116514
20412,0.15293514846475226
20418,0.14239177361318842
20419,0.14345758410500423
20420,0.05532715478941943
20423,0.14123957689818215
20430,0.17550694348022558
20432,0.1191443594888133
20433,0.374952120712474
20434,0.24420787009336184
20437,0.13835368625843117
20438,0.16069409605926072
20439,0.13234173249430484
20440,0.12460072523385
20442,0.1363583866842691
20444,0.24459746917949746
20446,0.12878214184403625
20449,0.1707847874931002
20452,0.12646784037318518
20454,0.13629305620748355
20455,0.14389612106550814
20456,0.13297562552141926
20458,0.14763990405012584
20462,0.14100168626617812
20464,0.15484099578302415
20465,0.12276885988928067
20467,0.14578888409957594
20468,0.051619242919671925
20472,0.17682736974740787
20473,0.06079397991832209
20475,0.13421246322245795
20477,0.13873919804001492
20482,0.13404858745690673
20483,0.2352645924649063
20486,0.22684706126709922
20487,0.15667862425154397
20490,0.13428920144238296
20491,0.12530342613538203
20494,0.06304804308465602
20495,0.14198367859867825
20496,0.12264328059389995
20497,0.13095995620236947
20498,0.21596727594188422
20499,0.14169078963645443
20507,0.10642597258197135
20508,0.14469749034319881
20509,0.07053282425378715
20510,0.1367659617191321
20511,0.14767082215392838
20512,0.056951247197368327
20513,0.15946438146193487
20517,0.14953604445017643
20518,0.24730022702214113
20522,0.15369577460497483
20525,0.14479247709913126
20526,0.12727605708981524
20531,0.20544323150472701
20534,0.17824324346167675
20536,0.13360522703326827
20540,0.1359343645488863
20544,0.15552762706685225
20546,0.15958307937699973
20548,0.05566277471881855
20549,0.13689285471473334
20550,0.05829455505091635
20551,0.11770366952693807
20552,0.13646497154093679
20553,0.12648145075958442
20555,0.20824577326474647
20559,0.17002457067787016
20560,0.13646434315533906
20561,0.2411849423865974
20562,0.13174445546660285
20563,0.14676607787184354
20565,0.1552639047064422
20567,0.13788250309767
20568,0.200616682769446
20569,0.14141813695600303
20572,0.13294430764232182
20580,0.16051409609574493
20582,0.1464226732946548
20584,0.26107171122885303
20585,0.15205703841650556
20588,0.04552988856694121
20591,0.14539964587674037
20596,0.12461967021147559
20597,0.06329068039456663
20600,0.14208930498740355
20602,0.1966664411031903
20606,0.0614560226305646
20609,0.14700955335292568
20610,0.17521922448448787
20611,0.14159978545570334
20613,0.1325929702599262
20616,0.2029765655371193
20619,0.035447439255782094
20622,0.15878922348410054
20627,0.1299512376094999
20630,0.14058573239326055
20631,0.0512109432974113
20637,0.11430995407096012
20641,0.24466615815653867
20643,0.24167155495263284
20645,0.14986701858271953
20647,0.11379428173701354
20650,0.1495757308562039
20651,0.1259588838224987
20653,0.17573470223422913
20654,0.15926665092337813
20655,0.05855905089980581
20656,0.16618031904696162
20657,0.13809391447038252
20659,0.0378086451173085
20661,0.06658195802050604
20662,0.061462398375237426
20663,0.1274271472088563
20666,0.14316365385704632
20667,0.1198627773213173
20668,0.1499942618451019
20669,0.23633504932010915
20673,0.0625151722915794
20675,0.14832092921007792
20676,0.17780305908823132
20677,0.1341662969275302
20681,0.12402452905265739
20684,0.12596316116573616
20686,0.1493672962716838
20687,0.1312707732750297
20689,0.1456833253947594
20690,0.16019189112155993
20691,0.14390732054613906
20692,0.13769218067320552
20694,0.12496325724048628
20695,0.17277636693431667
20696,0.0642197677250376
20698,0.13819785584350705
20700,0.16880559384639635
20703,0.14247598212710805
20704,0.3609612028957971
20705,0.13547326992946854
20706,0.11474638656462594
20707,0.14783476236968926
20710,0.2701964184305147
20711,0.12464281743681482
20712,0.07359066959554819
20713,0.1435576113316889
20714,0.1566563099371031
20715,0.13522006951664134
20716,0.16593138945019112
20722,0.1326335316797169
20724,0.18055493312225554
20726,0.23531969532991193
20728,0.1749731526497191
20729,0.23110330827293588
20730,0.14091944979209034
20734,0.1455210381968719
20735,0.054707053840193955
20736,0.13194652533497828
20737,0.12577434271779864
20738,0.14418664610847223
20742,0.2375439513504226
20743,0.04095401904563641
20744,0.12296444801756906
20745,0.14610465376250825
20746,0.15437350328655264
20751,0.1006037360114909
20754,0.15284977245278517
20756,0.22736012509619272
20758,0.13081404465698418
20759,0.14437060671467328
20760,0.1658373463847871
20761,0.21015910936615337
20762,0.11985647655145704
20763,0.0823836314984393
20764,0.12076433428710083
20767,0.23553444923055378
20769,0.08223017096095141
20770,0.15154707136312576
20773,0.1279099555471136
20775,0.32766384733971277
20776,0.1167945489590249
20777,0.22512620564731045
20778,0.06001758115833452
20782,0.1299197618900549
20783,0.12147873990479212
20784,0.12568230358759716
20786,0.09429422650902115
20787,0.13386132830201766
20788,0.12661355855127887
20789,0.04424010283498491
20790,0.06212564289376752
20791,0.1387880571451262
20800,0.24742499930166129
20801,0.13465963658243205
20804,0.14265570123111102
20807,0.1882241353658782
20809,0.06087373366372878
20810,0.3356266431110322
20812,0.3537078580359015
20814,0.13627647409727897
20815,0.14048527122859486
20818,0.032196362232591445
20819,0.1507976105782034
20820,0.1444897306312729
20821,0.15098805066921986
20823,0.1411324922495402
20826,0.16613148608376427
20827,0.2738870777301911
20828,0.14497951456529856
20829,0.11795320576063488
20830,0.16445690843560817
20831,0.12855329443260602
20833,0.1454297564747089
20835,0.06973755193993321
20836,0.12483583449690445
20837,0.16844858169388843
20838,0.13322037200975254
20841,0.14844218862790015
20842,0.1324510796388337
20843,0.13963846636781796
20844,0.12059087549541485
20845,0.13666179924732616
20849,0.21834360780955264
20850,0.1276977586439462
20851,0.14731258008321915
20852,0.1561859418840619
20853,0.17233883997526336
20854,0.13548537071377073
20855,0.1452683034837021
20857,0.061773897732638416
20859,0.14109915392528571
20861,0.13477494184409747
20863,0.1728532061101812
20864,0.26228945447272767
20865,0.11608357395979951
20866,0.07208965234282215
20867,0.22582494175256193
20868,0.22170884975755814
20869,0.15663223764089165
20872,0.1629569745844
20874,0.05460050520214693
20875,0.1525262806814802
20876,0.1309125771645885
20878,0.16649952468779589
20879,0.15350124543595747
20880,0.06193378840527904
20882,0.23604531228064207
20883,0.21845279193709022
20885,0.03462917704527072
20886,0.14489742877181513
20887,0.061560386204475015
20888,0.1461808317550342
20889,0.13067349965779004
20891,0.12866448484475576
20892,0.1528455809639969
20893,0.1504677521409924
20896,0.13905788268985173
20897,0.03512867710038389
20899,0.1449564985614024
20900,0.24138525180395332
20901,0.14265859144307638
20902,0.15016343967463938
20903,0.12506710228173404
20905,0.12670374930513081
20906,0.21844953563953498
20911,0.14144836538481634
20912,0.16527719404060118
20913,0.15561860068420827
20915,0.12521336095297583
20916,0.17166679832987128
20917,0.3501663755817674
20921,0.12608183450736019
20924,0.11845952259401983
20925,0.14600815168463835
20926,0.1438353116206639
20930,0.1480935324768545
20932,0.14587085992168022
20933,0.13928536508484302
20935,0.15969265311747055
20937,0.09266496138191939
20940,0.16554589381065077
20941,0.05425271956128127
20943,0.12669208391700734
20944,0.06111473936146628
20946,0.08145157352665848
20947,0.14223305634569128
20949,0.14225604724619448
20950,0.11422160505647756
20955,0.12524368759336102
20957,0.14723811937621073
20958,0.15161457469716194
20960,0.15645119304933233
20965,0.22674047905969
20973,0.24117818971189195
20975,0.12246993963520285
20976,0.16733002917637183
20984,0.15569884426295155
20985,0.14208215660608262
20991,0.2649699774843465
20994,0.04224562015657383
20997,0.14633981036351787
20998,0.14049180706934183
21003,0.13919677852561071
21004,0.16316801103720413
21006,0.09698878455845787
21008,0.12573620520416842
21009,0.06108787110045106
21010,0.14170109775369122
21013,0.24065969455366323
21014,0.1792581422372458
21016,0.1407505387438633
21017,0.13762057713349177
21021,0.05141245403382488
21023,0.1325279919304525
21024,0.14139145793303126
21025,0.11852530177842695
21027,0.16651100904868985
21029,0.07138859472835078
21030,0.07116010902041632
21031,0.05619404868021415
21032,0.16636155501656466
21033,0.15992768817150096
21034,0.21754068954191144
21035,0.0566042449162775
21038,0.14036654614065544
21039,0.11590514302323851
21042,0.15397098582609314
21046,0.14023714795626077
21047,0.14450434856055921
21050,0.059722708548558434
21051,0.22409430895620172
21052,0.14457177527416987
21054,0.04858632421807981
21056,0.16043596119943687
21057,0.13701905445893056
21058,0.1391796177100785
21059,0.12165705732248107
21060,0.06142691999058667
21063,0.04056712331890097
21066,0.06304444466696432
21074,0.1541760224084369
21076,0.15648947139582864
21077,0.1487578408325397
21078,0.11979763003831186
21080,0.1338568110813142
21084,0.03232151069734778
21090,0.2178026342572408
21093,0.121263871144072
21094,0.1318421384282902
21095,0.2080982931437383
21096,0.15194305376852676
21097,0.20301695925944582
21098,0.06449526196227168
21099,0.14545347313861265
21102,0.15381960829944835
21103,0.15161041653022297
21104,0.13156788665993432
21105,0.14244031496323803
21106,0.21323674877057072
21107,0.18836247532546613
21108,0.15053518849590655
21109,0.057420000354710544
21114,0.05344372584232757
21119,0.13071318085070652
21120,0.12187059443551788
21121,0.14071768222883682
21125,0.16413966050749362
21128,0.14889874776428022
21129,0.06543476406859793
21130,0.14220785961101243
21131,0.1413253698590183
21133,0.22206231438996923
21134,0.14187941049715583
21135,0.1315219289260583
21137,0.11273658280091758
21138,0.12932246256118693
21139,0.05626786768896338
21140,0.13578406021848732
21141,0.126437591482082
21142,0.1455799504808164
21143,0.16006307442903503
21144,0.11367310819804559
21146,0.08541982607252736
21147,0.16258012752196807
21149,0.13332034414528995
21150,0.15870949058658324
21152,0.23326507066512
21153,0.15217175648650147
21155,0.06573190742108893
21158,0.11754163982526472
21159,0.1462571092631101
21161,0.16463301597210786
21162,0.1287793989514435
21163,0.13832443693239446
21166,0.1455824739999757
21167,0.17091942283040396
21173,0.1201656382158206
21174,0.15531696260014152
21177,0.15759578017579046
21178,0.14337752746372392
21180,0.22877340866481355
21181,0.06041833382936667
21182,0.05627795505288306
21183,0.14981776576924996
21184,0.1411447742646987
21186,0.12644102145881975
21187,0.2016205254428449
21188,0.13608395496376524
21189,0.1534181056475495
21192,0.14960014409005173
21193,0.16701302857312608
21196,0.044430710302972465
21198,0.15476939588992533
21199,0.13649695493483008
21200,0.16311100554595817
21204,0.1578420770507878
21206,0.14627566823495194
21207,0.12900688363580173
21208,0.1648796264778831
21210,0.13613513754872006
21211,0.05248059196579072
21212,0.12465246960202592
21213,0.11150642028084923
21214,0.14142950354684478
21216,0.21761737848321017
21217,0.06348921157757738
21218,0.1552118115601412
21219,0.22506686377422205
21220,0.13160038155941034
21223,0.2506734327296893
21224,0.170685737943046
21226,0.2698559539862132
21227,0.12449080743751112
21229,0.03396247212305978
21231,0.16140802918893202
21232,0.16308630760768322
21233,0.12772742158291453
21237,0.1193638276663606
21240,0.13475893029014824
21245,0.22992754855145134
21246,0.15756093144140437
21248,0.16247020593482062
21251,0.1257036187359672
21252,0.13066905043139201
21254,0.12636608486789105
21256,0.14373602256729626
21257,0.14985647857749215
21258,0.18518111466136192
21259,0.23516302280778612
21260,0.15616514034385295
21262,0.13167011297597245
21263,0.1921444652539672
21264,0.17313766406295775
21265,0.1449213433259413
21268,0.058999276690703574
21269,0.033248714026634964
21271,0.24828020077068258
21272,0.21407953872927762
21274,0.15890871215497646
21276,0.1215650734472276
21279,0.13947205173307337
21281,0.1205331809716102
21283,0.21426964393663772
21285,0.09745259941030776
21288,0.13601867199860074
21289,0.19821537321528793
21291,0.1323778962273803
21292,0.058053901673001125
21294,0.1747422117292675
21296,0.1446886153924838
21299,0.13587736239709244
21300,0.14324222356978186
21304,0.03876205725038906
21306,0.06679543504818512
21307,0.13387643860811974
21309,0.15105002229412878
21312,0.13659500462579588
21314,0.14846489449804326
21315,0.33474994075836567
21316,0.1291622900961632
21317,0.12904117870757523
21318,0.08234697468652158
21319,0.16186899113298733
21320,0.13978062768885735
21321,0.13703339063218226
21322,0.2147856094608707
21323,0.17789545403865561
21324,0.12023578092158736
21326,0.26148431688709395
21327,0.14027638520618338
21328,0.1649964891376654
21330,0.11106352521803446
21331,0.13986312908557832
21332,0.2313657931739647
21333,0.1430923546238174
21334,0.1483092192622393
21339,0.06327731052662215
21340,0.03552385246623193
21342,0.05545086070707695
21344,0.16409138594921371
21345,0.2384603050890024
21346,0.2507070305502626
21347,0.06528747832713087
21348,0.05020471698241027
21349,0.13517127722581287
21350,0.14961549454646852
21352,0.05656177910915111
21355,0.062309126644923996
21359,0.19012791628445114
21361,0.13432414267609247
21362,0.13702292332190955
21364,0.13292217708974238
21366,0.10041604052139086
21367,0.1494341874533288
21368,0.13585645584428652
21374,0.20913598494353888
21379,0.12423437561050445
21380,0.07106966096812167
21382,0.12421335398846857
21383,0.10289471642919427
21385,0.15004530378533945
21388,0.16349276753381944
21391,0.16688721248567517
21393,0.1427659565223931
21394,0.21975952986860026
21395,0.12621191075517474
21398,0.14822143590781922
21399,0.057690318899243614
21400,0.16970272374871367
21401,0.14031409630990513
21402,0.22127553563482336
21403,0.23075937308934188
21404,0.05681815415948426
21406,0.13639780074333052
21409,0.12258555597533137
21410,0.14735073815917785
21412,0.15207595887874503
21413,0.11664533158580863
21414,0.15566228994296952
21415,0.15946504741445475
21417,0.049294314080237094
21418,0.14436757417190713
21419,0.1218172790626753
21420,0.13404371144917585
21421,0.23561746734730896
21422,0.12547820870926335
21423,0.061315090771791925
21426,0.18582671744164883
21429,0.05389771065392455
21432,0.14545121301862252
21433,0.13891930194907912
21434,0.13463507315810333
21435,0.15991630806015977
21436,0.05398273683504027
21437,0.2006861945916527
21438,0.13447609504913738
21443,0.17011546075972206
21445,0.1467176632683749
21446,0.1204632887924078
21448,0.17426471923907996
21450,0.055695338867623484
21451,0.1427371068084852
21452,0.14080199312595634
21453,0.1463509522508583
21455,0.16733791370352682
21456,0.15887007641980044
21458,0.051530136650391724
21459,0.15825652785570488
21463,0.14383583872971534
21464,0.3796031798135046
21466,0.04536241382192738
21468,0.13371537358477434
21470,0.1118636939669209
21473,0.16273422400520535
21474,0.13965865432650093
21476,0.13973592216470676
21478,0.09308130012047888
21479,0.14480913195362147
21482,0.12502408053331165
21486,0.1198137424622373
21487,0.13751473730019995
21488,0.12114048174911514
21489,0.06341328735541336
21490,0.14260244257903362
21492,0.2547936103251225
21493,0.2601173692431991
21495,0.16388889295958023
21499,0.14585604363249258
21500,0.12390121436463775
21503,0.14548143932901586
21504,0.16421513115763278
21511,0.053490258371810845
21513,0.15396598332580902
21514,0.03571101132153285
21515,0.2504123104587039
21516,0.1320426095348244
21517,0.039096819143358476
21519,0.13491977766535942
21521,0.13574535249464278
21522,0.26960947781134376
21525,0.0688093999029792
21526,0.2051343219429781
21527,0.13962147299892771
21529,0.14977898157922734
21530,0.1072103348482184
21531,0.26575287703028744
21532,0.2082393046994323
21533,0.12070737987618245
21534,0.17552091349609236
21538,0.082718036305882
21540,0.13425997022953792
21542,0.13003248377094564
21544,0.15287897343675436
21545,0.06326159939702916
21547,0.13568900833667913
21548,0.14023962625095737
21551,0.11683601790565258
21552,0.16352636533915957
21556,0.11281587617130333
21557,0.12610904501608136
21558,0.12626799736361224
21559,0.21732172459543522
21560,0.10645016675622977
21563,0.06148606998220096
21567,0.15667015729216824
21568,0.13820099991100707
21570,0.06937375599278241
21575,0.1369453075772862
21576,0.35195058331207263
21577,0.05381526706584585
21579,0.12669008113440516
21580,0.05483794396455132
21581,0.13215992699102494
21582,0.1223733376718591
21586,0.15647298043956115
21588,0.13969062960655662
21589,0.14142626752530943
21590,0.12342197323980876
21592,0.14997211935103397
21593,0.16121291731383589
21594,0.17610340100231844
21595,0.07004440403483563
21596,0.14303080690182376
21597,0.13112573049527884
21599,0.14821053160587877
21600,0.0612812796289716
21604,0.056610720940128485
21605,0.13844128493716706
21606,0.3269006157285423
21607,0.15373436237219504
21608,0.1572164596529654
21611,0.060646173084321055
21612,0.2404561574736326
21613,0.16144956104466482
21614,0.15611006407833924
21617,0.14350586780171984
21618,0.13118846633920178
21621,0.14357242651567795
21623,0.15785305333667024
21624,0.12400558709671894
21625,0.36926956104661973
21626,0.13958302331857467
21634,0.13530622882299911
21636,0.14401631465301845
21638,0.15065614730685503
21641,0.1337609627674457
21643,0.1557487272225079
21645,0.0581486048142868
21646,0.05906153821987248
21649,0.1479161074584497
21650,0.138054240970362
21651,0.060842806667223144
21652,0.13607328871126298
21653,0.14979543566043857
21654,0.16308179084549454
21659,0.1239102458085144
21660,0.030876830371260263
21661,0.12203025574777661
21664,0.14330607287658018
21665,0.1238263205694758
21666,0.380374439173711
21669,0.1458156488750231
21671,0.13370351736860978
21673,0.22173204425823964
21675,0.14522899417371735
21676,0.12822816195011139
21677,0.12168705665879725
21678,0.19902764052696062
21680,0.14366247279189603
21681,0.1481840325058016
21683,0.12118605364443213
21684,0.1226130711019975
21685,0.05457766134208968
21686,0.1458407208500904
21688,0.1458388615030321
21689,0.15984933995317638
21690,0.15498242442594123
21692,0.15356372565016216
21693,0.14267554137400126
21694,0.05742395704705566
21695,0.11993071705342247
21696,0.12588807487115292
21697,0.13952476537490968
21698,0.21342782462584464
21699,0.12808582398050275
21705,0.14026859944416153
21709,0.15070158160297753
21710,0.1689050820219713
21711,0.2653288564934036
21714,0.14516764626696163
21715,0.17814951926150982
21716,0.14255480091406156
21719,0.2260099075804316
21721,0.16942235958399507
21723,0.18607526320770587
21727,0.23756528612568073
21728,0.12351696534305706
21729,0.13781773001187234
21730,0.05545238986336456
21731,0.17366626689850992
21732,0.07577879084275797
21733,0.13489996477150534
21734,0.15431303270048843
21736,0.1368835881388592
21737,0.13824944845190798
21738,0.17252239631158586
21739,0.18413681948177738
21741,0.16555184716091823
21742,0.16788428148300058
21745,0.2191754488238614
21746,0.056294756708052056
21747,0.1466299698299988
21750,0.09787840185962089
21751,0.10820178673876203
21754,0.1359447967653157
21756,0.16119885966941097
21757,0.14946377445531467
21758,0.14287470213398726
21760,0.11936019391285986
21765,0.1393699920721315
21767,0.12285846481272367
21768,0.12729766472600088
21769,0.158781263356479
21770,0.12436658424589764
21771,0.1242041217257429
21772,0.17689820237144993
21773,0.1392090819900523
21774,0.16027807047655507
21775,0.12869890669903622
21780,0.1412885026962464
21781,0.14273521754590815
21782,0.1573726280806069
21790,0.14116980147902455
21791,0.15332034510748918
21792,0.14403271864631537
21793,0.21799512716605365
21794,0.0892665587910123
21796,0.053429707988742886
21798,0.1676392587488631
21799,0.12704698460446454
21800,0.14054143812089695
21802,0.1463007321857153
21803,0.13995943856805038
21804,0.1529914408060372
21805,0.12537947545303707
21806,0.1547337474774181
21807,0.213409661781677
21808,0.15532389026920865
21812,0.12156052896685203
21813,0.039627546436400735
21816,0.1660220694060278
21817,0.1220135534935225
21819,0.14171761871228652
21821,0.05332872096646279
21823,0.15459563876053428
21826,0.14453360041660446
21827,0.12267095942932409
21828,0.146460498361623
21829,0.11584220185123283
21831,0.15045733643176848
21833,0.13496535728603665
21836,0.22613003143777208
21837,0.1772559308380298
21838,0.14180155753796087
21839,0.1608202166029061
21840,0.12264711950170333
21844,0.15658982615816205
21846,0.13902051551386982
21847,0.1499093870663263
21848,0.2168635432880742
21851,0.15576390479579313
21852,0.14940228739192832
21853,0.181058637685932
21855,0.11505233699438029
21856,0.227700125167051
21859,0.16195103176968684
21862,0.09320040294843475
21864,0.07037805126475445
21866,0.23818723544249876
21867,0.14211499732929397
21868,0.14657694543400626
21869,0.13121449745146785
21870,0.12656958661918924
21871,0.17789289282417461
21872,0.05813596377614094
21873,0.21203355863878803
21874,0.11837749652930683
21876,0.1301963173572731
21877,0.21789854523959706
21879,0.17092523657285338
21882,0.232544518157342
21885,0.1390456290840435
21886,0.11720110242388009
21887,0.13845213934627085
21888,0.15934764660008358
21889,0.14243532609610493
21890,0.15165304775713548
21893,0.14474825300625352
21894,0.13847926269321584
21895,0.12226944458903426
21896,0.21318003627575202
21899,0.23661524925455982
21900,0.14729806947453872
21901,0.13162551470177228
21903,0.1370126054725772
21905,0.15458761777131982
21906,0.21160903640357198
21908,0.08801713119343578
21910,0.1586115339885956
21911,0.12256071290139214
21913,0.15255351114512064
21914,0.12408552617004294
21916,0.12609009467005197
21918,0.055231490623290976
21919,0.11487972316623961
21921,0.1594036304005508
21923,0.12928496764402556
21925,0.06227988451526421
21926,0.17264848270001673
21927,0.14789901580170958
21928,0.12601733268239204
21930,0.15187686947219933
21931,0.13156187586230786
21934,0.14370833042685513
21935,0.13707639169638244
21936,0.36171069623514457
21937,0.12734197150965954
21938,0.2455663709351743
21939,0.35187387672176945
21941,0.11522463190598041
21942,0.15136029573003515
21945,0.15906051955688547
21946,0.11740456509162067
21947,0.16542436191601734
21948,0.1474927339047086
21952,0.062075119278369915
21953,0.17044882298818478
21957,0.15718850652717045
21958,0.05123485494586271
21959,0.13740587219913236
21961,0.12516221024868954
21962,0.1552719059538655
21963,0.062454804729866836
21964,0.14789142484925732
21967,0.15645736919586462
21969,0.05986852008443827
21970,0.13494894871490556
21971,0.052110242546775994
21973,0.1779407157398615
21974,0.1267242185960533
21980,0.11991588176524758
21981,0.06265788127349955
21983,0.12212743448613493
21984,0.12040916039602023
21985,0.13416586213744566
21986,0.1493516784636967
21990,0.15822221338958162
21991,0.12854290502226057
21992,0.12312830977319965
21994,0.16352755425879154
21995,0.11108252262687783
21996,0.061604702801862914
21997,0.1389378873799826
21998,0.16595816127369672
21999,0.1341011625495074
22002,0.056292774084609275
22004,0.13569655747224862
22005,0.26633563384809267
22007,0.14449302562343638
22008,0.14298703479358935
22009,0.12230819122450287
22012,0.3353094265947472
22013,0.1348966518119176
22015,0.06360150073075309
22016,0.12258320817516688
22017,0.06301375997095372
22019,0.22158348432731637
22020,0.1613229404355784
22021,0.031711260841332085
22022,0.130693028130783
22023,0.14871269323913058
22025,0.1793500529058909
22027,0.17152604401868396
22028,0.057345493018383216
22033,0.14119084292062078
22034,0.19505015511354915
22035,0.1475401806363846
22036,0.13488648425160318
22038,0.04799333973261668
22039,0.15709118712084302
22042,0.21579275438568055
22044,0.12408116404609776
22045,0.13663994419972167
22048,0.23775636000720088
22049,0.135253568240289
22051,0.13131378832022264
22052,0.06486960979455197
22053,0.15233589259448285
22054,0.1656240567880233
22055,0.1263293112171469
22056,0.1519803432536829
22058,0.22674978877819588
22059,0.14044446592660356
22061,0.06500498432683856
22062,0.1350506969276054
22065,0.13834158401337152
22066,0.13193999609643456
22068,0.19394104217743527
22069,0.1516534883140915
22074,0.16723376372344503
22076,0.1529806175889956
22077,0.12400302340009269
22078,0.1512991069634918
22079,0.238683286484628
22080,0.1637064992565904
22082,0.05373643444914281
22084,0.14553219134162146
22085,0.1539590537416253
22086,0.14824617031153478
22090,0.22097115494671113
22091,0.16016602128978974
22093,0.13757572617983652
22095,0.05454846322962085
22098,0.12831378147053507
22099,0.0594896216759728
22100,0.09552046288097367
22101,0.1734637735743315
22102,0.3860707389072085
22103,0.11098351405566366
22106,0.15370746715488304
22107,0.14764121090240656
22111,0.14714493186875746
22112,0.20493479140947457
22116,0.06862990921112061
22121,0.20024376091210624
22123,0.05535763953956225
22124,0.06456060467956803
22125,0.1210941749836082
22126,0.16299999276539848
22127,0.09250174849899008
22130,0.1390742751092728
22131,0.19004630179224788
22132,0.06566609244192069
22134,0.24589267979461849
22135,0.1602345724569831
22136,0.23542733620789025
22137,0.14285742477122843
22141,0.17477429572626776
22143,0.14802640911685605
22146,0.13532266828519027
22147,0.13267123142419418
22148,0.24101856055768356
22149,0.1364068552529796
22151,0.15474580633829693
22152,0.14415437917924254
22153,0.14164278101844152
22154,0.1411138040573976
22156,0.17626902787606102
22158,0.12117501437405981
22159,0.16468721548256524
22160,0.1574009180846693
22161,0.1437481668957304
22163,0.08918133981063243
22164,0.21186714303330748
22166,0.1458178276732617
22167,0.062148785571400335
22168,0.26315769102411074
22169,0.17953874270774706
22172,0.1675864414577417
22175,0.13560608869118818
22176,0.05942281632800472
22177,0.11743690478796642
22178,0.2767083507447236
22181,0.15173127801713646
22182,0.13030116666334565
22183,0.053280608459499355
22184,0.13845595430430438
22186,0.348340682005377
22187,0.1573373847831906
22190,0.17535685918233415
22193,0.12902806139536352
22194,0.1349710396524896
22195,0.1696875041697913
22196,0.05325597650849773
22197,0.21846655249495883
22198,0.053376901237309
22199,0.18719953257452462
22200,0.15430586915178174
22202,0.23456524993470876
22203,0.13756019002548395
22204,0.146029265801035
22205,0.12484050614159141
22206,0.1440618859650056
22208,0.14239791286768125
22210,0.12182860409300961
22212,0.23537673701066408
22214,0.13317794539372685
22216,0.16053154876555442
22219,0.16756745239889428
22222,0.16093089428061003
22223,0.2566392739965382
22224,0.14368749569687114
22225,0.1551688636689386
22226,0.057345719899099944
22227,0.23624448949153473
22229,0.12787384442974128
22231,0.14769602158910708
22233,0.15934604568845082
22234,0.25080991488364285
22235,0.13539576210729276
22236,0.1543254284435843
22237,0.14925615645174692
22240,0.11020950237443224
22241,0.17160596268066075
22242,0.14472188068300243
22243,0.1361983103545085
22245,0.1446233497340733
22248,0.1731284745350732
22249,0.13633445285340787
22250,0.16916585236375162
22251,0.1454265704276564
22252,0.056373629596667356
22253,0.14436890816286055
22254,0.11756892422497565
22255,0.1601286348728224
22257,0.11317593312090206
22260,0.14573792290012122
22262,0.15974644805969998
22263,0.15445993125760754
22264,0.14823494415766866
22265,0.14904854537092602
22267,0.347546470489468
22268,0.1846593913700778
22269,0.22562636842640382
22271,0.057618641603784125
22272,0.15606128422548363
22273,0.1419542133144853
22274,0.1828265420656572
22275,0.07431070748774933
22277,0.3892173160708284
22282,0.14373846923861125
22283,0.07164321387319182
22284,0.0548725292840545
22286,0.17555467370284364
22287,0.05351529098687452
22288,0.13731309037973868
22289,0.15519315084528867
22290,0.11374175859539602
22291,0.13057013893545744
22292,0.05673485632806593
22293,0.15064037005665087
22295,0.14435243456209645
22296,0.156761379181337
22297,0.1545667117465074
22298,0.14127517870677117
22299,0.1254060132596163
22300,0.207588937971109
22302,0.21216702963997788
22303,0.20830229695216096
22305,0.11931834784021522
22306,0.16154374392001306
22307,0.225558406741355
22308,0.12670388233433813
22309,0.16055540546685462
22312,0.2600903671731128
22313,0.1213981524842499
22314,0.17281189015222945
22315,0.1305817448750698
22316,0.24360035995954307
22317,0.05473470246968332
22318,0.1717477397181187
22319,0.24676619146545634
22320,0.16145976684508698
22322,0.17453613717341118
22323,0.23812541505480078
22324,0.14968063010512841
22328,0.14876847413464633
22329,0.13425223699125205
22330,0.13519447706099233
22331,0.1658844388461355
22332,0.13337664276489022
22333,0.05573688907966414
22334,0.14776978440998947
22335,0.15840861051180313
22336,0.1890274452782742
22338,0.23983737621747026
22339,0.1351179116021325
22341,0.13418696579353775
22342,0.14592104279004578
22343,0.16360536745229223
22344,0.06891696836920952
22345,0.16931761086294828
22346,0.08219973470824321
22350,0.13979345238110746
22351,0.132288124208512
22353,0.13480274689725988
22354,0.17524866909663453
22355,0.13304191946267277
22358,0.1425096985508807
22362,0.15732393627397745
22365,0.151665402227697
22366,0.16706562427201044
22368,0.12082839792880569
22369,0.12701457262206953
22370,0.056812079800232035
22371,0.10952071790990535
22372,0.22853109534091157
22373,0.12962847504936525
22374,0.11950305217111223
22375,0.14049788448656764
22376,0.17265227950503104
22377,0.14350888341073567
22378,0.1446073236586004
22379,0.16491406943557518
22382,0.13626603786391542
22386,0.1316667496889006
22387,0.2236312400368273
22388,0.12506228496524324
22390,0.14446622057168512
22391,0.12382628696108522
22392,0.11140799266714307
22393,0.33139014996099575
22394,0.17739371937333234
22395,0.16568159421388406
22397,0.16480626148087626
22399,0.1830388381259087
22401,0.1445926177307905
22402,0.1629992940013323
22403,0.1440745239457481
22405,0.20592856072702295
22406,0.1372134116248501
22407,0.19765787490580902
22408,0.15706710733149218
22409,0.057277950324442696
22410,0.12732374657058357
22411,0.2920458091630629
22413,0.17112404539143092
22415,0.1506728316948405
22416,0.1662542060317537
22419,0.18336815788214053
22422,0.16377592716809722
22424,0.1576464422580269
22425,0.25188719616009697
22426,0.1329063832837937
22427,0.16509191379500476
22428,0.1438053284028961
22429,0.17252408927658583
22430,0.1146416762629086
22431,0.14181156982272922
22432,0.1289827538155652
22433,0.0586138747639765
22436,0.11251913209693176
22437,0.13737115533831734
22438,0.14091868019835593
22439,0.12697861200049496
22440,0.15886930126760798
22441,0.12091954356933843
22442,0.12479030155584676
22443,0.14482887554919388
22444,0.12266388891286713
22446,0.05127357936235286
22447,0.14565307299045205
22448,0.15971069803830595
22449,0.13605327692879035
22450,0.15047734310811767
22451,0.1438635518250583
22452,0.21991535618947414
22454,0.0559526330112422
22455,0.3950209036197056
22457,0.13779841254383926
22459,0.12449682820219769
22460,0.1436741927233388
22461,0.1332039524023528
22462,0.16962264800715796
22464,0.1396065830265021
22465,0.14355033971749723
22466,0.2196148422312193
22470,0.22544563071617238
22474,0.17718763142262695
22476,0.12281198598161247
22477,0.15037613202200864
22479,0.16326404294062627
22480,0.27355293638419653
22482,0.1372334757499576
22485,0.12708281854358597
22486,0.16222755141294443
22487,0.12093441759313117
22488,0.06786999784662173
22489,0.12425662741631688
22492,0.14177593264559998
22493,0.16995439413139782
22495,0.15403909183082928
22497,0.16014132037516293
22499,0.13348006109729324
22500,0.12161167526221713
22502,0.1550001426904574
22507,0.14065945672463775
22508,0.05011586191585893
22510,0.11878174971252209
22512,0.15160854356394135
22513,0.12655955590369453
22515,0.14734330476422183
22518,0.1478514802729305
22519,0.14134053423892434
22520,0.1401710442434854
22521,0.0839800800984583
22523,0.1770942300746554
22524,0.3751348237969201
22525,0.15748896654922487
22526,0.2467968233448025
22527,0.1306193693394667
22528,0.1301732266238876
22529,0.09570339213280092
22530,0.19830827483479765
22531,0.13658382731454455
22533,0.1523610721149363
22538,0.12815860301620483
22540,0.05142100953026505
22542,0.14084078639614622
22544,0.14778403684444655
22546,0.07765942258478481
22547,0.2523861263018619
22549,0.12823620013856615
22550,0.3183308001930663
22551,0.2725040353873798
22552,0.14960645735774944
22553,0.033501484656106695
22554,0.22430368814893595
22558,0.061225481388154625
22560,0.1167517365356533
22561,0.19119375458110613
22562,0.1915364228810916
22563,0.25367721710865715
22564,0.21833782835662685
22565,0.15190357597696857
22566,0.13300142619484626
22567,0.1433195115625329
22570,0.12659435900478286
22573,0.1711910167380463
22577,0.17188619923173434
22580,0.1453948354999858
22581,0.15651407575677437
22583,0.20918837392898507
22584,0.1691372154958418
22585,0.10976063066365109
22587,0.10836357931273721
22588,0.1312468488557202
22591,0.2411292716199418
22592,0.19589307102326936
22593,0.1676835206588343
22595,0.2108920576964265
22596,0.2412308042721104
22597,0.1552519900169237
22598,0.15512334232730926
22599,0.057083393935097204
22600,0.14730751856104699
22601,0.1427054632956072
22602,0.17453362814210716
22603,0.21520843909332135
22604,0.23391746298828928
22605,0.13780190923075133
22606,0.07215742849510522
22607,0.1416979196512005
22608,0.13359169687556022
22609,0.13338016443099507
22610,0.1684193698282109
22611,0.1547008952776925
22612,0.14359658849679643
22613,0.2581114979730941
22614,0.22676840653999428
22615,0.06795744937648962
22618,0.13905975876558743
22621,0.13655454644762352
22622,0.12498826351269154
22624,0.14539759151822487
22626,0.16759210557458717
22627,0.14242483555651161
22628,0.12044478010205628
22629,0.14499688042727887
22630,0.1395097489427456
22631,0.11351194300599288
22633,0.13696521973541317
22634,0.13319343655336693
22635,0.14592219797920805
22637,0.11817656776496056
22639,0.17143540287525463
22641,0.13204612101841848
22642,0.18256612358558102
22643,0.15408898199297397
22644,0.3799884988644182
22646,0.13297532794445602
22647,0.23864285013527317
22648,0.1456853250167441
22650,0.23840571869543856
22652,0.12417172766638852
22653,0.13955993046182522
22655,0.24658723381708333
22657,0.031719233111071665
22658,0.15175420878219667
22662,0.14450547555285995
22663,0.13090975779888422
22664,0.22596115176527887
22665,0.16066502596357515
22666,0.24091432571596205
22668,0.15429304044877779
22669,0.15986090381608267
22670,0.175547592792497
22671,0.16443865633207386
22672,0.10071157893790451
22673,0.06680085105193762
22676,0.13220587700214328
22678,0.15739666606062977
22682,0.15635454290691994
22683,0.14136337159198523
22684,0.1296451783406539
22685,0.1322916820466131
22686,0.15956335156948773
22687,0.2297426161250915
22688,0.1234199066077034
22690,0.15357562979845107
22691,0.13992902660830311
22692,0.14904432603988116
22694,0.15276088737783525
22695,0.15430228702189672
22696,0.05333895675943965
22697,0.2716192239542539
22699,0.2363807015376359
22702,0.27185226781143235
22704,0.08827252719972427
22705,0.16117509356673773
22706,0.1802354324627853
22709,0.053703226199200066
22711,0.22696663670724596
22712,0.1444082415339574
22714,0.15510779048201273
22715,0.13880203088231355
22716,0.12716931808585383
22717,0.20770195053581905
22718,0.05823335514888323
22720,0.34525238595523655
22721,0.06996221148562004
22724,0.14617428936977717
22725,0.14924432713215144
22726,0.27553140943623183
22728,0.12362559478864853
22729,0.08084658918132583
22730,0.1629329782932132
22732,0.18032002439760472
22733,0.2270608737111702
22734,0.14660671601289202
22735,0.3465732594590402
22736,0.13500328348601662
22737,0.13704924642655053
22738,0.036705921376958085
22739,0.26064508127965896
22740,0.2570367869357697
22742,0.14030529449124987
22743,0.17702216547754598
22745,0.14018580099833913
22746,0.04247442261504516
22748,0.3758699430459526
22749,0.19374863958792696
22751,0.09087694411838819
22752,0.15209128675646996
22753,0.35034389349359474
22756,0.1309882718650652
22757,0.05070763379202512
22758,0.20758094304993943
22759,0.14564209300779166
22762,0.12816124645196492
22763,0.23373567435964707
22764,0.154503725089576
22766,0.06669350278838077
22768,0.060767384937391124
22769,0.1213982072864613
22770,0.12374727913817868
22772,0.2444338127020257
22773,0.12851094561009885
22775,0.1504346060845935
22776,0.20531677924649516
22777,0.12501887926681912
22779,0.0642906417234723
22780,0.16329837626283733
22781,0.38619652777073216
22783,0.19450357040823052
22784,0.15419474684506548
22786,0.17430982712111706
22789,0.13161637070152085
22791,0.06312527918643802
22793,0.16694544920618448
22794,0.13942850970987344
22795,0.06854242712916232
22796,0.06750381221198856
22798,0.16257694344790652
22800,0.1461413179330169
22801,0.15885639092122514
22802,0.18560276759676808
22804,0.07075628380345646
22808,0.12621703991271618
22810,0.3412475786898688
22811,0.1371920126960681
22812,0.05285918718129792
22813,0.14159353320959386
22814,0.15461234106525854
22816,0.1297505079896146
22818,0.1435551191891042
22820,0.23771399687485836
22821,0.060162277049880225
22823,0.15026898103495875
22824,0.14552963352955714
22825,0.12750572874286967
22826,0.2515606936097418
22828,0.138627988208795
22829,0.22462531509334224
22830,0.1984607730565157
22831,0.16274480045652948
22832,0.14618013089017487
22833,0.056981132806190604
22836,0.1522303364066252
22839,0.11350920024218103
22840,0.06973138169943219
22841,0.13903739242398583
22842,0.12475067907817312
22845,0.1997537674854929
22846,0.12193705945110084
22847,0.15059368452661717
22848,0.14174713486120727
22851,0.13997908223859923
22853,0.11831183155805713
22855,0.13233805717701255
22859,0.13686800709293676
22860,0.36104244649216816
22861,0.1187961131150862
22862,0.21180064562914155
22864,0.13750193328923968
22865,0.03684359204057556
22870,0.154067316427772
22871,0.1557005353536058
22873,0.1316288014588434
22874,0.15984470217620825
22875,0.13663115549837365
22876,0.15631385310064944
22877,0.35710196652256926
22878,0.13280940317987608
22879,0.35405491789595495
22880,0.15090856808024997
22882,0.13395774088295584
22883,0.28430167501386633
22884,0.14494337066403193
22886,0.03924865957222857
22887,0.13292671129888936
22888,0.14689622863351418
22889,0.16785134261004817
22890,0.2142878264020204
22891,0.042049976973521884
22894,0.16502070164316404
22897,0.1662098986689227
22898,0.23063846854104852
22899,0.05464731992012221
22900,0.05370102020084531
22901,0.12112637094913681
22904,0.1294972482185369
22905,0.16644437792624886
22906,0.1850500863451401
22907,0.18220455934406257
22908,0.14332398792204004
22909,0.06454636616854958
22910,0.15632956439416598
22911,0.15237837161420498
22913,0.15634926612526748
22915,0.1491849360217042
22918,0.11596587635452621
22919,0.243032667885973
22921,0.26448858640997713
22922,0.06043302305324557
22923,0.13838368990766683
22925,0.16305969875270382
22926,0.10603792425257241
22927,0.15679862890267743
22928,0.13535489395397796
22929,0.2073152612226574
22930,0.11203484343428788
22933,0.14827911313032893
22934,0.16662365796246617
22935,0.11905518882975975
22936,0.189236333573139
22937,0.14385333136740405
22938,0.15742997213847534
22940,0.13266035977927584
22941,0.39291898744034515
22943,0.14204164444256226
22945,0.11552155621013283
22946,0.13639283235005595
22947,0.19852227758944704
22948,0.22657282545844173
22949,0.23156752637786227
22950,0.15337379922383193
22951,0.13485613056220228
22952,0.1587179760727202
22953,0.1485816777402263
22954,0.1425855450839758
22955,0.35027755837848756
22957,0.37675707394742136
22958,0.1367729854548164
22959,0.12111893777507753
22961,0.14815912262761402
22962,0.12866662138663246
22963,0.12091279033776814
22964,0.17766051731683116
22965,0.15316757455229202
22966,0.14951871441298548
22967,0.16621111926987267
22968,0.35407571366086965
22969,0.13152474439766437
22970,0.11602175112864056
22971,0.15739913900034713
22972,0.346090969755159
22973,0.1782942288472608
22974,0.214845700603841
22976,0.14059874707312547
22977,0.13562161316329865
22978,0.15198104447803243
22980,0.13719132224120187
22981,0.08945966032975396
22983,0.12766904177537775
22986,0.14047217765895004
22988,0.16083789734159507
22989,0.3531115125190305
22990,0.14532745965999205
22992,0.131604925623255
22993,0.03761150741690783
22995,0.14509119494657532
22996,0.08838764764474756
22997,0.06462473970393924
22998,0.13646843009226137
23002,0.1407987573306397
23003,0.12855769364918448
23005,0.21535285063898377
23006,0.12972879266620543
23007,0.11026371789476301
23008,0.16306447046816444
23010,0.1518849012766698
23011,0.08387461594284155
23012,0.1783187103510897
23013,0.25126648708183086
23014,0.10859565477382653
23015,0.1382113535086277
23020,0.1486768432478772
23021,0.14803376900493306
23022,0.2281166626717336
23023,0.06151230064822738
23025,0.23901210746819715
23028,0.2531629535905376
23031,0.15931120287269754
23032,0.34207379163084767
23033,0.14323741515443345
23034,0.13562272076150303
23035,0.1550915750752575
23036,0.16554951480414054
23037,0.06584922879606586
23039,0.33870417764398514
23040,0.12519931752108174
23041,0.1274064318079938
23043,0.12403686702713539
23046,0.14154640326773094
23048,0.061932635703785745
23051,0.1509568526494559
23052,0.14863363512527716
23053,0.14338599249545403
23055,0.1725057841233251
23056,0.13388026564996805
23059,0.17669692501949918
23060,0.1332141112374739
23062,0.13438938994619043
23063,0.12692033185605792
23065,0.152117382217929
23066,0.13506411333455262
23067,0.1209711335918404
23070,0.1723326881905578
23072,0.13863127859074473
23073,0.13345464623195533
23074,0.12451598039812117
23075,0.14423179231624114
23078,0.13699174269112888
23079,0.1748089261810775
23080,0.158908252069373
23081,0.05399486787717551
23082,0.2429575478839444
23084,0.11551594230080527
23087,0.12721134831804096
23088,0.1450113455233311
23089,0.15811221692500288
23090,0.1578544295684077
23095,0.1377328565038549
23097,0.14095137180686326
23098,0.0537360098695416
23099,0.12745368808564245
23100,0.1431088361479976
23101,0.16356549125010283
23102,0.19401826620514936
23103,0.23427461020879783
23105,0.11609234042260129
23106,0.12568738098405594
23108,0.060299017548348606
23109,0.15791074205759928
23110,0.2010217464577803
23111,0.11441990696564601
23112,0.11092140685218721
23113,0.06292188028203337
23114,0.1601336282627043
23115,0.2801987134963633
23116,0.0649391526833028
23118,0.2094328906804809
23119,0.12285484930063158
23120,0.14934548640401787
23122,0.17327995825269596
23123,0.13852490834323164
23124,0.1415288407058597
23125,0.11061136017728934
23126,0.14317477060992492
23128,0.14441833042251898
23129,0.23461899083564697
23131,0.1266525930227603
23132,0.14530002987571913
23133,0.24145770547726894
23134,0.15516320072077106
23135,0.14805416518366019
23136,0.14276466956759593
23137,0.07021951359143834
23139,0.15049668027947172
23142,0.03477822359178672
23143,0.14247059150488448
23146,0.16792778735054392
23147,0.140363017916721
23148,0.13113579924478957
23149,0.11079016367575621
23151,0.12945288587085993
23152,0.1407374299943657
23153,0.34850954218287816
23154,0.12683024227364476
23156,0.14939495003826606
23157,0.1231641216276373
23158,0.1480096621279449
23161,0.1589346956769557
23162,0.1497086049405066
23163,0.15168886043791383
23164,0.19622396375384699
23166,0.2702779244892982
23167,0.17503334372827162
23168,0.13937943707461098
23169,0.14904903319601318
23170,0.12626390990950218
23171,0.1522690102829275
23172,0.04363928637506225
23173,0.21478132423808102
23174,0.13895032696811296
23176,0.15537912132689283
23177,0.11503417354717808
23178,0.13548836104842127
23179,0.13553258247031535
23180,0.13746836578797053
23181,0.3360627498991617
23182,0.1689221022503767
23183,0.13922302023888108
23184,0.13051794763894528
23185,0.15823619854606477
23186,0.1334438848168192
23187,0.21796736133553454
23188,0.15142081997247517
23191,0.15071276255827035
23192,0.14582202134313238
23193,0.147501965792979
23194,0.12522394109357884
23196,0.11735026517919228
23197,0.13109199868783447
23198,0.1422292667085537
23199,0.06930049036066548
23201,0.22152847452161215
23202,0.17520767423672512
23203,0.13233919366445568
23204,0.060975532953955865
23205,0.17265849860438098
23206,0.13355860299620992
23207,0.05772548357404528
23209,0.15284882365947053
23211,0.15947838341603898
23212,0.06389281919067431
23214,0.13812128076097843
23215,0.11909640648858529
23216,0.1688569771755415
23218,0.23105148044309054
23219,0.1466938408517793
23220,0.15851337706050458
23221,0.052207806116905064
23222,0.14836270560506937
23224,0.14713720401846186
23225,0.13620446416269913
23227,0.12516717962544513
23228,0.1491324722179038
23229,0.2509918666716359
23230,0.13600308977681805
23231,0.32872304609705283
23233,0.16240308329946151
23234,0.14121985116285551
23236,0.14730895072730363
23238,0.12923219376245154
23239,0.07671310478015875
23240,0.15519761750222402
23241,0.14952933634224033
23242,0.35372380479937204
23245,0.1755608395727896
23246,0.13700306380619667
23248,0.16365354662726092
23249,0.25337604704346517
23250,0.14462412268600097
23251,0.15735244703620413
23254,0.15648156735583363
23255,0.1649212834565714
23257,0.3598045553623652
23258,0.18330742015323276
23259,0.14655386193461925
23260,0.1425076329662819
23262,0.15995001209510726
23264,0.1561737051391147
23267,0.1971953277087942
23270,0.15929600433300328
23271,0.15198202653003148
23273,0.17052321924755134
23274,0.13584831297695052
23275,0.15696357128323002
23276,0.155315774765473
23277,0.1551460556904914
23278,0.14087692570934354
23280,0.25913993362394644
23282,0.2388043832924828
23283,0.1375648926404105
23284,0.16032187720733562
23286,0.1222463359411491
23287,0.14919250942325524
23288,0.1465873842995895
23289,0.14819566275697368
23291,0.05441431245344718
23293,0.22040644728464756
23294,0.13152313682376715
23295,0.14869098522711074
23297,0.14260394901848542
23298,0.12391746276042599
23299,0.14978049793553697
23304,0.2200395978540404
23305,0.11845020315753141
23306,0.11997521734355603
23307,0.05260993932037999
23309,0.2198972706620572
23310,0.169685067299319
23311,0.17546747060345028
23313,0.13959291400363785
23314,0.17171701893340638
23315,0.13424387594884102
23318,0.12257542276992274
23319,0.05867777101361782
23320,0.14591194405879895
23321,0.1606626698574217
23322,0.13462926316921608
23323,0.15662962197987398
23325,0.11769838953996854
23326,0.14017179869478336
23328,0.35272763872432766
23332,0.032444559294085705
23333,0.03557619814491613
23334,0.37876006942630136
23335,0.1320164587579287
23336,0.1371628850971357
23338,0.06668894936449944
23339,0.13635098197937884
23340,0.16611418568505865
23343,0.21004257257580264
23344,0.13664185897940861
23346,0.11579188298918576
23347,0.15151116106499443
23348,0.1394008014261109
23349,0.2254065013749387
23351,0.1444520308977367
23352,0.22668988248473695
23353,0.37205494511168213
23354,0.14223078707804007
23356,0.2959986459641462
23357,0.14284624634704565
23359,0.12327834467253451
23361,0.1513715447681426
23364,0.15754875763622156
23365,0.13454723784855058
23366,0.23889292132538598
23367,0.1317200481418852
23368,0.17921337020070863
23369,0.1494084392654005
23371,0.17665248202992098
23372,0.1441164472450365
23373,0.16215925135064227
23377,0.1190182550149476
23378,0.15069457766144892
23385,0.1474665629594066
23387,0.06405621428309394
23388,0.20938289312380265
23392,0.061586627585868005
23394,0.3323215028709163
23395,0.16844704755949988
23397,0.2790606293684787
23398,0.060673204474333296
23399,0.14082677277030858
23401,0.15449774454091153
23402,0.139079420220335
23404,0.16369546305416868
23407,0.23797420335761796
23409,0.13533469295628428
23410,0.14938795131649732
23411,0.05077491834194097
23412,0.14632297530552166
23413,0.0758687707958327
23415,0.14688559109046986
23416,0.1594206621616249
23417,0.1259627128611496
23419,0.12525682787205372
23421,0.06978805777910764
23422,0.13325648281745087
23423,0.143939911717727
23426,0.14288768758423467
23427,0.14413352046049346
23428,0.11963831760252092
23430,0.19235977873191987
23431,0.12864522801467335
23432,0.1405722350009031
23433,0.1366836285752905
23435,0.0499455361188632
23436,0.12717766220325358
23438,0.1477970957447234
23439,0.06442048274051985
23440,0.14414399483205373
23441,0.06765221217380171
23442,0.13487685990018178
23443,0.1652373315187318
23444,0.14238442839008844
23447,0.060536792127922644
23450,0.15477635905817233
23452,0.14321183090188763
23453,0.15283478518508217
23454,0.1341002985559089
23455,0.055046665845205706
23456,0.06334404798048922
23457,0.18744172647576487
23459,0.12498030649379628
23462,0.1500264578428774
23463,0.21416998803954712
23466,0.14455813146472987
23468,0.15900093514559424
23469,0.1385811353779323
23470,0.13023923550315394
23471,0.2263376908148185
23472,0.2597726067632038
23473,0.148666437196595
23474,0.23914534555035108
23476,0.14962533495855404
23477,0.11981594133645636
23478,0.1556196112825272
23479,0.23534362248256505
23480,0.16294152860719355
23481,0.13181171180574078
23482,0.13351513276603102
23483,0.21909892837833747
23484,0.14794381146710278
23486,0.13363831516571964
23487,0.125701678039055
23488,0.144332532912916
23489,0.13202152224736782
23490,0.23805196799035358
23492,0.14216994732228086
23493,0.03305667655558342
23494,0.25593871972299964
23495,0.38203384735040574
23496,0.15754022165846468
23497,0.14337719793423245
23498,0.08932710762103534
23499,0.12462378901422438
23500,0.1340511273521835
23501,0.055228870181216555
23504,0.17545442358476168
23505,0.11815411502102036
23506,0.1265456844157431
23507,0.23441035115252087
23508,0.14703308187796546
23509,0.11020325216445288
23514,0.15868835100307244
23515,0.0575493656711309
23516,0.06105230747735058
23517,0.24922943426098884
23519,0.24512712502660072
23520,0.1288382132507488
23521,0.15132776041809634
23523,0.11778655568902278
23524,0.14418930594473217
23525,0.1420674768529994
23526,0.13717188813747894
23528,0.13426897006742103
23529,0.12890541019904686
23530,0.13625669409850596
23531,0.158789796188065
23532,0.04141201293191113
23533,0.05647878710109874
23534,0.03426036536735944
23535,0.12784346083401585
23538,0.09937437632580592
23540,0.0632225985468242
23542,0.050815534343357754
23544,0.17167282758696453
23550,0.22407340512829257
23551,0.22346284898686972
23552,0.2052950968435314
23553,0.12587671947580611
23554,0.14521998214143206
23556,0.15495381627780988
23557,0.14957461003634823
23560,0.1432095787502313
23561,0.11715751238047022
23564,0.13696482704831633
23565,0.15951390142336597
23566,0.1379234041697964
23568,0.2382468589355202
23569,0.035119825379967926
23571,0.18647097694302928
23572,0.05528767438237539
23573,0.1395211207321753
23574,0.14482672027545127
23575,0.12729278888573917
23576,0.1838587990153159
23577,0.14536492592443936
23578,0.21146071173651956
23581,0.23163630646396452
23582,0.13684559918188352
23583,0.1597963625838806
23584,0.15515207022429348
23585,0.09154644124641502
23586,0.14525501053557358
23590,0.10558948501462391
23592,0.06228148350303817
23593,0.1307309546654918
23596,0.16288740900818535
23598,0.15268961275048157
23599,0.1203114541564897
23602,0.13988474241887586
23603,0.26198215522091695
23604,0.23258011390146338
23606,0.11995589155941415
23607,0.12111460043350035
23608,0.08735417740613116
23609,0.26018558302385336
23610,0.16521057040839746
23611,0.0745626359829201
23612,0.06558138333806313
23614,0.059977984694176305
23615,0.13754264781598477
23616,0.13144438927278831
23618,0.1534014114689791
23619,0.14071040512467592
23621,0.1318740209346074
23622,0.14295759688047757
23625,0.13967871019322553
23626,0.13790644341223168
23629,0.1393920588260835
23632,0.15090423686847307
23633,0.14218960451583298
23634,0.13138737224254135
23636,0.14380716228046597
23642,0.1405291184240867
23643,0.1491327261895191
23645,0.1383473295677232
23646,0.16109759264398374
23647,0.1395895348157805
23649,0.23270117949364325
23651,0.1307972148801186
23652,0.1381715797626404
23653,0.0893352728198571
23654,0.362286379701108
23655,0.15651551339608477
23656,0.15148068355530922
23659,0.1409338762185287
23661,0.0639302160756503
23662,0.13944533129580358
23663,0.17343411964742483
23664,0.16923256893120864
23665,0.1350645803213012
23666,0.1734561130205988
23667,0.13948861617401445
23668,0.05578403216693345
23669,0.16729351613460344
23670,0.12352393229261371
23671,0.15345684192044115
23673,0.1315778673412291
23674,0.12317072546812136
23675,0.14036224692697177
23676,0.21313102082254207
23679,0.20391039642146394
23680,0.14033542288976197
23681,0.13792322259894765
23684,0.35526767941737686
23686,0.15325523142034406
23687,0.1319385619280031
23688,0.034095131437298934
23689,0.17383915832772692
23692,0.3727655822265857
23693,0.13308603241958952
23694,0.16243565936358145
23696,0.11454499010286152
23697,0.14040250409086955
23698,0.1363799248223426
23700,0.105327078609674
23701,0.16044597549533027
23703,0.1904406805080214
23704,0.11610690946209302
23706,0.06199191156097791
23707,0.12837259158201084
23711,0.1340925023763848
23713,0.33685194247597955
23714,0.15929913690015982
23716,0.117922546270624
23719,0.1573015551354816
23721,0.13090812912209068
23722,0.14015637573886067
23723,0.16677599952262867
23724,0.14906517735371652
23726,0.03961700172873245
23728,0.11775684369127039
23729,0.24893174005910512
23730,0.38499543961565386
23731,0.13656551601913852
23733,0.14587285823816917
23735,0.1354470472263635
23736,0.07631443042789332
23737,0.08832626830165374
23738,0.2170323815986439
23740,0.15424357479984985
23742,0.1412039421531485
23743,0.22942337994826312
23744,0.12286214279510548
23745,0.23195596169564459
23748,0.15209657298075963
23749,0.3391873774268132
23751,0.21427343780605587
23752,0.24177268687228223
23753,0.1389260520061183
23754,0.144628898049139
23755,0.07746586525917051
23756,0.12712225006961872
23758,0.13802684454407052
23759,0.23144988491797344
23760,0.14593265502413058
23761,0.27120480604571945
23763,0.065875748467482
23764,0.2500549513392916
23765,0.1185425791070499
23767,0.11449917069289495
23768,0.14265371601977359
23769,0.12708980619288954
23771,0.1590510661073927
23772,0.12461726645771498
23773,0.06498603763252885
23774,0.27372798742194426
23775,0.05403992021865348
23776,0.07452216749996382
23777,0.037043917533609555
23779,0.11590845360100462
23780,0.07255528256815295
23782,0.11446403291698459
23783,0.1288294095687027
23785,0.19871113382260383
23788,0.10235955480216181
23790,0.16243160446506985
23791,0.13312167053360124
23793,0.16382361449992192
23794,0.17639606817146705
23795,0.14152920599166238
23796,0.12928239607287653
23797,0.13337707754708428
23798,0.02827541211587593
23799,0.13402401713895976
23800,0.19921643406033795
23801,0.13970417393987694
23803,0.13151766219093866
23804,0.06562519279002453
23806,0.1250338326459616
23807,0.1839618751066169
23808,0.05226985263989553
23809,0.1351143557639319
23810,0.19405607665943211
23815,0.1711251643654438
23816,0.1708407076935595
23818,0.12600189527500774
23819,0.3570723683898176
23821,0.1571887953853232
23823,0.1539541636878374
23824,0.14131637337459638
23825,0.15223182577301855
23829,0.14459981296756855
23830,0.17477158015744085
23831,0.05029737568066525
23832,0.13654105975483588
23833,0.245827357845079
23835,0.13103470002285614
23836,0.1344810281001433
23837,0.1549468277961262
23839,0.07179469033260663
23843,0.21748161265893995
23844,0.14509662937906478
23846,0.16771253216396054
23847,0.12922199325303052
23848,0.1291310253825004
23852,0.1656604856012455
23853,0.13646794711506868
23854,0.14007369835743558
23856,0.13581754621520337
23858,0.1536263207082189
23859,0.3774660988220447
23861,0.1466775978141743
23863,0.15604340549589635
23864,0.1481812586180594
23865,0.15519275739794286
23866,0.13173818989833455
23867,0.11671171522456686
23868,0.14741520080371115
23869,0.036079603392582475
23872,0.149093940457967
23875,0.11797533933686859
23876,0.1425513557377813
23878,0.13170159349682095
23879,0.13911540158139482
23880,0.23023109616431656
23881,0.14949747150628512
23883,0.17105294895999337
23884,0.12277351442645838
23885,0.16563952717554523
23889,0.22051450188526403
23890,0.13322206209314222
23891,0.13263186461559218
23892,0.16121611633046323
23893,0.19600357556772594
23894,0.14328905861632643
23895,0.11443946846843163
23896,0.08946404175597478
23897,0.14130750959308438
23898,0.17238141216382055
23899,0.06179536730392852
23900,0.08297616853702859
23901,0.15882073988539297
23904,0.1605222298569284
23906,0.23494535887484366
23908,0.15063061671284708
23909,0.15038636409285508
23910,0.21327043161189072
23911,0.17919619708168624
23912,0.14782517172881596
23913,0.16979731777204618
23914,0.246198808662167
23915,0.14764943070606976
23916,0.14472477603983724
23917,0.16018112334498508
23918,0.10507381787967435
23919,0.22344178992090535
23920,0.12792249909983003
23921,0.14618022692876784
23922,0.23148599622893284
23923,0.21103472415990132
23924,0.14630417478931093
23926,0.1440371350204048
23928,0.247418382046624
23929,0.23007177035300733
23930,0.1549495972736286
23931,0.053974372628482814
23932,0.11785806980719911
23933,0.12792536261083368
23935,0.15852694596622963
23936,0.13027188508701543
23937,0.11990870300975726
23938,0.24810226139069866
23939,0.14892635355029063
23940,0.34335124575924136
23941,0.13153262817265246
23942,0.14579061054885412
23943,0.039135329501206066
23945,0.14180365229263314
23946,0.11988205088457604
23947,0.13368107947263277
23948,0.3505221560981337
23949,0.17926953111697186
23950,0.13215278311818282
23951,0.1316045578106191
23953,0.15219659927892185
23955,0.060923838446561164
23956,0.14481950806081598
23957,0.2223605723093244
23958,0.14311806291452797
23959,0.3560967460948595
23960,0.12864656030384838
23961,0.1502781651068078
23962,0.09725656829399736
23963,0.14994093091203844
23965,0.15325089628167246
23966,0.034309842207029116
23967,0.15734066153478543
23968,0.09011797792050046
23969,0.10336743333037879
23970,0.25789260884264376
23971,0.13109489906650404
23972,0.2585736547298765
23973,0.14996683151429616
23974,0.19004323618469118
23975,0.055372202116839464
23977,0.13291313818923112
23978,0.1207463850365874
23979,0.11252470603333774
23980,0.13598996863941107
23981,0.12025503604564802
23982,0.1460981453178742
23983,0.052709071062899876
23984,0.05222483018283689
23985,0.14931167375384688
23987,0.2690285346292674
23989,0.1385454863664921
23990,0.2560183549490678
23991,0.23515215111269838
23992,0.12753435734366445
23993,0.14543185777701442
23994,0.12511755703192365
23995,0.28084452000830407
23996,0.2217427064841917
23998,0.14908506674389435
23999,0.07945315408754876
24000,0.12770478951443023
24001,0.2190070004575316
24002,0.1661474236831967
24003,0.12263026878724374
24004,0.05848648339734764
24005,0.1490031724544716
24006,0.13085910359743813
24007,0.13954504274283572
24008,0.1352177050222679
24010,0.15046484320885387
24012,0.12628570251495988
24014,0.22235198031059242
24015,0.33644475349987707
24016,0.3517390992882514
24018,0.10599927103860818
24019,0.14933895283173496
24020,0.21272714053086425
24021,0.13855483367114435
24022,0.21434274575879245
24024,0.1546921625932565
24026,0.18939242897265954
24028,0.1383078767644932
24029,0.14805013347626667
24030,0.17170617429113924
24031,0.17498520916949187
24033,0.05535278875543407
24034,0.3849927998694061
24035,0.22478566113969403
24036,0.14454676380261575
24038,0.1379367510375812
24039,0.15251417808793416
24040,0.053090652191525145
24041,0.12654098592513732
24043,0.2220903211001232
24045,0.24647308229714657
24046,0.14372161871577627
24047,0.1599210999320083
24048,0.23062251512401732
24049,0.24034792021410165
24050,0.3820749331785238
24053,0.033153633104254725
24054,0.0365577896851703
24055,0.13984674172230982
24057,0.14690270347586484
24059,0.14637770526745336
24060,0.15477659910861621
24061,0.15323856929663326
24062,0.1658985834042209
24063,0.18197586203267146
24064,0.36443042670120923
24065,0.22239470233713157
24066,0.1281087274079559
24067,0.05645146530808657
24068,0.1571294175904555
24070,0.1849132516011306
24071,0.11658503610014603
24072,0.26425443097818485
24073,0.06129035806900904
24076,0.13331455664279715
24077,0.1265959457353279
24078,0.13426290292091925
24079,0.11880885598438377
24080,0.12708827421607852
24081,0.14697220867937166
24082,0.0575145960927774
24083,0.11217207076482584
24085,0.1496151976586182
24086,0.12146422677225031
24087,0.15741088918788462
24088,0.16501699092317212
24089,0.12801806170193464
24090,0.3948167234543512
24092,0.12795330551587025
24093,0.14787579818180044
24094,0.04201761615733398
24096,0.13405459106223194
24097,0.17705763669276586
24098,0.15007785023401699
24099,0.12663723109591166
24100,0.1512039252034857
24101,0.1335437271502297
24102,0.21780923873387378
24103,0.14811070457614575
24104,0.12159294871330141
24105,0.14175921498127722
24106,0.17292751057168357
24107,0.16057137698876733
24108,0.11866149498278711
24109,0.1551412243930094
24110,0.055798862903016805
24111,0.13233808706377329
24112,0.14666813202572826
24113,0.0682278357536513
24114,0.12990919694682612
24115,0.15027077831201469
24116,0.06379630361022315
24117,0.15908742715274907
24118,0.13062533101965693
24119,0.34178103112587926
24120,0.09839318419223987
24122,0.05440321902747273
24123,0.15190977739211592
24124,0.12992654711964782
24126,0.1691152664078117
24127,0.24540187985445203
24128,0.34497207595703455
24129,0.13769495851540361
24130,0.15275156155135675
24131,0.039560556679664884
24132,0.354162347937693
24133,0.05401880644391954
24135,0.1473782878428969
24136,0.09376890253889897
24137,0.1312306999717973
24138,0.22105490015559245
24139,0.13178134848620804
24140,0.14268941531656584
24141,0.06749777174787176
24143,0.1465990646435784
24144,0.1142980006044262
24145,0.14015526121868196
24146,0.06023872892164974
24147,0.16890388620287813
24148,0.20924666340240713
24149,0.12318903675793058
24150,0.16543622218661183
24151,0.14498123807214727
24152,0.1889945184506463
24153,0.1443748417058193
24154,0.1476253665694774
24155,0.1348917235561493
24156,0.13854646619651362
24157,0.14174052296397233
24158,0.25835162855307847
24159,0.25248450243550596
24160,0.21431715258177741
24161,0.1366053625146237
24162,0.06276420483870711
24163,0.1374918873001918
24166,0.39523637292798347
24167,0.13492672804326797
24168,0.22441790507754109
24169,0.1847324506027651
24172,0.16626859206848635
24173,0.15323260830867194
24174,0.06366003763131141
24177,0.06066100513831666
24178,0.3782153351255841
24180,0.3430272225215152
24181,0.15286958043269047
24182,0.15001209524213072
24183,0.15714424852072426
24184,0.16123547812898717
24185,0.06155765617178819
24187,0.14916515391537247
24189,0.17546448665480976
24190,0.3591597495486336
24191,0.1841956702688717
24193,0.056132735600423415
24195,0.241586566491739
24196,0.1581225969539243
24198,0.14725622572610877
24200,0.37021567585616477
24201,0.1399005715959337
24203,0.14158839825546532
24204,0.1750097320329269
24206,0.15540717712489657
24207,0.24967102756389212
24208,0.12793948361978488
24209,0.13821087325088113
24210,0.13164153741051224
24212,0.1282482505603618
24213,0.17990126880783341
24214,0.16838132274970286
24215,0.17178425716243148
24216,0.24144686632237547
24219,0.12894200174007078
24220,0.15711873429720083
24223,0.2535658329237637
24224,0.12999843744141293
24225,0.14317609531864237
24226,0.2265848112539902
24227,0.12053645867808872
24228,0.11412066811821815
24229,0.14624071742993336
24230,0.12924069130151253
24231,0.2401400947771343
24232,0.06027336599925711
24233,0.13209055251486176
24234,0.13879582372362873
24235,0.07653022254804832
24236,0.33030596104849125
24237,0.130615224477955
24239,0.14151596372062203
24241,0.12236349288381676
24242,0.07125756606727222
24244,0.1249204096744695
24245,0.24789933765269626
24246,0.14770823053509452
24248,0.15384020277833552
24249,0.14587280666869737
24250,0.2119468746486015
24251,0.12249761433155144
24252,0.1255034847683281
24253,0.1411142438647303
24255,0.2755871382876178
24257,0.13838424310904288
24259,0.12163404985918824
24260,0.12968129493027444
24261,0.15530584177534693
24263,0.13513362059956774
24264,0.1253285116736648
24265,0.13696854415555978
24266,0.15492329494214307
24267,0.13271347083429186
24268,0.34417809348868206
24270,0.1626841350122867
24271,0.15998927207077848
24272,0.06408051154681196
24274,0.2240631643412326
24275,0.14824956640886247
24277,0.1581990312780005
24278,0.06085211343443045
24280,0.1301616707233484
24281,0.13912790313925927
24283,0.1520162357070792
24286,0.1603716102989036
24287,0.1472581957882216
24288,0.15066946979483894
24289,0.12128144246713356
24291,0.14024348002880227
24292,0.19877054680479145
24293,0.04511848094331378
24295,0.12579767837368525
24296,0.13229050229582504
24297,0.21784836856493608
24298,0.16185471723681624
24299,0.16836662516941936
24300,0.13197476988863602
24301,0.13107177334634876
24302,0.14229582961497925
24303,0.36113413652865267
24304,0.26091739595560837
24305,0.14830223961819397
24306,0.1658427836769685
24307,0.1287588364938843
24308,0.17615588905746607
24309,0.052372788609126066
24310,0.15346155949302717
24311,0.14169567966837293
24312,0.14185422712718265
24313,0.13713612356571903
24314,0.14267196290105122
24315,0.10862145579304501
24316,0.11512678530846154
24318,0.059754981753678625
24319,0.2582006540743767
24320,0.14887363197359094
24321,0.1322096531696408
24322,0.28209772267460576
24323,0.2498509134909419
24324,0.14912248449306972
24325,0.36996113962642735
24327,0.157720435227921
24329,0.2598968291818912
24330,0.1760379996452599
24331,0.14709288127495743
24332,0.14584920234540022
24333,0.3621301117112186
24334,0.12525849461618896
24335,0.22312091357675937
24338,0.144268410179851
24339,0.05448216196248113
24340,0.1497730579074694
24343,0.37033315886474144
24344,0.053603843238809394
24345,0.1436621431593373
24346,0.13222424984595949
24348,0.26665305758569297
24349,0.15240858959122097
24351,0.1384035312582777
24352,0.23056732629597296
24353,0.11706577977435194
24354,0.360085291724863
24355,0.16156707986619903
24356,0.1395744023004743
24357,0.1370077989820405
24358,0.2420041435884359
24359,0.1353072840947438
24361,0.1462722076944883
24362,0.11381061872924077
24363,0.06491733060296935
24364,0.12482033604271836
24365,0.2460822222268335
24367,0.15586454070707412
24368,0.0310835526174791
24369,0.12874987565049636
24372,0.14425952376516463
24373,0.11725983217630298
24374,0.12262572794304327
24375,0.1382243755050774
24377,0.23817061459354494
24378,0.1091604118883208
24379,0.34728641820799994
24380,0.12286744849491882
24381,0.14961994770111928
24382,0.12863439693758408
24383,0.14990689383194547
24384,0.06422876735430218
24385,0.12173861600629864
24386,0.06843211487936125
24387,0.15936964096424944
24388,0.1475909242339893
24389,0.12389032974350478
24390,0.06307786648407183
24392,0.12394185018925086
24394,0.16571878004999344
24395,0.2387103023315946
24396,0.3689481343587208
24398,0.16381138132577408
24399,0.05120327895287514
24400,0.05483877161896011
24401,0.11410996000333397
24402,0.12630100507534567
24403,0.13925082097392652
24404,0.13289557007325714
24405,0.18155211069361896
24406,0.2563398371471182
24407,0.15288776220454653
24408,0.14520788759434447
24409,0.15053142602378114
24410,0.05516563203801841
24411,0.10068624795332592
24412,0.05275771870992816
24413,0.062089220104821846
24414,0.13211391952930532
24416,0.2450866572314548
24417,0.16032721219287108
24419,0.12612503103737996
24420,0.12396645925175398
24421,0.07293842192257606
24422,0.13225725666192445
24425,0.25332113127616945
24426,0.06367441715894682
24427,0.21908141853807236
24429,0.16202306190739676
24432,0.12532147980315558
24433,0.13069425086338804
24434,0.14823893870928564
24435,0.3649376822506521
24436,0.15405590217678794
24437,0.13558827146853927
24439,0.13209420113520717
24440,0.1328718127691062
24441,0.15487463704452242
24442,0.20697324085678695
24443,0.12164187296226936
24444,0.14484605904597714
24445,0.14631351013944152
24446,0.12518062554042522
24447,0.24610279649390207
24449,0.13648095160808968
24450,0.13456450644855902
24451,0.15076535521891346
24452,0.1405648711975819
24453,0.15706839838314443
24454,0.06012077826733819
24456,0.1893157035171704
24457,0.13018154407305185
24458,0.147195873281272
24459,0.055721298797044155
24460,0.13693938704817346
24461,0.15208177360808706
24462,0.13540051268763828
24464,0.18035544447936833
24465,0.06552478913724465
24466,0.12839306910758244
24467,0.13765336891269708
24468,0.15868344329121972
24469,0.1430983321519202
24474,0.16402436778921214
24475,0.059707713881320346
24476,0.15195764306858048
24477,0.18292003253851805
24478,0.27401789712975816
24480,0.15783443474832629
24481,0.12431413693070768
24483,0.12079083316533511
24484,0.13215338289197343
24485,0.18250771455422454
24486,0.24703062199724282
24487,0.13647634789775812
24488,0.13327448090387667
24489,0.15361110542155929
24491,0.1406264051121323
24492,0.20823752692433148
24494,0.039992695163986604
24496,0.1423127761210576
24497,0.15689015251515492
24499,0.12811021716894652
24501,0.1368036699894913
24502,0.23138615578055508
24503,0.3471302034177268
24504,0.24850287539786406
24505,0.20774740802900568
24506,0.1550222165269817
24507,0.14164406371745966
24508,0.08920275571782321
24509,0.1250941330292583
24510,0.1666690985744456
24511,0.2058075969737321
24512,0.06445900159504964
24513,0.1676465854207709
24514,0.14702825975233452
24515,0.1389782874798161
24517,0.2520113377085726
24518,0.06383589804852216
24520,0.0643126160641453
24521,0.06946296582675902
24523,0.14585559841919968
24524,0.05407966953744401
24526,0.12374408220485773
24527,0.1369379439807413
24528,0.12539140741930302
24530,0.1381217717853381
24531,0.17825314193668054
24532,0.25953450767287917
24533,0.16912605917953338
24534,0.14555868321175555
24535,0.21941095924410767
24536,0.14990253366415499
24538,0.14262577864751078
24539,0.1299629420761108
24540,0.25748282907964226
24541,0.1424440782321756
24543,0.17691856380093554
24544,0.1498551611758743
24546,0.152594571651299
24547,0.21698125020500514
24548,0.14320060869353027
24549,0.15861483601799495
24550,0.36554496925457464
24551,0.14398045979405857
24552,0.16584024030925645
24554,0.25819236838208015
24555,0.25221510483765225
24556,0.13259183993497511
24558,0.2007474975346616
24559,0.37281331877082874
24560,0.14097335509035241
24561,0.12835119506997605
24562,0.23875068547601486
24563,0.20196247101459097
24564,0.15337204867761886
24567,0.14957420472572758
24568,0.1298155732477911
24569,0.1734405620200419
24570,0.1690234321729689
24571,0.14350563547877668
24572,0.33797333675519864
24573,0.2301905804343218
24575,0.24775045954701624
24576,0.15604425138112207
24577,0.15185304175045075
24578,0.28465162825088
24579,0.09282126734917961
24581,0.13418351009026588
24582,0.13363247612473414
24583,0.1287478736306709
24587,0.14645251482308055
24588,0.1423520127200205
24589,0.16759973252418522
24591,0.15723867338753805
24592,0.06169938555430212
24593,0.1292190106686563
24594,0.15981673466807453
24595,0.2586144802664127
24596,0.134942827987052
24597,0.13462276740078635
24599,0.11683024699040652
24600,0.1446413155929691
24601,0.1476494443239871
24603,0.3616871965523782
24604,0.1586957117333235
24605,0.12891991422851945
24608,0.14152479344992971
24609,0.1641566240135944
24610,0.10564234450563
24613,0.1548843843281399
24614,0.14973619843005617
24615,0.13089970204871879
24616,0.0658046780390668
24618,0.21711676280837
24619,0.1426684890299269
24620,0.15277162646133055
24621,0.11151973741628818
24622,0.1610109990992157
24623,0.14420427404450728
24624,0.1759035856317964
24625,0.17886228083630926
24628,0.16294265258705545
24629,0.14159228832542062
24630,0.2143066799145257
24631,0.2300704354959325
24632,0.21492309796619988
24633,0.14024355634022098
24634,0.19884458443220368
24635,0.16189845708464376
24636,0.14824893104386166
24637,0.2393417313112629
24638,0.05542028367948381
24639,0.13250471247694728
24640,0.15286652323903907
24641,0.13322451271837707
24642,0.05305724056458792
24643,0.1213153189283336
24644,0.13033606007081844
24645,0.12058577534295005
24646,0.14529797945713144
24647,0.12487013004527635
24648,0.23171770064814837
24649,0.15383452491232694
24650,0.09599450425884853
24651,0.12691785770238775
24652,0.10710598882100575
24653,0.38373859386501136
24654,0.2628871954866019
24655,0.18004451289912424
24656,0.15227653805669203
24657,0.13933077735360602
24658,0.053764318174348645
24659,0.14079595742798037
24660,0.15831060025681434
24661,0.3314606448302573
24662,0.14506352557907418
24663,0.25132215304956584
24664,0.135918540158421
24665,0.14683187373965895
24666,0.14650673698688033
24667,0.13042766616663545
24668,0.17440786035851463
24669,0.13141415058297592
24670,0.38145982234189013
24671,0.15693838504525723
24672,0.4020816805641884
24673,0.14501770217180457
24674,0.14216686759879715
24675,0.15596918436349672
24676,0.13125140380835093
24677,0.26602644035230133
24678,0.12033239609867356
24679,0.1378692667369674
24680,0.1339546739974078
24681,0.14350611821415862
24682,0.12549099423526242
24683,0.16863799302110213
24684,0.24779801312461602
24685,0.12910126899153726
24686,0.161433100582812
24687,0.16702441590274342
24688,0.12542562869715043
24689,0.11412852543517038
24690,0.14556722291605909
24691,0.149121418435936
24692,0.08396301988022133
24693,0.1589846497963058
24694,0.13398322259749115
24695,0.22225369087239646
24696,0.14551509258600784
24697,0.1585672519051223
24698,0.15526771723050434
24699,0.10134626496015132
24700,0.058502640789160044
24701,0.1541789251801908
24702,0.36822447408268805
24703,0.13531134550686194
24704,0.13665818678798483
24705,0.2466005710149676
24706,0.1663671395957326
24707,0.11971018743789108
24708,0.1326270177994419
24709,0.1387458668418903
24710,0.13135482635485105
24711,0.16129636571211659
24712,0.14802646357234167
24713,0.14385615652725217
24714,0.34734263980822283
24715,0.05375211306459743
24716,0.05756749661026877
24717,0.16591582366860083
24718,0.14549461780167686
24719,0.13617016931594295
24720,0.2205551975898493
24721,0.1729014543009959
24722,0.14725682727311926
24723,0.14438791775008342
24724,0.0698619784404447
24725,0.3675424272238316
24726,0.15898371528242908
24727,0.1382852431221036
24728,0.11971619799327711
24729,0.15235872011838705
24730,0.16623020024552418
24731,0.1386916982398404
24732,0.36358895992008294
24733,0.12100393773599911
24734,0.14582668870860216
24735,0.12724267250933516
24736,0.37538813248393094
24737,0.35974546836603927
24738,0.20403166923464822
24739,0.18943160389184274
24740,0.13373254678629923
24741,0.16563972531914664
24742,0.15751749039675997
24743,0.0640228813375182
24744,0.14020542461432184
24745,0.12181981289014164
24746,0.17536016168480806
24747,0.12303229859580338
24748,0.16911782493955707
24749,0.17694619612374707
24750,0.042938710564672376
24751,0.13013512728887985
24752,0.13498412962388417
24753,0.12718178480104284
24754,0.27984257837701215
24755,0.3655590627630152
24756,0.17805388671923558
24757,0.26506960373254823
24758,0.06430200517834789
24759,0.15496211224178297
24760,0.12406398335826489
24761,0.15053732942348785
24762,0.14088549050899576
24763,0.04184335950160204
24764,0.1450228261831745
24765,0.12779444093998485
24766,0.16493537301173258
24767,0.15081227553033869
24768,0.16571727327034244
24769,0.15172173478382955
24770,0.14787413328192678
24771,0.16392442538383925
24772,0.18270545425175747
24773,0.09645268470726166
24774,0.17010494630160602
24775,0.2344468417900175
24776,0.1591550846078522
24777,0.09136815329800617
24778,0.13781119728282767
24779,0.14195481828852097
24780,0.16411648746447358
24781,0.1290742710588249
24782,0.0694398139050147
24783,0.13521545462643217
24784,0.2750424527024784
24785,0.13531483814112513
24786,0.13658786936360767
24787,0.1252687452382397
24788,0.35414939892786274
24789,0.13120852833068028
24790,0.198627383992695
24791,0.16350167779860136
24792,0.1717733026816043
24793,0.14600947663885044
24794,0.20504748751717672
24795,0.3346488360222502
24796,0.08769658437091214
24797,0.14117644705605867
24798,0.13339328607504766
24799,0.15056239084860387
24800,0.3344641183898816
24801,0.3675670667704394
24802,0.35161766029850927
24803,0.12248967768390286
24804,0.1276741008043817
24805,0.1532662416655054
24806,0.13449899000363466
24807,0.13916067038733845
24808,0.1186097100387576
24809,0.26229796003104894
24810,0.3547425771470505
24811,0.36759323871448574
24812,0.13727415234496027
24813,0.12403386369007385
24814,0.14088709635085236
24815,0.13977677344742045
24816,0.13577283461834522
24817,0.13438924023140955
24818,0.12224600983717275
24819,0.1486205210106909
24820,0.05283373330791716
24821,0.3744596628593498
24822,0.12436846878238611
24823,0.24464190985343023
24824,0.1379015828681474
24825,0.1832709289193073
24826,0.12353881285671042
24827,0.23523761395888976
24828,0.1655849714040181
24829,0.12295912048702005
24830,0.13094449247771922
24831,0.16888428214635456
24832,0.12175055951166854
24833,0.1362716520302573
24834,0.14788867958682048
24835,0.10725198549387376
24836,0.15303355575739844
24837,0.22016043878323702
24838,0.1345571300969168
24839,0.3579292807194951
24840,0.14119712510495233
24841,0.14843285477493154
24842,0.03593041330485577
24843,0.1431157849773064
24844,0.14450998857518568
24845,0.06399714379979955
24846,0.13013310851630777
24847,0.2671324651262184
24848,0.17357337865899627
24849,0.15782508254921124
24850,0.12551777141812123
24851,0.15227251436744912
24852,0.13422620423741558
24853,0.14545654618533188
24854,0.14008814853732007
24855,0.06271906928104018
24856,0.13233077184629174
24857,0.37105000378629055
24858,0.06026097022351622
24859,0.3820267025269805
24860,0.3371986114531363
24861,0.13721215012786817
24862,0.1810044212715082
24863,0.19784478222016244
24864,0.38596530842853577
24865,0.04014446949931386
24866,0.15497387464507464
24867,0.21469051988116172
24868,0.12672868760942702
24869,0.15221576565888872
24870,0.1488104604112801
24871,0.14932398772585967
24872,0.13876387114239247
24873,0.17475515182225498
24874,0.15599524123933795
24875,0.21935277237994014
24876,0.15005594777329903
24877,0.14451285727096078
24878,0.3430043856882701
24879,0.12721409921981378
24880,0.06057605827346282
24881,0.1517644459290793
24882,0.13159925323570262
24883,0.25194797402879904
24884,0.17849345526968818
24885,0.1515886146518851
24886,0.18032791302363557
24887,0.11840118302667696
24888,0.12130899254828531
24889,0.13911015580294098
24890,0.34522948774793155
24891,0.14437400010283338
24892,0.24162148931212324
24893,0.06690146914342655
24894,0.16555797000960773
24895,0.13899039028032692
24896,0.16310945570916957
24897,0.0662965945321883
24898,0.32847292932676764
24899,0.15113421248554557
24900,0.059039412152609765
24901,0.24519176812995522
24902,0.11699584614031734
24903,0.1496317510433172
24904,0.05986565919593465
24905,0.1507001576684809
24906,0.10300824806202385
24907,0.1455385246703046
24908,0.21798471150108578
24909,0.13432241056244756
24910,0.14573567855131744
24911,0.17919712351357667
24912,0.06503044033677374
24913,0.15288240900734687
24914,0.06069390450640128
24915,0.14740427396023661
24916,0.05250190339987656
24917,0.16235510906125816
24918,0.07661641344637721
24919,0.17592855877935262
24920,0.14134863614679707
24921,0.1278802569836616
24922,0.11647447735127471
24923,0.23224774628906023
24924,0.21365087402242597
24925,0.14817097798406034
24926,0.03638933723482662
24927,0.23255205955093838
24928,0.15305107498239903
24929,0.3531167368977739
24930,0.25028928120966926
24931,0.3428743150964182
24932,0.1329088708624403
24933,0.18701702822366714
24934,0.13479393858080893
24935,0.15012447733593656
24936,0.3863846949208618
24937,0.16726483582145002
24938,0.1472850204830967
24939,0.21057640516231654
24940,0.1495305544092004
24941,0.1577939776423721
24942,0.17496336250671826
24943,0.054013854488849905
24944,0.2452762878354234
24945,0.3807576190295876
24946,0.2072837043380541
24947,0.3762218728832117
24948,0.12904628456759734
24949,0.12388421572333382
24950,0.11684913780218696
24951,0.3400716485255994
24952,0.07009705699736303
24953,0.1761595956710265
24954,0.16954823070133226
24955,0.12812174203503834
24956,0.1585341923981791
24957,0.14147773581336529
24958,0.055321912733084705
24959,0.12514459394553856
24960,0.1654055899964074
24961,0.1279677780691216
24962,0.3553448642411709
24963,0.16069510655914765
24964,0.13891395134189005
24965,0.1619064782525314
24966,0.13375722459575864
24967,0.0551335839573972
24968,0.33487344068653546
24969,0.12187019195993765
24970,0.2342446263237533
24971,0.1737219614077704
24972,0.0712566628546753
24973,0.14411336246544892
24974,0.34509575151991506
24975,0.14431510703541384
24976,0.2590471236707651
24977,0.13442598407399137
24978,0.15643243540393612
24979,0.13370697724173466
24980,0.054974368805831834
24981,0.1417200571058648
24982,0.27393795714558244
24983,0.15568050862867885
24984,0.15014850469721522
24985,0.1421701700306459
24986,0.12278012418787317
24987,0.16171599918131097
24988,0.14736430886324883
24989,0.22093599980288747
24990,0.16163487353027572
24991,0.23563145124837695
24992,0.2037298946460103
24993,0.236181280366119
24994,0.12639153261841904
24995,0.13254414983982601
24996,0.05763668486851641
24997,0.13990134890050432
24998,0.15407505350384085
24999,0.15316888110226867
25000,0.15111563945196183
25001,0.13019758432038012
25002,0.14145596902625232
25003,0.16340143921119377
25004,0.17079198035231147
25005,0.12253929211806515
25006,0.15874960842009764
25007,0.03689547241204624
25008,0.15392057117266203
25009,0.15651183620577694
25010,0.14399765437193687
25011,0.1448719183219874
25012,0.05584146562709727
25013,0.17231461969760511
25014,0.14296985965895415
25015,0.14636867668967676
25016,0.2208909097994036
25017,0.3608793778639658
25018,0.15039376156549944
25019,0.13129173678418105
25020,0.20436742069353905
25021,0.13729588044702842
25022,0.15556840662294658
25023,0.1322086481634406
25024,0.17093967401322308
25025,0.1592138978832259
25026,0.3807616527856261
25027,0.15951691826417627
25028,0.05106402904294945
25029,0.14762476374144687
25030,0.1592140992118165
25031,0.38572917648242483
25032,0.061338383786804174
25033,0.13674687919732342
25034,0.1942788746128039
25035,0.137607796899735
25036,0.12540017292160113
25037,0.3842377795374992
25038,0.136196925836216
25039,0.35542747111626305
25040,0.08708024990957029
25041,0.2774322181620296
25042,0.1845509067277189
25043,0.14415220929687048
25044,0.17260261548646683
25045,0.15020162440545545
25046,0.3318397186607078
25047,0.05945542502689297
25048,0.23955245420661586
25049,0.3646259818842364
25050,0.22274726016824634
25051,0.14678206402707397
25052,0.14982956528206215
25053,0.053145554616779306
25054,0.24410474571354687
25055,0.16071050353332653
25056,0.15994900567936085
25057,0.15606963240910396
25058,0.13313498119959652
25059,0.14795835314206587
25060,0.2721435026658294
25061,0.1231076807338116
25062,0.15013843478534786
25063,0.3396105036401773
25064,0.24724352619476422
25065,0.05065418616795195
25066,0.18043003197955365
25067,0.11715484328176756
25068,0.16130829231216468
25069,0.15360034192535565
25070,0.348760402514104
25071,0.14149613401174657
25072,0.15652073373281575
25073,0.36266064727033814
25074,0.14426551911785454
25075,0.1625486243680804
25076,0.15749558772828276
25077,0.15528396676634837
25078,0.09630943406484084
25079,0.1584115171320102
25080,0.3692247718444504
25081,0.13509823039515154
25082,0.22410367411947704
25083,0.1375608586306611
25084,0.16910062732433392
25085,0.310269922553261
25086,0.1468508233625135
25087,0.35475831450667655
25088,0.1251468722353171
25089,0.2021540086880601
25090,0.11911391071537765
25091,0.35786418444862006
25092,0.22551608825380756
25093,0.3363166509780749
25094,0.251880394311413
25095,0.16912041171824357
25096,0.14247772229318242
25097,0.32197710025608406
25098,0.25742436567064075
25099,0.194158583876381
25100,0.2509133087690973
25101,0.13238701295568414
25102,0.2276002516909699
25103,0.1837050879220343
25104,0.15638653494745278
25105,0.12369447108913952
25106,0.12332297097271198
25107,0.1547325855973641
25108,0.3637630032190162
25109,0.12782669483911333
25110,0.15928299076207955
25111,0.1417300411136018
25112,0.18392717220639185
25113,0.21722620541508086
25114,0.1594605710686162
25115,0.24535501018906816
25116,0.21433105897856788
25117,0.13328743026823356
25118,0.12591120793107158
25119,0.14385252758408776
25120,0.06796690281286906
25121,0.1296016284457223
25122,0.2519245295529032
25123,0.18448002715953538
25124,0.15907175478111016
25125,0.14625172747277135
25126,0.2750720121261134
25127,0.2169575373070919
25128,0.389770971344811
25129,0.1485244908471874
25130,0.15123369311035442
25131,0.1382983329001682
25132,0.1269677983754648
25133,0.15473793344411632
25134,0.05817753687418952
25135,0.14318890727496963
25136,0.14621100836968456
25137,0.1285525458604834
25138,0.1492409425190558
25139,0.12478077036114393
25140,0.13630102956445636
25141,0.15016882899568051
25142,0.154654198676527
25143,0.05112676345523846
25144,0.1246009425390084
25145,0.15513207837578535
25146,0.21966406298103772
25147,0.16576827319053314
25148,0.22971810202805762
25149,0.2396480885410717
25150,0.12539767037980862
25151,0.1349032797569301
25152,0.07351665279606327
25153,0.14282952499432225
25154,0.359874228412258
25155,0.139966627104106
25156,0.1438946868984591
25157,0.12358135905288938
25158,0.11573160639598812
25159,0.1573298953529463
25160,0.1409943456403162
25161,0.18562798827627014
25162,0.14542668281343832
25163,0.13520251458611324
25164,0.14810802231193834
25165,0.11729842271470382
25166,0.06200133906894694
25167,0.16863689560164322
25168,0.19374101417893105
25169,0.044237394396208184
25170,0.1500091321530235
25171,0.17531968206899204
25172,0.1454509982912523
25173,0.06388604599853144
25174,0.1674646598169751
25175,0.1520810768287559
25176,0.06450659867279253
25177,0.14425881554322667
25178,0.11709984444773884
25179,0.15201996587108027
25180,0.15394539588803668
25181,0.10646649523348477
25182,0.34587040002501873
25183,0.139986047505376
25184,0.12951086900691774
25185,0.14170814819485403
25186,0.15743042344351763
25187,0.12296057128513695
25188,0.16345447783088318
25189,0.12782914515833776
25190,0.17077700674561846
25191,0.2770695055413689
25192,0.3800601474796428
25193,0.1758752806401879
25194,0.145028187644198
25195,0.3399176720656918
25196,0.14644542262803636
25197,0.12733479373586554
25198,0.05915472549890841
25199,0.26032864382499127
25200,0.1370674519497018
25201,0.3464653783240985
25202,0.11852997602645889
25203,0.11952846298361465
25204,0.11762042036601587
25205,0.2545756247990738
25206,0.1267648123164059
25207,0.12745938393497805
25208,0.14003989046342755
25209,0.21617043200475472
25210,0.14993694711719813
25211,0.0952962432921856
25212,0.3559194519579014
25213,0.10612481666033878
25214,0.12229225478940947
25215,0.13920737171543118
25216,0.23555797880246132
25217,0.1994832954930291
25218,0.12803955437397452
25219,0.15405926814577994
25220,0.15840282100430206
25221,0.2551174218264349
25222,0.16023922835317403
25223,0.14966743602705912
25224,0.1497270752341775
25225,0.17004202906619215
25226,0.33056309562286845
25227,0.13838420876912763
25228,0.1773086711051138
25229,0.14998997789040133
25230,0.17095755295645362
25231,0.1248163959738711
25232,0.11907073466336293
25233,0.15312787861225083
25234,0.3597465156880739
25235,0.13517642623462586
25236,0.16545900792429127
25237,0.33768684667771787
25238,0.24790795238357285
25239,0.1494815119958802
25240,0.34665849934789267
25241,0.14462472785320676
25242,0.1253949238622344
25243,0.13319875214874669
25244,0.37374775421821943
25245,0.15231074298718633
25246,0.1544438628028555
25247,0.1670964792071422
25248,0.03695313827666071
25249,0.16400126630191303
25250,0.1291039321503118
25251,0.14169009298386134
25252,0.20316176448798454
25253,0.06063619567024526
25254,0.16356085077675162
25255,0.2164090330520659
25256,0.13661918221360292
25257,0.09537656861273507
25258,0.14084508841519183
25259,0.14551774894390082
25260,0.23450148853486855
25261,0.24166966183542973
25262,0.17901248197884487
25263,0.14424402682646262
25264,0.12430837819767615
25265,0.13029243623282039
25266,0.13556546479833237
25267,0.14577765771679027
25268,0.12507569528255502
25269,0.21830756177162178
25270,0.127569201240078
25271,0.04411378221186139
25272,0.12080640770248748
25273,0.35232520333789497
25274,0.12177208925867977
25275,0.24395937382100819
25276,0.14066969774015925
25277,0.13596759332632846
25278,0.21956611006873095
25279,0.15338474868535668
25280,0.349430680990175
25281,0.22138328112361502
25282,0.16770601408084715
25283,0.19649444516562184
25284,0.21877634657022074
25285,0.1517453026052627
25286,0.151914376122346
25287,0.07122060829627808
25288,0.1341664922841738
25289,0.14099303613471434
25290,0.13663533268963568
25291,0.15756567014768452
25292,0.14424091710107265
25293,0.23062619688651265
25294,0.2671507372997748
25295,0.14520174678440537
25296,0.14103699550227097
25297,0.15430757811007145
25298,0.06079912469987281
25299,0.15681252886940758
25300,0.06367577706093099
25301,0.14596137915246432
25302,0.13498036683859865
25303,0.16415230742248352
25304,0.1586076527906829
25305,0.25681865437022294
25306,0.16183751860372073
25307,0.1330012496842812
25308,0.11841045266848772
25309,0.1391173983078062
25310,0.1354369751290985
25311,0.18667805243087757
25312,0.12978805254879108
25313,0.14457006272489772
25314,0.16524839883430156
25315,0.15940780615974848
25316,0.05806910740597909
25317,0.08536933470567643
25318,0.20927452596278065
25319,0.1326995984089231
25320,0.2075660385151045
25321,0.14078607101002757
25322,0.15212967563271187
25323,0.15478980647278118
25324,0.2314680484814523
25325,0.13348584101091576
25326,0.22131789795624038
25327,0.2204135019320951
25328,0.1683851882118104
25329,0.13498384978197694
25330,0.15551932829266055
25331,0.036246934676525296
25332,0.17818083703121557
25333,0.14007352458393285
25334,0.3452576899917781
25335,0.21298435630770543
25336,0.34407497882846244
25337,0.23644141171416092
25338,0.08913602541849223
25339,0.20958161319924604
25340,0.14584591317762227
25341,0.16517394182841072
25342,0.12164034750743302
25343,0.34707079106392874
25344,0.20836075433287382
25345,0.14577305116051859
25346,0.18397113570196433
25347,0.1684815269314065
25348,0.16252343147270013
25349,0.1445354465563742
25350,0.1589354545222288
25351,0.11852261628257227
25352,0.06302060842390904
25353,0.14172990486447806
25354,0.1473055026825816
25355,0.169876471437687
25356,0.12211317018545638
25357,0.05608994398114006
25358,0.24900572819905628
25359,0.35660497227794613
25360,0.13568196091367793
25361,0.148926319581604
25362,0.23245319859006708
25363,0.12697010934406552
25364,0.1240677355498578
25365,0.14772200009333283
25366,0.3331108032658099
25367,0.1587135837318128
25368,0.12025669911749477
25369,0.12995312855539143
25370,0.13053576120325852
25371,0.15880490510504422
25372,0.12788071028081313
25373,0.2385864718872084
25374,0.24921476147419744
25375,0.24394167585976548
25376,0.14197459011474292
25377,0.3714293822970461
25378,0.11576339782064765
25379,0.14055247352112196
25380,0.041425885523388495
25381,0.07594767885938271
25382,0.14451571393584983
25383,0.1594960166082541
25384,0.11463209629133193
25385,0.13175240738457508
25386,0.3493361423489206
25387,0.11432265589595542
25388,0.16499597277035274
25389,0.1220876885698781
25390,0.2537908498384704
25391,0.11226131321428952
25392,0.1370738556073613
25393,0.13032824048642191
25394,0.12506071128048274
25395,0.3350687074089043
25396,0.1424839440631682
25397,0.07044895307372383
25398,0.1510941385368074
25399,0.14304685085794253
25400,0.15557621141452901
25401,0.1621798280369354
25402,0.2198369248174521
25403,0.23254029881814653
25404,0.15205833952451175
25405,0.1318656270107382
25406,0.09421911275818372
25407,0.15810997309673946
25408,0.15199532876268
25409,0.16066699412526142
25410,0.2789277223639228
25411,0.1384501762052191
25412,0.35492760165152554
25413,0.14403907796173324
25414,0.22581877466919895
25415,0.16130274550962334
25416,0.14560958622699663
25417,0.15519241208003734
25418,0.23821635781945727
25419,0.12667843149010125
25420,0.12151148374585029
25421,0.12236700593483878
25422,0.2256168153821686
25423,0.4028698695632884
25424,0.16795673375964001
25425,0.1244110958460611
25426,0.24953283334977186
25427,0.1678798855090866
25428,0.1555325264093548
25429,0.24875746089446346
25430,0.11076358734341206
25431,0.17077978100832747
25432,0.1674489841951121
25433,0.16533227811986428
25434,0.14885153928339925
25435,0.0643458207671694
25436,0.1367526994759285
25437,0.19596952709675008
25438,0.16510752777459894
25439,0.12909678617074738
25440,0.23246615041974406
25441,0.1416687861263192
25442,0.153051493398079
25443,0.12166708566622363
25444,0.3545541634343872
25445,0.13453676451287744
25446,0.38082578377004356
25447,0.1118311203953987
25448,0.1393809100883282
25449,0.3563384139260684
25450,0.13418299984950433
25451,0.22649872444692712
25452,0.0626435787041519
25453,0.10746906467355193
25454,0.13660267666643988
25455,0.1345563311760023
25456,0.14470973085679184
25457,0.14157260755073994
25458,0.11594552137824567
25459,0.23957799701448282
25460,0.05908257367270747
25461,0.13758152132903725
25462,0.1516291670332128
25463,0.13838491642659614
25464,0.3408741137594351
25465,0.3403031257967153
25466,0.24602910847459702
25467,0.1370063557455694
25468,0.1508407006340805
25469,0.16274117207439823
25470,0.2287615264060062
25471,0.16890320018288132
25472,0.1222736910582622
25473,0.15142518976260613
25474,0.14059034905260212
25475,0.21311753958021806
25476,0.15164105158209654
25477,0.36319117795849915
25478,0.14206038299426363
25479,0.36694088089051685
25480,0.2601746741395912
25481,0.15092223835463225
25482,0.26187184091294374
25483,0.12476128484161712
25484,0.13822378460978726
25485,0.15118225645241842
25486,0.19543962743778756
25487,0.34249807195446785
25488,0.22798974796871285
25489,0.13237199476400793
25490,0.11522228362279578
25491,0.11781767431114132
25492,0.16078053804060585
25493,0.17053173938790445
25494,0.14631227558700952
25495,0.10101509989743897
25496,0.06769215005559262
25497,0.15871869072985048
25498,0.06213463245091764
25499,0.16061960416832802
25500,0.25897966509730247
25501,0.0863309808130725
25502,0.1501228087914838
25503,0.15486149927355294
25504,0.24153798698992687
25505,0.05560711971738263
25506,0.152205027462373
25507,0.05504938240310269
25508,0.12688586287529446
25509,0.12333799464147228
25510,0.17358431156603973
25511,0.14768319014205977
25512,0.35075168170840093
25513,0.22242846558679294
25514,0.1912248213447069
25515,0.14930387304807194
25516,0.16022625000442572
25517,0.05629401885106689
25518,0.1874054097504491
25519,0.15354528648374124
25520,0.13577501319355686
25521,0.13621385660394025
25522,0.13955327539667192
25523,0.21193777229878755
25524,0.14093165487109502
25525,0.13664443506999802
25526,0.057747208539040064
25527,0.12760292497949066
25528,0.20543436419113936
25529,0.1463302579689103
25530,0.06001089035638183
25531,0.12784267860786033
25532,0.12885739677464828
25533,0.12468002359875807
25534,0.1460643283764408
25535,0.33361300508924785
25536,0.21895904683068967
25537,0.26391346759335893
25538,0.12268113374521163
25539,0.17248689357793323
25540,0.13415998872051924
25541,0.11494137201211842
25542,0.16585578716149957
25543,0.13399672616895786
25544,0.1416992054624838
25545,0.168611407968303
25546,0.16451182216190288
25547,0.145026512758015
25548,0.11391107690852169
25549,0.06512635035513521
25550,0.1584862714352329
25551,0.11278697564002767
25552,0.14913774544387054
25553,0.35616288103598176
25554,0.06314044179528013
25555,0.07359308284686951
25556,0.1465466705437314
25557,0.1596239012143284
25558,0.13055039621751446
25559,0.1862331257034527
25560,0.14680881674790272
25561,0.06376761728447407
25562,0.16315266700178907
25563,0.12929765324143164
25564,0.10943997958620909
25565,0.1366716122913346
25566,0.1326683109135124
25567,0.12672565900894092
25568,0.1353464667582406
25569,0.14677728081660382
25570,0.1535676050121708
25571,0.25213288786559673
25572,0.15037805614343927
25573,0.207669522782955
25574,0.11743778226422481
25575,0.17191093944993374
25576,0.13191206657584564
25577,0.14283314579388137
25578,0.16967820385403465
25579,0.11606349517005811
25580,0.1801027453265407
25581,0.25798236590003
25582,0.1417654401971824
25583,0.11644540926402745
25584,0.16078398191738366
25585,0.14324116385939578
25586,0.21191679107779107
25587,0.20935777482476858
25588,0.2591096169794409
25589,0.15007516160870674
25590,0.13241084493071822
25591,0.14715589636047985
25592,0.12315361121286277
25593,0.15241799521307464
25594,0.15147343989648854
25595,0.07110588186771505
25596,0.14667058570516234
25597,0.04225680729212227
25598,0.23993214748608693
25599,0.1262912578941705
25600,0.1552602964902476
25601,0.12947662468746998
25602,0.16069288184520505
25603,0.2158811438779935
25604,0.16105959406564446
25605,0.08913464533596689
25606,0.14282585537308898
25607,0.11823458328875038
25608,0.2150953140418942
25609,0.11490147323979709
25610,0.14399027208046947
25611,0.10123915604246148
25612,0.14007696142846346
25613,0.16047306423795613
25614,0.2663869795802522
25615,0.12378909648383574
25616,0.12980804971416893
25617,0.16150762528898113
25618,0.34132093709776173
25619,0.22901466637742438
25620,0.24970690775620352
25621,0.1476414552160408
25622,0.15960077873412926
25623,0.14828665017078532
25624,0.1350466488764687
25625,0.1645839623171004
25626,0.14775206329524085
25627,0.36222378039177694
25628,0.055159542077559985
25629,0.050617994463754264
25630,0.15387980760382303
25631,0.26398092494219805
25632,0.13436209949833658
25633,0.12284862948081388
25634,0.13923457586892354
25635,0.12459897506575329
25636,0.16043456159446076
25637,0.05876983066769381
25638,0.1543181136721591
25639,0.12514391298975872
25640,0.16651367385597635
25641,0.1496558804627656
25642,0.12524279683178133
25643,0.1653886082334274
25644,0.22608264100154152
25645,0.12919599150679892
25646,0.16877247627757505
25647,0.153381173472853
25648,0.15647985441244933
25649,0.2022371347991222
25650,0.14195623424493162
25651,0.16869755014697094
25652,0.27556946282715405
25653,0.13261811297368023
25654,0.15254591251061003
25655,0.3517218350958027
25656,0.35590922524538043
25657,0.14640334101559302
25658,0.059882992205699176
25659,0.12036926474626769
25660,0.12871662278771634
25661,0.20602589849315525
25662,0.1338919994936015
25663,0.11903086947119774
25664,0.22656295519873448
25665,0.16790284343339001
25666,0.05826954229889344
25667,0.1219415776385276
25668,0.14445079940129632
25669,0.2255817350943378
25670,0.16558943439142929
25671,0.13813448286756935
25672,0.18000031112328832
25673,0.05269697952932521
25674,0.12009346710304208
25675,0.14528982854958536
25676,0.20137366260929582
25677,0.1270814823205135
25678,0.17115144832864126
25679,0.16247953737420384
25680,0.14155707965916545
25681,0.14850430731764663
25682,0.15484385119841884
25683,0.3885520210830737
25684,0.16658306662458452
25685,0.13751974566066302
25686,0.14642251125710568
25687,0.11515055711549048
25688,0.2633962491797259
25689,0.1738347519916742
25690,0.13365509182131763
25691,0.12931126002785578
25692,0.13019671846516642
25693,0.15694869035197498
25694,0.174598918320197
25695,0.14667689106396095
25696,0.134249417922062
25697,0.3581354333501247
25698,0.12675026436074036
25699,0.06411187325348526
25700,0.1437381658892832
25701,0.1531381644072419
25702,0.15372622528471105
25703,0.2368679147542755
25704,0.35794815018068044
25705,0.1391484451490623
25706,0.15372349812061684
25707,0.20755047463511725
25708,0.24187089478886672
25709,0.12889945969224123
25710,0.06454225643736727
25711,0.22177948100481013
25712,0.14196828351610077
25713,0.05736371343841623
25714,0.05870239314132806
25715,0.1766717943029862
25716,0.11617658714323674
25717,0.03727685058923439
25718,0.14838192632304134
25719,0.1938253565287601
25720,0.15061580509078057
25721,0.24944911783790577
25722,0.37221799035446973
25723,0.12881872795935415
25724,0.15497776544798578
25725,0.1442348966241171
25726,0.06034065518107168
25727,0.14362709672936258
25728,0.11989013739147496
25729,0.1290370339857191
25730,0.15616864590429813
25731,0.15546681130561626
25732,0.1667242039407406
25733,0.12258478297932447
25734,0.25905653710265275
25735,0.11583226315572313
25736,0.15518835340441214
25737,0.1438907791537423
25738,0.22081676583651463
25739,0.05893382280339349
25740,0.1266129540416173
25741,0.14715901945318877
25742,0.1296643928178635
25743,0.13822430609691047
25744,0.11714366640761631
25745,0.1059979624352187
25746,0.15888002474101703
25747,0.1268772673767782
25748,0.14794653659353765
25749,0.23834613436487215
25750,0.13951904220812897
25751,0.34494702319309134
25752,0.15154213516320925
25753,0.3487738723401861
25754,0.13537219155205846
25755,0.03807658491552076
25756,0.1745321456876895
25757,0.17386363329735469
25758,0.102419232786023
25759,0.21584032021996602
25760,0.13905409124625068
25761,0.12743505135746683
25762,0.10803310102108747
25763,0.13042834170143344
25764,0.12035166494064731
25765,0.13337572362235095
25766,0.13877677671359323
25767,0.3998147652553971
25768,0.12715486602242465
25769,0.15457517474948781
25770,0.05411006740128832
25771,0.2053256441733081
25772,0.11979121759098495
25773,0.1549761971737679
25774,0.3589099841977011
25775,0.15171804004568104
25776,0.11726603881058194
25777,0.2214726378369272
25778,0.19170002236289438
25779,0.15966318963506196
25780,0.22216140119792885
25781,0.14825198065817838
25782,0.12762650425476021
25783,0.16140023366464387
25784,0.15451483090932594
25785,0.0567470811797016
25786,0.13676333264516047
25787,0.13033930119109685
25788,0.3501848753256824
25789,0.13537025037032416
25790,0.136462799928835
25791,0.14575260166975515
25792,0.14591837280402567
25793,0.15803507422898563
25794,0.13551959754430917
25795,0.17759227897343513
25796,0.14792024740290352
25797,0.19518844289705342
25798,0.14784541062891188
25799,0.2362008086858841
25800,0.16688119905450008
25801,0.13684325082993073
25802,0.2337301331926888
25803,0.15421300354622108
25804,0.034599660536290516
25805,0.13007488845706752
25806,0.1342867304067484
25807,0.3588545456516492
25808,0.14348987655126144
25809,0.12229615842766818
25810,0.15050727568769637
25811,0.04492080550700908
25812,0.12588029918202284
25813,0.13053193343144132
25814,0.3393204841493773
25815,0.13042877026521188
25816,0.12912935690767283
25817,0.3636473908926307
25818,0.0711009996197524
25819,0.19379919390832198
25820,0.12924967582453073
25821,0.12375201059295261
25822,0.16296847173036852
25823,0.16094976214501389
25824,0.05460933592302921
25825,0.1574419277554894
25826,0.1427186462609434
25827,0.05562697158644877
25828,0.22296033477318825
25829,0.0763198652450347
25830,0.1337330295177913
25831,0.1402885811834078
25832,0.13835123057945078
25833,0.13655749831665412
25834,0.22210364483252087
25835,0.15132559723711356
25836,0.3318285020881278
25837,0.21091545548186832
25838,0.13560213940488416
25839,0.13837752266132947
25840,0.16951637282378154
25841,0.16603176583381118
25842,0.12710275761293202
25843,0.1291910746168737
25844,0.2049381556472911
25845,0.23594313876864206
25846,0.06591238032483944
25847,0.11502904320966145
25848,0.06890569624753828
25849,0.11263511917312152
25850,0.13359106310238875
25851,0.14658140663680339
25852,0.13353119854396023
25853,0.057313835896063946
25854,0.14393901146230825
25855,0.15400724409339148
25856,0.1412244802483893
25857,0.1807155780117192
25858,0.23221951620626777
25859,0.12011373784223212
25860,0.14087606790457788
25861,0.3576794744237482
25862,0.17251103318126768
25863,0.12184680935977393
25864,0.12427733845438309
25865,0.1404091964338555
25866,0.24125999107263454
25867,0.13641216926738142
25868,0.20601815664035195
25869,0.14718780258975547
25870,0.1713332457594828
25871,0.24741654759635745
25872,0.07165656291410426
25873,0.1355638863991967
25874,0.12773821509920177
25875,0.12545472996331225
25876,0.13044838417999155
25877,0.12715719003585427
25878,0.20879859754015584
25879,0.18029080482533452
25880,0.16400632930847767
25881,0.05337884771321565
25882,0.1690141452827224
25883,0.14622743185061673
25884,0.12707571075273394
25885,0.2222361294272428
25886,0.36550836307012835
25887,0.16889459398708162
25888,0.14552923101116003
25889,0.13587833760415355
25890,0.1474050042732143
25891,0.12198963541225398
25892,0.14816306654939393
25893,0.15049755791729771
25894,0.35932333528358956
25895,0.12472249766613237
25896,0.23819183203730818
25897,0.2580944822460483
25898,0.1453300728278156
25899,0.06733417136094541
25900,0.14246006571011283
25901,0.13501974512506318
25902,0.14036849615598493
25903,0.11667030895772713
25904,0.16044722092731573
25905,0.15303952463099316
25906,0.13758700134331903
25907,0.1312625739606393
25908,0.13936094515104797
25909,0.1414709465274195
25910,0.13403730620245632
25911,0.14970051121609082
25912,0.149140838360061
25913,0.22679476263208662
25914,0.14994572328713876
25915,0.13960407861913526
25916,0.14850858789915908
25917,0.15114554133907707
25918,0.13034940176570997
25919,0.06017769353884209
25920,0.12118180411241186
25921,0.1968562871877693
25922,0.15050817092636418
25923,0.12989139920811987
25924,0.23271439011512104
25925,0.1454548359305601
25926,0.1898104777903802
25927,0.15151834661402377
25928,0.2205574191583258
25929,0.12644406091925123
25930,0.1586020257821675
25931,0.127869093329818
25932,0.1508167044168065
25933,0.15837530239037478
25934,0.13154393411577747
25935,0.061746716341496595
25936,0.16550933246373542
25937,0.11585989935694796
25938,0.056388832185666475
25939,0.2308221635920709
25940,0.15756456696822882
25941,0.14553774622723806
25942,0.12755327206146685
25943,0.13174076359398448
25944,0.25389826560892875
25945,0.11725113409896697
25946,0.1395763453328672
25947,0.21026446075278574
25948,0.16141891134524172
25949,0.36179356761737885
25950,0.12870625187292734
25951,0.13962986770519417
25952,0.14846307694749325
25953,0.16358198245646635
25954,0.05477410516756507
25955,0.16059381003449766
25956,0.15573778422930762
25957,0.15573289884408856
25958,0.15362982607914819
25959,0.184764997359133
25960,0.13374897687291246
25961,0.1487618524687088
25962,0.21627932060763763
25963,0.12048181756006833
25964,0.1762953191327321
25965,0.1467056445256943
25966,0.13970024404685896
25967,0.1419953038794031
25968,0.13316107706310257
25969,0.12445622290684077
25970,0.1529957209319787
25971,0.062123676215180314
25972,0.27190691829290803
25973,0.06359563809979225
25974,0.14391654402809453
25975,0.14997405059379879
25976,0.143368443729466
25977,0.27202419046599785
25978,0.17539413968724873
25979,0.15004883862258697
25980,0.2157685637706618
25981,0.3627119457992139
25982,0.03446628403855789
25983,0.05642441899023672
25984,0.056195852797484874
25985,0.24001338055464175
25986,0.14317882382382172
25987,0.1295559991509784
25988,0.1336134456394147
25989,0.11311562702359901
25990,0.12300563530512709
25991,0.15832705206273323
25992,0.11186912456345248
25993,0.21943740197816006
25994,0.15872298931856632
25995,0.13132088285054902
25996,0.1477531067034538
25997,0.151016537225139
25998,0.13097582838807895
25999,0.1615765666916333
26000,0.15455030726032576
26001,0.11896473165184622
26002,0.13013111355686938
26003,0.1367659397565489
26004,0.1362338553282275
26005,0.1428587349556236
26006,0.16441035081402053
26007,0.12608534071508828
26008,0.18002722591532608
26009,0.14956110653547763
26010,0.1667611166800138
26011,0.06244734656035992
26012,0.1198820191362175
26013,0.1404176094311273
26014,0.131669611907399
26015,0.16352337886751364
26016,0.21112408439536134
26017,0.2259695936031744
26018,0.1575816976265715
26019,0.0554095861505177
26020,0.09111253038693583
26021,0.2076162012910581
26022,0.1576835785815689
26023,0.12018135205648946
26024,0.08451909835111761
26025,0.1559171691633626
26026,0.21612977153484494
26027,0.33226865116854576
26028,0.06148916373438539
26029,0.051509078910757046
26030,0.11501950312922084
26031,0.1463582614943681
26032,0.3805264887590669
26033,0.13389185268516965
26034,0.16795487493785677
26035,0.05922597413508781
26036,0.14600164774621516
26037,0.19964708290517263
26038,0.13625972374753745
26039,0.16327365053332632
26040,0.23122033487130547
26041,0.1504594970516166
26042,0.061364562686294616
26043,0.11706541531025687
26044,0.13222488025218673
26045,0.15078874119838986
26046,0.16656515932389168
26047,0.23981124002826568
26048,0.14056530876576678
26049,0.23429110136542466
26050,0.17716682189890823
26051,0.12683437472384598
26052,0.059900222565815314
26053,0.15306628000055605
26054,0.0622387181804605
26055,0.1583118296843231
26056,0.23557614846207672
26057,0.11865344051360806
26058,0.20969809207118292
26059,0.1465658671199251
26060,0.1605711341435114
26061,0.11489626283774539
26062,0.13757673841426618
26063,0.14683408126259098
26064,0.1421795593090235
26065,0.18683464101729774
26066,0.14406527910953795
26067,0.059251248039173136
26068,0.175177186312252
26069,0.15514449729006055
26070,0.2121742312387983
26071,0.12592598615196232
26072,0.14606251921251764
26073,0.16447494230075013
26074,0.16181328678521298
26075,0.1519814359196069
26076,0.1444349961591236
26077,0.2409070542566197
26078,0.32792361805199927
26079,0.1845964590494146
26080,0.17040743775646308
26081,0.16130743831802868
26082,0.11924978827142761
26083,0.14324633730865574
26084,0.11206431708074836
26085,0.12705376509171065
26086,0.12081921622029916
26087,0.12053859362211351
26088,0.11839576802871336
26089,0.1592336924496075
26090,0.1612191775833152
26091,0.1338170115825079
26092,0.26350686907905957
26093,0.1407867651272043
26094,0.14937617561497954
26095,0.06480999261264597
26096,0.14759206955162155
26097,0.35468411112783693
26098,0.3979227485239301
26099,0.14452789700106858
26100,0.13565541579164278
26101,0.07080652728742172
26102,0.14501241876248447
26103,0.21739162764068432
26104,0.34103805727864306
26105,0.0689320418009796
26106,0.055261502495080744
26107,0.16428102277915432
26108,0.06348278960347394
26109,0.16281952415181697
26110,0.1812235488362933
26111,0.12868638238076768
26112,0.13439731629866222
26113,0.13941342226070988
26114,0.15312571844463385
26115,0.11637903553855539
26116,0.12458221708595434
26117,0.1333001879573605
26118,0.15901095922923736
26119,0.1456891237321623
26120,0.3900203217201074
26121,0.13041622089828916
26122,0.14783201164261303
26123,0.14230913880225077
26124,0.22547195088590746
26125,0.1634662806757444
26126,0.13328874457807963
26127,0.11688047178026982
26128,0.06099742383247519
26129,0.12407260043932433
26130,0.031752135675114646
26131,0.1558855306259851
26132,0.0637491017766265
26133,0.2919572952191522
26134,0.12489384034349336
26135,0.1445597917669494
26136,0.13429909386173886
26137,0.13779392780073887
26138,0.13718979445010232
26139,0.1457482209053109
26140,0.24933625642809623
26141,0.06620540820456201
26142,0.25099115365905705
26143,0.1480171095479015
26144,0.17627504154012172
26145,0.1481697228328505
26146,0.1559326472108935
26147,0.04530952932704044
26148,0.15115904025711954
26149,0.14272727800518928
26150,0.06383013801152558
26151,0.1431104683133929
26152,0.1323196430771801
26153,0.11607719116441707
26154,0.21495212937022093
26155,0.15234037079443508
26156,0.1459907252022767
26157,0.15533886160444688
26158,0.06477312109807204
26159,0.14906340126228626
26160,0.14802464834049583
26161,0.2429648490773618
26162,0.1333677447272856
26163,0.1339097965712654
26164,0.24143769955853103
26165,0.15880166881086005
26166,0.15004271010224876
26167,0.11762948341216888
26168,0.18823754436328644
26169,0.07354928302624268
26170,0.15423427547736787
26171,0.1639973481207671
26172,0.21327945242963894
26173,0.13857905579093407
26174,0.36608533058570975
26175,0.06902385112581029
26176,0.1600814194628152
26177,0.34922855096949196
26178,0.07265366719581516
26179,0.145762693530908
26180,0.13827353647794796
26181,0.14239050881680168
26182,0.28500337902084355
26183,0.13653575161905487
26184,0.15121205652566247
26185,0.263658856985126
26186,0.1492934074815809
26187,0.1491955155138068
26188,0.15932380860696105
26189,0.06344409135728403
26190,0.18119850818566888
26191,0.14128812837096905
26192,0.12425204417913834
26193,0.14696174334539683
26194,0.1414545991940053
26195,0.08517416482432216
26196,0.05812307728077475
26197,0.13714097375732262
26198,0.16136316618651222
26199,0.1478315206854827
26200,0.23370611597430413
26201,0.11808809278936405
26202,0.2812873234395297
26203,0.22814935181764515
26204,0.13920181744475543
26205,0.2484494629936608
26206,0.13020029211638062
26207,0.18387046371558816
26208,0.36946111709701546
26209,0.23106222406900614
26210,0.15694307460004792
26211,0.3932663545306602
26212,0.06277126288671203
26213,0.22154526092794347
26214,0.38523442287638976
26215,0.17526794900725476
26216,0.15593070884979268
26217,0.15642720637995344
26218,0.1220907343538239
26219,0.1698360773771561
26220,0.14087301433366697
26221,0.14771433325694985
26222,0.14989502191973217
26223,0.13631290750884106
26224,0.1429294820764163
26225,0.1377279684127146
26226,0.13168665892586517
26227,0.16906945272045304
26228,0.145162723905606
26229,0.17470304938098039
26230,0.25993779997601124
26231,0.063491106331925
26232,0.14283455161271993
26233,0.17940491470867018
26234,0.12030314667265367
26235,0.2432939141975667
26236,0.12031150677295649
26237,0.12232022367851282
26238,0.14036679581277714
26239,0.2542468259469561
26240,0.12982402190391787
26241,0.1252724975875069
26242,0.11929261536526947
26243,0.14695461514037841
26244,0.14730049625691574
26245,0.14052410647551164
26246,0.15408817733445798
26247,0.14619624087091965
26248,0.14750937107998183
26249,0.28878237301470827
26250,0.1315412876535433
26251,0.2144833146497909
26252,0.13876159929443577
26253,0.16533454940518225
26254,0.16938511967731648
26255,0.17201108046748356
26256,0.24103053160165308
26257,0.12255828991929296
26258,0.22565236924978624
26259,0.3426525270536571
26260,0.14733173633667945
26261,0.16436850593333815
26262,0.1349021808393885
26263,0.16867537402951197
26264,0.1420796572819673
26265,0.14319897141189716
26266,0.1310490182333152
26267,0.17213657289140097
26268,0.1517208216935578
26269,0.1345496097897689
26270,0.14320279039245962
26271,0.22942201078849478
26272,0.19809063405659666
26273,0.16393320368485942
26274,0.13618149289156378
26275,0.11942970152219495
26276,0.15615873016786963
26277,0.18564880331941494
26278,0.14633644186427075
26279,0.13748134467922793
26280,0.16882558649795587
26281,0.06888620054305665
26282,0.15251019615274367
26283,0.2472976485615982
26284,0.1364036039560237
26285,0.2096693831872434
26286,0.05810329328401226
26287,0.1481075964990283
26288,0.21991742064102215
26289,0.14475239192738423
26290,0.1380189280037556
26291,0.1322488193758581
26292,0.172933674449505
26293,0.15958434159833326
26294,0.36211921989122436
26295,0.053869793225468365
26296,0.12880617563058827
26297,0.12360388301729532
26298,0.06664592011869064
26299,0.12182650562776583
26300,0.13579013733599518
26301,0.2020076059592625
26302,0.13316550307584746
26303,0.14133737214375788
26304,0.10931462876332859
26305,0.23020328810777588
26306,0.1391226820776761
26307,0.1335075787050588
26308,0.25308927930360037
26309,0.23595186984056257
26310,0.1790879953608221
26311,0.3792270575508308
26312,0.14607881959699134
26313,0.059784475775831736
26314,0.1282857794327007
26315,0.15777817127105617
26316,0.13543328516662367
26317,0.39108040855129
26318,0.15285946655689645
26319,0.15528773394066886
26320,0.13235497117973424
26321,0.14842213170793314
26322,0.1390809825496808
26323,0.16729239932249665
26324,0.15827872810556523
26325,0.17765421934605963
26326,0.03818038352423365
26327,0.06187443269223403
26328,0.1369799252638468
26329,0.1384473834180048
26330,0.1511818550724258
26331,0.3976895418583073
26332,0.16759583710780449
26333,0.06368418287018064
26334,0.15003488628918046
26335,0.20359712693310764
26336,0.17930862376506473
26337,0.1323989684542023
26338,0.1416908408269688
26339,0.14941046725082277
26340,0.033650737369148385
26341,0.05494713760384206
26342,0.3571834394495635
26343,0.13619708658905308
26344,0.1580173990440988
26345,0.14631606854020315
26346,0.15895753525628828
26347,0.1302776573879598
26348,0.1349342091207225
26349,0.12748527520326827
26350,0.20497142827737058
26351,0.16682550598412957
26352,0.17998412404792374
26353,0.06455199158117163
26354,0.03713113658829778
26355,0.16228774239868174
26356,0.14659903512008862
26357,0.11915103285637667
26358,0.134278343010561
26359,0.0283188266344755
26360,0.17258612665424644
26361,0.12136901589943712
26362,0.13322326376430418
26363,0.06074373927814333
26364,0.15886836513308833
26365,0.132269703143726
26366,0.129570108644885
26367,0.16120706390164882
26368,0.36554465013679566
26369,0.13795312211370916
26370,0.15794865083595874
26371,0.05360512753936423
26372,0.2507253380692403
26373,0.12035952238921688
26374,0.1409239102312054
26375,0.1447267184301286
26376,0.1376765516946832
26377,0.05551949861599189
26378,0.13045474911298488
26379,0.11980890101352759
26380,0.12932944413946407
26381,0.2560398700471644
26382,0.17018815592838343
26383,0.28572083890158423
26384,0.056721127487959495
26385,0.29038697392354734
26386,0.17816516325675524
26387,0.27338856171699333
26388,0.15272567723376385
26389,0.13497311893385736
26390,0.14135793089237866
26391,0.06030408699809897
26392,0.1329287173111967
26393,0.13526374831080687
26394,0.12960953734743078
26395,0.117410649084415
26396,0.15707311921282624
26397,0.12899772932071943
26398,0.13365850779861632
26399,0.17861975591269819
26400,0.05751798648830032
26401,0.16179626429058502
26402,0.2440827152606749
26403,0.15206597751679252
26404,0.13899147719622978
26405,0.05298034270863778
26406,0.21931224993220855
26407,0.13740399326235256
26408,0.16128568000626545
26409,0.151582046028096
26410,0.14083479317809133
26411,0.1485201392857541
26412,0.06228601315725976
26413,0.1574882662637585
26414,0.24097581222802722
26415,0.11289224811940236
26416,0.1502790694848056
26417,0.21286162030375375
26418,0.17218659222686716
26419,0.4069561240889667
26420,0.14151298056079262
26421,0.24971107701072104
26422,0.13748452842371914
26423,0.13962331434090489
26424,0.23193320990391064
26425,0.12277734041399606
26426,0.12855243928954066
26427,0.20219196830238428
26428,0.14686083881312464
26429,0.13958405932857956
26430,0.1626327890617226
26431,0.12909221327703796
26432,0.11527540447980207
26433,0.13319737890249447
26434,0.13038123015577072
26435,0.06338683072695821
26436,0.15901132506119073
26437,0.1518017835701916
26438,0.15281481170310318
26439,0.1443318050466491
26440,0.11640893328417316
26441,0.14941233470864881
26442,0.17497575606705848
26443,0.13329759159407284
26444,0.1418035251497561
26445,0.1291715775443662
26446,0.15228172545562288
26447,0.15779178106982872
26448,0.12435087504595105
26449,0.11336566692225884
26450,0.051218320066540014
26451,0.1662549307081084
26452,0.130667132776656
26453,0.26107354182634107
26454,0.11874066215539014
26455,0.04677783289227646
26456,0.24781439308689232
26457,0.14444206175914007
26458,0.15157298724916538
26459,0.23966948740729896
26460,0.12510064716775407
26461,0.1837945260703707
26462,0.14580978617378293
26463,0.3618975891043794
26464,0.13425153975859114
26465,0.13197409722935147
26466,0.22815333810195926
26467,0.23362166993155217
